ISO-10303-21;
HEADER;
/* Generated by software containing ST-Developer
 * from STEP Tools, Inc. (www.steptools.com) 
 */

FILE_DESCRIPTION(
/* description */ (''),
/* implementation_level */ '2;1');

FILE_NAME(
/* name */ 'Junction Box Modbay.stp',
/* time_stamp */ '2026-09-04T15:57:19-04:00',
/* author */ ('JoshuaEah'),
/* organization */ (''),
/* preprocessor_version */ 'ST-DEVELOPER v20.1',
/* originating_system */ 'Autodesk Inventor 2026',
/* authorisation */ '');

FILE_SCHEMA (('AUTOMOTIVE_DESIGN { 1 0 10303 214 3 1 1 }'));
ENDSEC;

DATA;
#10=MECHANICAL_DESIGN_GEOMETRIC_PRESENTATION_REPRESENTATION('',(#13),#3835);
#11=SHAPE_REPRESENTATION_RELATIONSHIP('SRR','None',#3846,#12);
#12=ADVANCED_BREP_SHAPE_REPRESENTATION('',(#14),#3834);
#13=STYLED_ITEM('',(#3855),#14);
#14=MANIFOLD_SOLID_BREP('Solid1',#2223);
#15=CYLINDRICAL_SURFACE('',#2299,0.106299212598425);
#16=CYLINDRICAL_SURFACE('',#2302,0.118110236220472);
#17=CYLINDRICAL_SURFACE('',#2327,0.106299212598425);
#18=CYLINDRICAL_SURFACE('',#2329,0.106299212598425);
#19=CYLINDRICAL_SURFACE('',#2379,0.118110236220472);
#20=CYLINDRICAL_SURFACE('',#2381,0.118110236220472);
#21=CYLINDRICAL_SURFACE('',#2383,0.0590551181102362);
#22=CYLINDRICAL_SURFACE('',#2384,0.0590551181102362);
#23=CYLINDRICAL_SURFACE('',#2387,0.0590551181102362);
#24=CYLINDRICAL_SURFACE('',#2389,0.0590551181102362);
#25=CYLINDRICAL_SURFACE('',#2393,0.04840551);
#26=CYLINDRICAL_SURFACE('',#2397,0.04840551);
#27=CYLINDRICAL_SURFACE('',#2401,0.04840551);
#28=CYLINDRICAL_SURFACE('',#2405,0.04840551);
#29=CYLINDRICAL_SURFACE('',#2407,0.118110236220472);
#30=CYLINDRICAL_SURFACE('',#2411,0.118110236220472);
#31=CYLINDRICAL_SURFACE('',#2427,0.118110236220472);
#32=CYLINDRICAL_SURFACE('',#2429,0.118110236220472);
#33=CYLINDRICAL_SURFACE('',#2431,0.118110236220472);
#34=CYLINDRICAL_SURFACE('',#2433,0.118110236220472);
#35=CYLINDRICAL_SURFACE('',#2435,0.118110236220473);
#36=CYLINDRICAL_SURFACE('',#2437,0.118110236220472);
#37=CYLINDRICAL_SURFACE('',#2439,0.118110236220472);
#38=CYLINDRICAL_SURFACE('',#2441,0.118110236220472);
#39=CYLINDRICAL_SURFACE('',#2443,0.118110236220472);
#40=CYLINDRICAL_SURFACE('',#2445,0.118110236220472);
#41=CYLINDRICAL_SURFACE('',#2452,0.04840551);
#42=CYLINDRICAL_SURFACE('',#2453,0.04840551);
#43=CYLINDRICAL_SURFACE('',#2454,0.04840551);
#44=CYLINDRICAL_SURFACE('',#2455,0.04840551);
#45=CYLINDRICAL_SURFACE('',#2456,0.0590551181102362);
#46=CYLINDRICAL_SURFACE('',#2460,0.0590551181102362);
#47=CYLINDRICAL_SURFACE('',#2463,0.0590551181102362);
#48=CYLINDRICAL_SURFACE('',#2465,0.0590551181102362);
#49=CYLINDRICAL_SURFACE('',#2466,0.118110236220472);
#50=CYLINDRICAL_SURFACE('',#2468,0.118110236220472);
#51=CYLINDRICAL_SURFACE('',#2470,0.125);
#52=CYLINDRICAL_SURFACE('',#2471,0.125);
#53=CYLINDRICAL_SURFACE('',#2472,0.04840551);
#54=CYLINDRICAL_SURFACE('',#2474,0.04840551);
#55=CYLINDRICAL_SURFACE('',#2476,0.06);
#56=CYLINDRICAL_SURFACE('',#2479,0.06);
#57=CYLINDRICAL_SURFACE('',#2482,0.06);
#58=CYLINDRICAL_SURFACE('',#2485,0.06);
#59=CONICAL_SURFACE('',#2261,0.0649606299212599,0.785398163397451);
#60=CONICAL_SURFACE('',#2264,0.112204724409449,0.785398163397455);
#61=CONICAL_SURFACE('',#2267,0.112204724409449,0.785398163397455);
#62=CONICAL_SURFACE('',#2270,0.0649606299212599,0.785398163397455);
#63=CONICAL_SURFACE('',#2272,0.0649606299212599,0.785398163397457);
#64=CONICAL_SURFACE('',#2275,0.112204724409449,0.785398163397455);
#65=CONICAL_SURFACE('',#2278,0.112204724409449,0.785398163397448);
#66=CONICAL_SURFACE('',#2281,0.0649606299212599,0.785398163397448);
#67=CONICAL_SURFACE('',#2284,0.112204724409449,0.785398163397454);
#68=CONICAL_SURFACE('',#2288,0.100393700787402,0.785398163397456);
#69=CONICAL_SURFACE('',#2292,0.100393700787401,0.785398163397456);
#70=CONICAL_SURFACE('',#2296,0.100393700787402,0.785398163397449);
#71=CONICAL_SURFACE('',#2312,0.112204724409449,0.785398163397449);
#72=CONICAL_SURFACE('',#2316,0.124015748031496,0.785398163397451);
#73=CONICAL_SURFACE('',#2319,0.112204724409449,0.785398163397456);
#74=CONICAL_SURFACE('',#2322,0.112204724409449,0.785398163397452);
#75=CONICAL_SURFACE('',#2348,0.0649606299212599,0.785398163397448);
#76=CONICAL_SURFACE('',#2350,0.0531496062992126,0.785398163397449);
#77=CONICAL_SURFACE('',#2353,0.0531496062992126,0.785398163397449);
#78=CONICAL_SURFACE('',#2355,0.06496062992126,0.785398163397458);
#79=CONICAL_SURFACE('',#2358,0.112204724409449,0.785398163397455);
#80=CONICAL_SURFACE('',#2361,0.112204724409449,0.785398163397456);
#81=CONICAL_SURFACE('',#2364,0.0649606299212599,0.785398163397456);
#82=CONICAL_SURFACE('',#2366,0.0531496062992125,0.785398163397456);
#83=CONICAL_SURFACE('',#2369,0.0531496062992125,0.785398163397455);
#84=CONICAL_SURFACE('',#2371,0.0649606299212599,0.785398163397452);
#85=CONICAL_SURFACE('',#2374,0.112204724409449,0.785398163397456);
#86=CONICAL_SURFACE('',#2377,0.112204724409449,0.785398163397448);
#87=CONICAL_SURFACE('',#2391,0.024202755,1.02974425867665);
#88=CONICAL_SURFACE('',#2395,0.024202755,1.02974425867665);
#89=CONICAL_SURFACE('',#2399,0.024202755,1.02974425867665);
#90=CONICAL_SURFACE('',#2403,0.024202755,1.02974425867665);
#91=FACE_BOUND('',#361,.T.);
#92=FACE_BOUND('',#362,.T.);
#93=FACE_BOUND('',#365,.T.);
#94=FACE_BOUND('',#366,.T.);
#95=FACE_BOUND('',#394,.T.);
#96=FACE_BOUND('',#395,.T.);
#97=FACE_BOUND('',#396,.T.);
#98=FACE_BOUND('',#410,.T.);
#99=FACE_BOUND('',#411,.T.);
#100=FACE_BOUND('',#412,.T.);
#101=FACE_BOUND('',#413,.T.);
#102=FACE_BOUND('',#414,.T.);
#103=FACE_BOUND('',#457,.T.);
#104=FACE_BOUND('',#458,.T.);
#105=FACE_BOUND('',#459,.T.);
#106=FACE_BOUND('',#460,.T.);
#107=FACE_BOUND('',#461,.T.);
#108=FACE_BOUND('',#475,.T.);
#109=FACE_BOUND('',#476,.T.);
#110=FACE_BOUND('',#483,.T.);
#111=FACE_BOUND('',#484,.T.);
#112=FACE_BOUND('',#508,.T.);
#113=FACE_BOUND('',#509,.T.);
#114=FACE_BOUND('',#510,.T.);
#115=CIRCLE('',#2247,0.0708661417322836);
#116=CIRCLE('',#2248,0.106299212598425);
#117=CIRCLE('',#2249,0.106299212598425);
#118=CIRCLE('',#2250,0.0708661417322836);
#119=CIRCLE('',#2251,0.04840551);
#120=CIRCLE('',#2252,0.04840551);
#121=CIRCLE('',#2255,0.0708661417322835);
#122=CIRCLE('',#2256,0.106299212598425);
#123=CIRCLE('',#2257,0.106299212598425);
#124=CIRCLE('',#2258,0.0708661417322837);
#125=CIRCLE('',#2259,0.04840551);
#126=CIRCLE('',#2260,0.04840551);
#127=CIRCLE('',#2262,0.0590551181102362);
#128=CIRCLE('',#2265,0.118110236220472);
#129=CIRCLE('',#2268,0.118110236220472);
#130=CIRCLE('',#2271,0.0590551181102362);
#131=CIRCLE('',#2273,0.0590551181102362);
#132=CIRCLE('',#2276,0.118110236220472);
#133=CIRCLE('',#2279,0.118110236220472);
#134=CIRCLE('',#2282,0.0590551181102362);
#135=CIRCLE('',#2285,0.118110236220472);
#136=CIRCLE('',#2286,0.106299212598425);
#137=CIRCLE('',#2289,0.106299212598425);
#138=CIRCLE('',#2290,0.0944881889763778);
#139=CIRCLE('',#2293,0.106299212598425);
#140=CIRCLE('',#2294,0.0944881889763778);
#141=CIRCLE('',#2297,0.106299212598425);
#142=CIRCLE('',#2298,0.094488188976378);
#143=CIRCLE('',#2300,0.106299212598425);
#144=CIRCLE('',#2303,0.118110236220472);
#145=CIRCLE('',#2306,0.04840551);
#146=CIRCLE('',#2307,0.04840551);
#147=CIRCLE('',#2308,0.06);
#148=CIRCLE('',#2309,0.06);
#149=CIRCLE('',#2310,0.06);
#150=CIRCLE('',#2311,0.06);
#151=CIRCLE('',#2313,0.106299212598425);
#152=CIRCLE('',#2314,0.118110236220472);
#153=CIRCLE('',#2317,0.12992125984252);
#154=CIRCLE('',#2320,0.118110236220473);
#155=CIRCLE('',#2323,0.106299212598425);
#156=CIRCLE('',#2324,0.118110236220473);
#157=CIRCLE('',#2331,0.0708661417322835);
#158=CIRCLE('',#2332,0.047244094488189);
#159=CIRCLE('',#2333,0.047244094488189);
#160=CIRCLE('',#2334,0.0708661417322837);
#161=CIRCLE('',#2335,0.106299212598425);
#162=CIRCLE('',#2336,0.106299212598425);
#163=CIRCLE('',#2337,0.0708661417322836);
#164=CIRCLE('',#2338,0.0472440944881888);
#165=CIRCLE('',#2339,0.0472440944881888);
#166=CIRCLE('',#2340,0.0708661417322836);
#167=CIRCLE('',#2341,0.106299212598425);
#168=CIRCLE('',#2342,0.106299212598425);
#169=CIRCLE('',#2343,0.04840551);
#170=CIRCLE('',#2344,0.04840551);
#171=CIRCLE('',#2345,0.04840551);
#172=CIRCLE('',#2346,0.04840551);
#173=CIRCLE('',#2349,0.0590551181102362);
#174=CIRCLE('',#2351,0.0590551181102362);
#175=CIRCLE('',#2354,0.0590551181102362);
#176=CIRCLE('',#2356,0.0590551181102362);
#177=CIRCLE('',#2359,0.118110236220472);
#178=CIRCLE('',#2362,0.118110236220472);
#179=CIRCLE('',#2365,0.0590551181102362);
#180=CIRCLE('',#2367,0.0590551181102362);
#181=CIRCLE('',#2370,0.0590551181102362);
#182=CIRCLE('',#2372,0.0590551181102362);
#183=CIRCLE('',#2375,0.118110236220472);
#184=CIRCLE('',#2378,0.118110236220472);
#185=CIRCLE('',#2385,0.0590551181102362);
#186=CIRCLE('',#2388,0.0590551181102362);
#187=CIRCLE('',#2392,0.04840551);
#188=CIRCLE('',#2394,0.04840551);
#189=CIRCLE('',#2396,0.04840551);
#190=CIRCLE('',#2398,0.04840551);
#191=CIRCLE('',#2400,0.04840551);
#192=CIRCLE('',#2402,0.04840551);
#193=CIRCLE('',#2404,0.04840551);
#194=CIRCLE('',#2406,0.04840551);
#195=CIRCLE('',#2408,0.118110236220472);
#196=CIRCLE('',#2409,0.118110236220472);
#197=CIRCLE('',#2412,0.118110236220472);
#198=CIRCLE('',#2413,0.118110236220472);
#199=CIRCLE('',#2415,0.0590551181102362);
#200=CIRCLE('',#2416,0.0590551181102362);
#201=CIRCLE('',#2417,0.118110236220472);
#202=CIRCLE('',#2418,0.118110236220472);
#203=CIRCLE('',#2419,0.118110236220472);
#204=CIRCLE('',#2420,0.118110236220472);
#205=CIRCLE('',#2421,0.118110236220472);
#206=CIRCLE('',#2422,0.118110236220473);
#207=CIRCLE('',#2423,0.118110236220472);
#208=CIRCLE('',#2424,0.118110236220472);
#209=CIRCLE('',#2425,0.118110236220472);
#210=CIRCLE('',#2426,0.118110236220472);
#211=CIRCLE('',#2428,0.118110236220472);
#212=CIRCLE('',#2430,0.118110236220472);
#213=CIRCLE('',#2432,0.118110236220472);
#214=CIRCLE('',#2434,0.118110236220472);
#215=CIRCLE('',#2436,0.118110236220473);
#216=CIRCLE('',#2438,0.118110236220472);
#217=CIRCLE('',#2440,0.118110236220472);
#218=CIRCLE('',#2442,0.118110236220472);
#219=CIRCLE('',#2444,0.118110236220472);
#220=CIRCLE('',#2446,0.118110236220472);
#221=CIRCLE('',#2450,0.125);
#222=CIRCLE('',#2451,0.125);
#223=CIRCLE('',#2458,0.125);
#224=CIRCLE('',#2459,0.125);
#225=CIRCLE('',#2473,0.04840551);
#226=CIRCLE('',#2475,0.04840551);
#227=CIRCLE('',#2477,0.06);
#228=CIRCLE('',#2480,0.06);
#229=CIRCLE('',#2483,0.06);
#230=CIRCLE('',#2486,0.06);
#231=FACE_OUTER_BOUND('',#359,.T.);
#232=FACE_OUTER_BOUND('',#360,.T.);
#233=FACE_OUTER_BOUND('',#363,.T.);
#234=FACE_OUTER_BOUND('',#364,.T.);
#235=FACE_OUTER_BOUND('',#367,.T.);
#236=FACE_OUTER_BOUND('',#368,.T.);
#237=FACE_OUTER_BOUND('',#369,.T.);
#238=FACE_OUTER_BOUND('',#370,.T.);
#239=FACE_OUTER_BOUND('',#371,.T.);
#240=FACE_OUTER_BOUND('',#372,.T.);
#241=FACE_OUTER_BOUND('',#373,.T.);
#242=FACE_OUTER_BOUND('',#374,.T.);
#243=FACE_OUTER_BOUND('',#375,.T.);
#244=FACE_OUTER_BOUND('',#376,.T.);
#245=FACE_OUTER_BOUND('',#377,.T.);
#246=FACE_OUTER_BOUND('',#378,.T.);
#247=FACE_OUTER_BOUND('',#379,.T.);
#248=FACE_OUTER_BOUND('',#380,.T.);
#249=FACE_OUTER_BOUND('',#381,.T.);
#250=FACE_OUTER_BOUND('',#382,.T.);
#251=FACE_OUTER_BOUND('',#383,.T.);
#252=FACE_OUTER_BOUND('',#384,.T.);
#253=FACE_OUTER_BOUND('',#385,.T.);
#254=FACE_OUTER_BOUND('',#386,.T.);
#255=FACE_OUTER_BOUND('',#387,.T.);
#256=FACE_OUTER_BOUND('',#388,.T.);
#257=FACE_OUTER_BOUND('',#389,.T.);
#258=FACE_OUTER_BOUND('',#390,.T.);
#259=FACE_OUTER_BOUND('',#391,.T.);
#260=FACE_OUTER_BOUND('',#392,.T.);
#261=FACE_OUTER_BOUND('',#393,.T.);
#262=FACE_OUTER_BOUND('',#397,.T.);
#263=FACE_OUTER_BOUND('',#398,.T.);
#264=FACE_OUTER_BOUND('',#399,.T.);
#265=FACE_OUTER_BOUND('',#400,.T.);
#266=FACE_OUTER_BOUND('',#401,.T.);
#267=FACE_OUTER_BOUND('',#402,.T.);
#268=FACE_OUTER_BOUND('',#403,.T.);
#269=FACE_OUTER_BOUND('',#404,.T.);
#270=FACE_OUTER_BOUND('',#405,.T.);
#271=FACE_OUTER_BOUND('',#406,.T.);
#272=FACE_OUTER_BOUND('',#407,.T.);
#273=FACE_OUTER_BOUND('',#408,.T.);
#274=FACE_OUTER_BOUND('',#409,.T.);
#275=FACE_OUTER_BOUND('',#415,.T.);
#276=FACE_OUTER_BOUND('',#416,.T.);
#277=FACE_OUTER_BOUND('',#417,.T.);
#278=FACE_OUTER_BOUND('',#418,.T.);
#279=FACE_OUTER_BOUND('',#419,.T.);
#280=FACE_OUTER_BOUND('',#420,.T.);
#281=FACE_OUTER_BOUND('',#421,.T.);
#282=FACE_OUTER_BOUND('',#422,.T.);
#283=FACE_OUTER_BOUND('',#423,.T.);
#284=FACE_OUTER_BOUND('',#424,.T.);
#285=FACE_OUTER_BOUND('',#425,.T.);
#286=FACE_OUTER_BOUND('',#426,.T.);
#287=FACE_OUTER_BOUND('',#427,.T.);
#288=FACE_OUTER_BOUND('',#428,.T.);
#289=FACE_OUTER_BOUND('',#429,.T.);
#290=FACE_OUTER_BOUND('',#430,.T.);
#291=FACE_OUTER_BOUND('',#431,.T.);
#292=FACE_OUTER_BOUND('',#432,.T.);
#293=FACE_OUTER_BOUND('',#433,.T.);
#294=FACE_OUTER_BOUND('',#434,.T.);
#295=FACE_OUTER_BOUND('',#435,.T.);
#296=FACE_OUTER_BOUND('',#436,.T.);
#297=FACE_OUTER_BOUND('',#437,.T.);
#298=FACE_OUTER_BOUND('',#438,.T.);
#299=FACE_OUTER_BOUND('',#439,.T.);
#300=FACE_OUTER_BOUND('',#440,.T.);
#301=FACE_OUTER_BOUND('',#441,.T.);
#302=FACE_OUTER_BOUND('',#442,.T.);
#303=FACE_OUTER_BOUND('',#443,.T.);
#304=FACE_OUTER_BOUND('',#444,.T.);
#305=FACE_OUTER_BOUND('',#445,.T.);
#306=FACE_OUTER_BOUND('',#446,.T.);
#307=FACE_OUTER_BOUND('',#447,.T.);
#308=FACE_OUTER_BOUND('',#448,.T.);
#309=FACE_OUTER_BOUND('',#449,.T.);
#310=FACE_OUTER_BOUND('',#450,.T.);
#311=FACE_OUTER_BOUND('',#451,.T.);
#312=FACE_OUTER_BOUND('',#452,.T.);
#313=FACE_OUTER_BOUND('',#453,.T.);
#314=FACE_OUTER_BOUND('',#454,.T.);
#315=FACE_OUTER_BOUND('',#455,.T.);
#316=FACE_OUTER_BOUND('',#456,.T.);
#317=FACE_OUTER_BOUND('',#462,.T.);
#318=FACE_OUTER_BOUND('',#463,.T.);
#319=FACE_OUTER_BOUND('',#464,.T.);
#320=FACE_OUTER_BOUND('',#465,.T.);
#321=FACE_OUTER_BOUND('',#466,.T.);
#322=FACE_OUTER_BOUND('',#467,.T.);
#323=FACE_OUTER_BOUND('',#468,.T.);
#324=FACE_OUTER_BOUND('',#469,.T.);
#325=FACE_OUTER_BOUND('',#470,.T.);
#326=FACE_OUTER_BOUND('',#471,.T.);
#327=FACE_OUTER_BOUND('',#472,.T.);
#328=FACE_OUTER_BOUND('',#473,.T.);
#329=FACE_OUTER_BOUND('',#474,.T.);
#330=FACE_OUTER_BOUND('',#477,.T.);
#331=FACE_OUTER_BOUND('',#478,.T.);
#332=FACE_OUTER_BOUND('',#479,.T.);
#333=FACE_OUTER_BOUND('',#480,.T.);
#334=FACE_OUTER_BOUND('',#481,.T.);
#335=FACE_OUTER_BOUND('',#482,.T.);
#336=FACE_OUTER_BOUND('',#485,.T.);
#337=FACE_OUTER_BOUND('',#486,.T.);
#338=FACE_OUTER_BOUND('',#487,.T.);
#339=FACE_OUTER_BOUND('',#488,.T.);
#340=FACE_OUTER_BOUND('',#489,.T.);
#341=FACE_OUTER_BOUND('',#490,.T.);
#342=FACE_OUTER_BOUND('',#491,.T.);
#343=FACE_OUTER_BOUND('',#492,.T.);
#344=FACE_OUTER_BOUND('',#493,.T.);
#345=FACE_OUTER_BOUND('',#494,.T.);
#346=FACE_OUTER_BOUND('',#495,.T.);
#347=FACE_OUTER_BOUND('',#496,.T.);
#348=FACE_OUTER_BOUND('',#497,.T.);
#349=FACE_OUTER_BOUND('',#498,.T.);
#350=FACE_OUTER_BOUND('',#499,.T.);
#351=FACE_OUTER_BOUND('',#500,.T.);
#352=FACE_OUTER_BOUND('',#501,.T.);
#353=FACE_OUTER_BOUND('',#502,.T.);
#354=FACE_OUTER_BOUND('',#503,.T.);
#355=FACE_OUTER_BOUND('',#504,.T.);
#356=FACE_OUTER_BOUND('',#505,.T.);
#357=FACE_OUTER_BOUND('',#506,.T.);
#358=FACE_OUTER_BOUND('',#507,.T.);
#359=EDGE_LOOP('',(#1411,#1412,#1413,#1414));
#360=EDGE_LOOP('',(#1415,#1416,#1417,#1418,#1419,#1420,#1421,#1422));
#361=EDGE_LOOP('',(#1423));
#362=EDGE_LOOP('',(#1424));
#363=EDGE_LOOP('',(#1425,#1426,#1427,#1428));
#364=EDGE_LOOP('',(#1429,#1430,#1431,#1432,#1433,#1434,#1435,#1436));
#365=EDGE_LOOP('',(#1437));
#366=EDGE_LOOP('',(#1438));
#367=EDGE_LOOP('',(#1439,#1440,#1441,#1442,#1443,#1444));
#368=EDGE_LOOP('',(#1445,#1446,#1447,#1448));
#369=EDGE_LOOP('',(#1449,#1450,#1451,#1452));
#370=EDGE_LOOP('',(#1453,#1454,#1455,#1456));
#371=EDGE_LOOP('',(#1457,#1458,#1459,#1460));
#372=EDGE_LOOP('',(#1461,#1462,#1463,#1464));
#373=EDGE_LOOP('',(#1465,#1466,#1467,#1468,#1469,#1470));
#374=EDGE_LOOP('',(#1471,#1472,#1473,#1474,#1475,#1476));
#375=EDGE_LOOP('',(#1477,#1478,#1479,#1480));
#376=EDGE_LOOP('',(#1481,#1482,#1483,#1484));
#377=EDGE_LOOP('',(#1485,#1486,#1487,#1488));
#378=EDGE_LOOP('',(#1489,#1490,#1491,#1492));
#379=EDGE_LOOP('',(#1493,#1494,#1495,#1496));
#380=EDGE_LOOP('',(#1497,#1498,#1499,#1500,#1501,#1502));
#381=EDGE_LOOP('',(#1503,#1504,#1505,#1506));
#382=EDGE_LOOP('',(#1507,#1508,#1509,#1510));
#383=EDGE_LOOP('',(#1511,#1512,#1513,#1514));
#384=EDGE_LOOP('',(#1515,#1516,#1517,#1518));
#385=EDGE_LOOP('',(#1519,#1520,#1521,#1522));
#386=EDGE_LOOP('',(#1523,#1524,#1525,#1526));
#387=EDGE_LOOP('',(#1527,#1528,#1529,#1530));
#388=EDGE_LOOP('',(#1531,#1532,#1533,#1534));
#389=EDGE_LOOP('',(#1535,#1536,#1537,#1538));
#390=EDGE_LOOP('',(#1539,#1540,#1541,#1542));
#391=EDGE_LOOP('',(#1543,#1544,#1545,#1546));
#392=EDGE_LOOP('',(#1547,#1548,#1549,#1550));
#393=EDGE_LOOP('',(#1551,#1552,#1553,#1554,#1555,#1556,#1557,#1558));
#394=EDGE_LOOP('',(#1559));
#395=EDGE_LOOP('',(#1560));
#396=EDGE_LOOP('',(#1561,#1562,#1563,#1564,#1565,#1566,#1567,#1568));
#397=EDGE_LOOP('',(#1569,#1570,#1571,#1572));
#398=EDGE_LOOP('',(#1573,#1574,#1575,#1576));
#399=EDGE_LOOP('',(#1577,#1578,#1579,#1580));
#400=EDGE_LOOP('',(#1581,#1582,#1583,#1584));
#401=EDGE_LOOP('',(#1585,#1586,#1587,#1588));
#402=EDGE_LOOP('',(#1589,#1590,#1591,#1592));
#403=EDGE_LOOP('',(#1593,#1594,#1595,#1596));
#404=EDGE_LOOP('',(#1597,#1598,#1599,#1600));
#405=EDGE_LOOP('',(#1601,#1602,#1603,#1604));
#406=EDGE_LOOP('',(#1605,#1606,#1607,#1608));
#407=EDGE_LOOP('',(#1609,#1610,#1611,#1612));
#408=EDGE_LOOP('',(#1613,#1614,#1615,#1616));
#409=EDGE_LOOP('',(#1617,#1618,#1619,#1620,#1621,#1622,#1623,#1624,#1625,
#1626,#1627,#1628,#1629,#1630,#1631,#1632,#1633,#1634,#1635,#1636));
#410=EDGE_LOOP('',(#1637));
#411=EDGE_LOOP('',(#1638));
#412=EDGE_LOOP('',(#1639));
#413=EDGE_LOOP('',(#1640));
#414=EDGE_LOOP('',(#1641,#1642,#1643,#1644,#1645,#1646,#1647,#1648));
#415=EDGE_LOOP('',(#1649,#1650,#1651,#1652));
#416=EDGE_LOOP('',(#1653,#1654,#1655,#1656));
#417=EDGE_LOOP('',(#1657,#1658,#1659,#1660));
#418=EDGE_LOOP('',(#1661,#1662,#1663,#1664));
#419=EDGE_LOOP('',(#1665,#1666,#1667,#1668));
#420=EDGE_LOOP('',(#1669,#1670,#1671,#1672));
#421=EDGE_LOOP('',(#1673,#1674,#1675,#1676));
#422=EDGE_LOOP('',(#1677,#1678,#1679,#1680));
#423=EDGE_LOOP('',(#1681,#1682,#1683,#1684));
#424=EDGE_LOOP('',(#1685,#1686,#1687,#1688));
#425=EDGE_LOOP('',(#1689,#1690,#1691,#1692));
#426=EDGE_LOOP('',(#1693,#1694,#1695,#1696));
#427=EDGE_LOOP('',(#1697,#1698,#1699,#1700));
#428=EDGE_LOOP('',(#1701,#1702,#1703,#1704));
#429=EDGE_LOOP('',(#1705,#1706,#1707,#1708));
#430=EDGE_LOOP('',(#1709,#1710,#1711,#1712));
#431=EDGE_LOOP('',(#1713,#1714,#1715,#1716));
#432=EDGE_LOOP('',(#1717,#1718,#1719,#1720));
#433=EDGE_LOOP('',(#1721,#1722,#1723,#1724));
#434=EDGE_LOOP('',(#1725,#1726,#1727,#1728));
#435=EDGE_LOOP('',(#1729,#1730,#1731,#1732));
#436=EDGE_LOOP('',(#1733,#1734,#1735,#1736));
#437=EDGE_LOOP('',(#1737,#1738,#1739,#1740));
#438=EDGE_LOOP('',(#1741,#1742,#1743,#1744));
#439=EDGE_LOOP('',(#1745,#1746,#1747,#1748));
#440=EDGE_LOOP('',(#1749,#1750,#1751,#1752,#1753));
#441=EDGE_LOOP('',(#1754,#1755,#1756,#1757));
#442=EDGE_LOOP('',(#1758,#1759,#1760,#1761,#1762));
#443=EDGE_LOOP('',(#1763,#1764,#1765,#1766));
#444=EDGE_LOOP('',(#1767,#1768,#1769,#1770));
#445=EDGE_LOOP('',(#1771,#1772,#1773));
#446=EDGE_LOOP('',(#1774,#1775,#1776,#1777));
#447=EDGE_LOOP('',(#1778,#1779,#1780));
#448=EDGE_LOOP('',(#1781,#1782,#1783,#1784));
#449=EDGE_LOOP('',(#1785,#1786,#1787));
#450=EDGE_LOOP('',(#1788,#1789,#1790,#1791));
#451=EDGE_LOOP('',(#1792,#1793,#1794));
#452=EDGE_LOOP('',(#1795,#1796,#1797,#1798));
#453=EDGE_LOOP('',(#1799,#1800,#1801,#1802));
#454=EDGE_LOOP('',(#1803,#1804,#1805,#1806));
#455=EDGE_LOOP('',(#1807,#1808,#1809,#1810));
#456=EDGE_LOOP('',(#1811,#1812,#1813,#1814,#1815,#1816,#1817,#1818));
#457=EDGE_LOOP('',(#1819));
#458=EDGE_LOOP('',(#1820));
#459=EDGE_LOOP('',(#1821));
#460=EDGE_LOOP('',(#1822));
#461=EDGE_LOOP('',(#1823,#1824,#1825,#1826,#1827,#1828,#1829,#1830,#1831,
#1832,#1833,#1834,#1835,#1836,#1837,#1838));
#462=EDGE_LOOP('',(#1839,#1840,#1841,#1842));
#463=EDGE_LOOP('',(#1843,#1844,#1845,#1846));
#464=EDGE_LOOP('',(#1847,#1848,#1849,#1850));
#465=EDGE_LOOP('',(#1851,#1852,#1853,#1854));
#466=EDGE_LOOP('',(#1855,#1856,#1857,#1858));
#467=EDGE_LOOP('',(#1859,#1860,#1861,#1862));
#468=EDGE_LOOP('',(#1863,#1864,#1865,#1866));
#469=EDGE_LOOP('',(#1867,#1868,#1869,#1870));
#470=EDGE_LOOP('',(#1871,#1872,#1873,#1874));
#471=EDGE_LOOP('',(#1875,#1876,#1877,#1878));
#472=EDGE_LOOP('',(#1879,#1880,#1881,#1882));
#473=EDGE_LOOP('',(#1883,#1884,#1885,#1886));
#474=EDGE_LOOP('',(#1887,#1888,#1889,#1890));
#475=EDGE_LOOP('',(#1891));
#476=EDGE_LOOP('',(#1892));
#477=EDGE_LOOP('',(#1893,#1894,#1895,#1896));
#478=EDGE_LOOP('',(#1897,#1898,#1899,#1900));
#479=EDGE_LOOP('',(#1901,#1902,#1903,#1904));
#480=EDGE_LOOP('',(#1905,#1906,#1907,#1908));
#481=EDGE_LOOP('',(#1909,#1910,#1911,#1912));
#482=EDGE_LOOP('',(#1913,#1914,#1915,#1916,#1917,#1918,#1919,#1920));
#483=EDGE_LOOP('',(#1921));
#484=EDGE_LOOP('',(#1922));
#485=EDGE_LOOP('',(#1923,#1924,#1925,#1926));
#486=EDGE_LOOP('',(#1927,#1928,#1929,#1930));
#487=EDGE_LOOP('',(#1931,#1932,#1933,#1934,#1935,#1936,#1937,#1938));
#488=EDGE_LOOP('',(#1939,#1940,#1941,#1942,#1943));
#489=EDGE_LOOP('',(#1944,#1945,#1946,#1947));
#490=EDGE_LOOP('',(#1948,#1949,#1950,#1951,#1952));
#491=EDGE_LOOP('',(#1953,#1954,#1955,#1956));
#492=EDGE_LOOP('',(#1957,#1958,#1959,#1960));
#493=EDGE_LOOP('',(#1961,#1962,#1963,#1964));
#494=EDGE_LOOP('',(#1965,#1966,#1967,#1968));
#495=EDGE_LOOP('',(#1969,#1970,#1971,#1972));
#496=EDGE_LOOP('',(#1973,#1974,#1975,#1976));
#497=EDGE_LOOP('',(#1977,#1978,#1979,#1980));
#498=EDGE_LOOP('',(#1981,#1982,#1983,#1984));
#499=EDGE_LOOP('',(#1985,#1986,#1987,#1988));
#500=EDGE_LOOP('',(#1989,#1990,#1991,#1992));
#501=EDGE_LOOP('',(#1993,#1994,#1995,#1996));
#502=EDGE_LOOP('',(#1997,#1998,#1999,#2000));
#503=EDGE_LOOP('',(#2001,#2002,#2003,#2004));
#504=EDGE_LOOP('',(#2005,#2006,#2007,#2008));
#505=EDGE_LOOP('',(#2009,#2010,#2011,#2012));
#506=EDGE_LOOP('',(#2013,#2014,#2015,#2016));
#507=EDGE_LOOP('',(#2017,#2018,#2019,#2020,#2021,#2022,#2023,#2024,#2025,
#2026,#2027,#2028,#2029,#2030,#2031,#2032));
#508=EDGE_LOOP('',(#2033));
#509=EDGE_LOOP('',(#2034));
#510=EDGE_LOOP('',(#2035,#2036,#2037,#2038,#2039,#2040,#2041,#2042));
#511=LINE('',#3175,#699);
#512=LINE('',#3180,#700);
#513=LINE('',#3185,#701);
#514=LINE('',#3189,#702);
#515=LINE('',#3193,#703);
#516=LINE('',#3206,#704);
#517=LINE('',#3211,#705);
#518=LINE('',#3216,#706);
#519=LINE('',#3220,#707);
#520=LINE('',#3224,#708);
#521=LINE('',#3240,#709);
#522=LINE('',#3244,#710);
#523=LINE('',#3245,#711);
#524=LINE('',#3248,#712);
#525=LINE('',#3252,#713);
#526=LINE('',#3253,#714);
#527=LINE('',#3256,#715);
#528=LINE('',#3260,#716);
#529=LINE('',#3261,#717);
#530=LINE('',#3282,#718);
#531=LINE('',#3286,#719);
#532=LINE('',#3287,#720);
#533=LINE('',#3290,#721);
#534=LINE('',#3294,#722);
#535=LINE('',#3295,#723);
#536=LINE('',#3298,#724);
#537=LINE('',#3302,#725);
#538=LINE('',#3303,#726);
#539=LINE('',#3317,#727);
#540=LINE('',#3319,#728);
#541=LINE('',#3321,#729);
#542=LINE('',#3322,#730);
#543=LINE('',#3327,#731);
#544=LINE('',#3332,#732);
#545=LINE('',#3333,#733);
#546=LINE('',#3334,#734);
#547=LINE('',#3339,#735);
#548=LINE('',#3344,#736);
#549=LINE('',#3345,#737);
#550=LINE('',#3346,#738);
#551=LINE('',#3351,#739);
#552=LINE('',#3356,#740);
#553=LINE('',#3357,#741);
#554=LINE('',#3358,#742);
#555=LINE('',#3364,#743);
#556=LINE('',#3367,#744);
#557=LINE('',#3370,#745);
#558=LINE('',#3371,#746);
#559=LINE('',#3374,#747);
#560=LINE('',#3378,#748);
#561=LINE('',#3379,#749);
#562=LINE('',#3387,#750);
#563=LINE('',#3391,#751);
#564=LINE('',#3395,#752);
#565=LINE('',#3399,#753);
#566=LINE('',#3403,#754);
#567=LINE('',#3407,#755);
#568=LINE('',#3411,#756);
#569=LINE('',#3412,#757);
#570=LINE('',#3415,#758);
#571=LINE('',#3419,#759);
#572=LINE('',#3420,#760);
#573=LINE('',#3423,#761);
#574=LINE('',#3428,#762);
#575=LINE('',#3429,#763);
#576=LINE('',#3430,#764);
#577=LINE('',#3434,#765);
#578=LINE('',#3438,#766);
#579=LINE('',#3439,#767);
#580=LINE('',#3441,#768);
#581=LINE('',#3443,#769);
#582=LINE('',#3445,#770);
#583=LINE('',#3450,#771);
#584=LINE('',#3456,#772);
#585=LINE('',#3462,#773);
#586=LINE('',#3466,#774);
#587=LINE('',#3470,#775);
#588=LINE('',#3476,#776);
#589=LINE('',#3482,#777);
#590=LINE('',#3486,#778);
#591=LINE('',#3498,#779);
#592=LINE('',#3500,#780);
#593=LINE('',#3501,#781);
#594=LINE('',#3505,#782);
#595=LINE('',#3509,#783);
#596=LINE('',#3512,#784);
#597=LINE('',#3513,#785);
#598=LINE('',#3517,#786);
#599=LINE('',#3521,#787);
#600=LINE('',#3524,#788);
#601=LINE('',#3525,#789);
#602=LINE('',#3529,#790);
#603=LINE('',#3532,#791);
#604=LINE('',#3533,#792);
#605=LINE('',#3537,#793);
#606=LINE('',#3540,#794);
#607=LINE('',#3541,#795);
#608=LINE('',#3545,#796);
#609=LINE('',#3549,#797);
#610=LINE('',#3552,#798);
#611=LINE('',#3553,#799);
#612=LINE('',#3557,#800);
#613=LINE('',#3561,#801);
#614=LINE('',#3564,#802);
#615=LINE('',#3565,#803);
#616=LINE('',#3569,#804);
#617=LINE('',#3572,#805);
#618=LINE('',#3573,#806);
#619=LINE('',#3577,#807);
#620=LINE('',#3578,#808);
#621=LINE('',#3580,#809);
#622=LINE('',#3582,#810);
#623=LINE('',#3584,#811);
#624=LINE('',#3586,#812);
#625=LINE('',#3589,#813);
#626=LINE('',#3592,#814);
#627=LINE('',#3595,#815);
#628=LINE('',#3596,#816);
#629=LINE('',#3598,#817);
#630=LINE('',#3600,#818);
#631=LINE('',#3603,#819);
#632=LINE('',#3605,#820);
#633=LINE('',#3610,#821);
#634=LINE('',#3614,#822);
#635=LINE('',#3619,#823);
#636=LINE('',#3623,#824);
#637=LINE('',#3628,#825);
#638=LINE('',#3632,#826);
#639=LINE('',#3637,#827);
#640=LINE('',#3641,#828);
#641=LINE('',#3647,#829);
#642=LINE('',#3650,#830);
#643=LINE('',#3653,#831);
#644=LINE('',#3655,#832);
#645=LINE('',#3656,#833);
#646=LINE('',#3661,#834);
#647=LINE('',#3665,#835);
#648=LINE('',#3669,#836);
#649=LINE('',#3672,#837);
#650=LINE('',#3676,#838);
#651=LINE('',#3684,#839);
#652=LINE('',#3692,#840);
#653=LINE('',#3702,#841);
#654=LINE('',#3703,#842);
#655=LINE('',#3706,#843);
#656=LINE('',#3712,#844);
#657=LINE('',#3713,#845);
#658=LINE('',#3716,#846);
#659=LINE('',#3722,#847);
#660=LINE('',#3723,#848);
#661=LINE('',#3726,#849);
#662=LINE('',#3731,#850);
#663=LINE('',#3735,#851);
#664=LINE('',#3739,#852);
#665=LINE('',#3743,#853);
#666=LINE('',#3745,#854);
#667=LINE('',#3747,#855);
#668=LINE('',#3753,#856);
#669=LINE('',#3755,#857);
#670=LINE('',#3757,#858);
#671=LINE('',#3759,#859);
#672=LINE('',#3761,#860);
#673=LINE('',#3762,#861);
#674=LINE('',#3764,#862);
#675=LINE('',#3770,#863);
#676=LINE('',#3771,#864);
#677=LINE('',#3773,#865);
#678=LINE('',#3775,#866);
#679=LINE('',#3777,#867);
#680=LINE('',#3779,#868);
#681=LINE('',#3782,#869);
#682=LINE('',#3784,#870);
#683=LINE('',#3788,#871);
#684=LINE('',#3790,#872);
#685=LINE('',#3794,#873);
#686=LINE('',#3798,#874);
#687=LINE('',#3803,#875);
#688=LINE('',#3804,#876);
#689=LINE('',#3807,#877);
#690=LINE('',#3808,#878);
#691=LINE('',#3813,#879);
#692=LINE('',#3814,#880);
#693=LINE('',#3816,#881);
#694=LINE('',#3821,#882);
#695=LINE('',#3822,#883);
#696=LINE('',#3824,#884);
#697=LINE('',#3828,#885);
#698=LINE('',#3830,#886);
#699=VECTOR('',#2493,0.393700787401575);
#700=VECTOR('',#2494,0.393700787401575);
#701=VECTOR('',#2499,0.393700787401575);
#702=VECTOR('',#2502,0.393700787401575);
#703=VECTOR('',#2505,0.393700787401575);
#704=VECTOR('',#2514,0.393700787401575);
#705=VECTOR('',#2515,0.393700787401575);
#706=VECTOR('',#2520,0.393700787401575);
#707=VECTOR('',#2523,0.393700787401575);
#708=VECTOR('',#2526,0.393700787401575);
#709=VECTOR('',#2535,0.393700787401575);
#710=VECTOR('',#2540,0.393700787401575);
#711=VECTOR('',#2541,0.393700787401575);
#712=VECTOR('',#2544,0.393700787401575);
#713=VECTOR('',#2549,0.393700787401575);
#714=VECTOR('',#2550,0.393700787401575);
#715=VECTOR('',#2553,0.393700787401575);
#716=VECTOR('',#2558,0.393700787401575);
#717=VECTOR('',#2559,0.393700787401575);
#718=VECTOR('',#2566,0.393700787401575);
#719=VECTOR('',#2571,0.393700787401575);
#720=VECTOR('',#2572,0.393700787401575);
#721=VECTOR('',#2575,0.393700787401575);
#722=VECTOR('',#2580,0.393700787401575);
#723=VECTOR('',#2581,0.393700787401575);
#724=VECTOR('',#2584,0.393700787401575);
#725=VECTOR('',#2589,0.393700787401575);
#726=VECTOR('',#2590,0.393700787401575);
#727=VECTOR('',#2597,0.393700787401575);
#728=VECTOR('',#2598,0.393700787401575);
#729=VECTOR('',#2599,0.393700787401575);
#730=VECTOR('',#2600,0.393700787401575);
#731=VECTOR('',#2605,0.393700787401575);
#732=VECTOR('',#2610,0.393700787401575);
#733=VECTOR('',#2611,0.393700787401575);
#734=VECTOR('',#2612,0.393700787401575);
#735=VECTOR('',#2617,0.393700787401575);
#736=VECTOR('',#2622,0.393700787401575);
#737=VECTOR('',#2623,0.393700787401575);
#738=VECTOR('',#2624,0.393700787401575);
#739=VECTOR('',#2629,0.393700787401575);
#740=VECTOR('',#2634,0.393700787401575);
#741=VECTOR('',#2635,0.393700787401575);
#742=VECTOR('',#2636,0.393700787401575);
#743=VECTOR('',#2645,0.393700787401575);
#744=VECTOR('',#2648,0.393700787401575);
#745=VECTOR('',#2651,0.393700787401575);
#746=VECTOR('',#2652,0.393700787401575);
#747=VECTOR('',#2655,0.393700787401575);
#748=VECTOR('',#2660,0.393700787401575);
#749=VECTOR('',#2661,0.393700787401575);
#750=VECTOR('',#2668,0.393700787401575);
#751=VECTOR('',#2671,0.393700787401575);
#752=VECTOR('',#2674,0.393700787401575);
#753=VECTOR('',#2677,0.393700787401575);
#754=VECTOR('',#2682,0.393700787401575);
#755=VECTOR('',#2685,0.393700787401575);
#756=VECTOR('',#2690,0.393700787401575);
#757=VECTOR('',#2691,0.393700787401575);
#758=VECTOR('',#2694,0.393700787401575);
#759=VECTOR('',#2699,0.393700787401575);
#760=VECTOR('',#2700,0.393700787401575);
#761=VECTOR('',#2703,0.393700787401575);
#762=VECTOR('',#2708,0.393700787401575);
#763=VECTOR('',#2709,0.393700787401575);
#764=VECTOR('',#2710,0.393700787401575);
#765=VECTOR('',#2713,0.393700787401575);
#766=VECTOR('',#2720,0.393700787401575);
#767=VECTOR('',#2721,0.393700787401575);
#768=VECTOR('',#2724,0.393700787401575);
#769=VECTOR('',#2727,0.393700787401575);
#770=VECTOR('',#2730,0.393700787401575);
#771=VECTOR('',#2735,0.393700787401575);
#772=VECTOR('',#2740,0.393700787401575);
#773=VECTOR('',#2745,0.393700787401575);
#774=VECTOR('',#2748,0.393700787401575);
#775=VECTOR('',#2751,0.393700787401575);
#776=VECTOR('',#2756,0.393700787401575);
#777=VECTOR('',#2761,0.393700787401575);
#778=VECTOR('',#2764,0.393700787401575);
#779=VECTOR('',#2777,0.393700787401575);
#780=VECTOR('',#2778,0.393700787401575);
#781=VECTOR('',#2779,0.393700787401575);
#782=VECTOR('',#2784,0.393700787401575);
#783=VECTOR('',#2789,0.393700787401575);
#784=VECTOR('',#2792,0.393700787401575);
#785=VECTOR('',#2793,0.393700787401575);
#786=VECTOR('',#2798,0.393700787401575);
#787=VECTOR('',#2803,0.393700787401575);
#788=VECTOR('',#2806,0.393700787401575);
#789=VECTOR('',#2807,0.393700787401575);
#790=VECTOR('',#2812,0.393700787401575);
#791=VECTOR('',#2815,0.393700787401575);
#792=VECTOR('',#2816,0.393700787401575);
#793=VECTOR('',#2821,0.393700787401575);
#794=VECTOR('',#2824,0.393700787401575);
#795=VECTOR('',#2825,0.393700787401575);
#796=VECTOR('',#2830,0.393700787401575);
#797=VECTOR('',#2835,0.393700787401575);
#798=VECTOR('',#2838,0.393700787401575);
#799=VECTOR('',#2839,0.393700787401575);
#800=VECTOR('',#2844,0.393700787401575);
#801=VECTOR('',#2849,0.393700787401575);
#802=VECTOR('',#2852,0.393700787401575);
#803=VECTOR('',#2853,0.393700787401575);
#804=VECTOR('',#2858,0.393700787401575);
#805=VECTOR('',#2861,0.393700787401575);
#806=VECTOR('',#2862,0.393700787401575);
#807=VECTOR('',#2869,0.393700787401575);
#808=VECTOR('',#2870,0.393700787401575);
#809=VECTOR('',#2873,0.393700787401575);
#810=VECTOR('',#2876,0.393700787401575);
#811=VECTOR('',#2879,0.393700787401575);
#812=VECTOR('',#2882,0.393700787401575);
#813=VECTOR('',#2885,0.393700787401575);
#814=VECTOR('',#2888,0.393700787401575);
#815=VECTOR('',#2891,0.393700787401575);
#816=VECTOR('',#2892,0.393700787401575);
#817=VECTOR('',#2895,0.393700787401575);
#818=VECTOR('',#2896,0.393700787401575);
#819=VECTOR('',#2901,0.393700787401575);
#820=VECTOR('',#2904,0.393700787401575);
#821=VECTOR('',#2909,0.024202755);
#822=VECTOR('',#2914,0.04840551);
#823=VECTOR('',#2919,0.024202755);
#824=VECTOR('',#2924,0.04840551);
#825=VECTOR('',#2929,0.024202755);
#826=VECTOR('',#2934,0.04840551);
#827=VECTOR('',#2939,0.024202755);
#828=VECTOR('',#2944,0.04840551);
#829=VECTOR('',#2949,0.118110236220472);
#830=VECTOR('',#2952,0.118110236220472);
#831=VECTOR('',#2955,0.393700787401575);
#832=VECTOR('',#2956,0.393700787401575);
#833=VECTOR('',#2957,0.393700787401575);
#834=VECTOR('',#2962,0.118110236220472);
#835=VECTOR('',#2967,0.393700787401575);
#836=VECTOR('',#2970,0.393700787401575);
#837=VECTOR('',#2973,0.393700787401575);
#838=VECTOR('',#2976,0.393700787401575);
#839=VECTOR('',#2983,0.393700787401575);
#840=VECTOR('',#2990,0.393700787401575);
#841=VECTOR('',#3001,0.118110236220472);
#842=VECTOR('',#3002,0.118110236220472);
#843=VECTOR('',#3005,0.393700787401575);
#844=VECTOR('',#3012,0.118110236220472);
#845=VECTOR('',#3013,0.118110236220472);
#846=VECTOR('',#3016,0.393700787401575);
#847=VECTOR('',#3023,0.118110236220473);
#848=VECTOR('',#3024,0.118110236220473);
#849=VECTOR('',#3027,0.393700787401575);
#850=VECTOR('',#3034,0.393700787401575);
#851=VECTOR('',#3039,0.393700787401575);
#852=VECTOR('',#3044,0.393700787401575);
#853=VECTOR('',#3051,0.393700787401575);
#854=VECTOR('',#3054,0.393700787401575);
#855=VECTOR('',#3057,0.393700787401575);
#856=VECTOR('',#3064,0.04840551);
#857=VECTOR('',#3067,0.04840551);
#858=VECTOR('',#3070,0.04840551);
#859=VECTOR('',#3073,0.04840551);
#860=VECTOR('',#3076,0.393700787401575);
#861=VECTOR('',#3077,0.393700787401575);
#862=VECTOR('',#3080,0.393700787401575);
#863=VECTOR('',#3087,0.393700787401575);
#864=VECTOR('',#3088,0.393700787401575);
#865=VECTOR('',#3091,0.393700787401575);
#866=VECTOR('',#3094,0.393700787401575);
#867=VECTOR('',#3097,0.393700787401575);
#868=VECTOR('',#3100,0.393700787401575);
#869=VECTOR('',#3105,0.393700787401575);
#870=VECTOR('',#3108,0.393700787401575);
#871=VECTOR('',#3115,0.125);
#872=VECTOR('',#3118,0.125);
#873=VECTOR('',#3123,0.04840551);
#874=VECTOR('',#3128,0.04840551);
#875=VECTOR('',#3133,0.393700787401575);
#876=VECTOR('',#3134,0.393700787401575);
#877=VECTOR('',#3137,0.393700787401575);
#878=VECTOR('',#3138,0.393700787401575);
#879=VECTOR('',#3143,0.393700787401575);
#880=VECTOR('',#3144,0.393700787401575);
#881=VECTOR('',#3147,0.393700787401575);
#882=VECTOR('',#3152,0.393700787401575);
#883=VECTOR('',#3153,0.393700787401575);
#884=VECTOR('',#3156,0.393700787401575);
#885=VECTOR('',#3161,0.393700787401575);
#886=VECTOR('',#3164,0.393700787401575);
#887=(
BOUNDED_CURVE()
B_SPLINE_CURVE(2,(#3171,#3172,#3173),.UNSPECIFIED.,.F.,.F.)
B_SPLINE_CURVE_WITH_KNOTS((3,3),(0.,0.0443176470799657),.UNSPECIFIED.)
CURVE()
GEOMETRIC_REPRESENTATION_ITEM()
RATIONAL_B_SPLINE_CURVE((1.,1.,1.))
REPRESENTATION_ITEM('')
);
#888=(
BOUNDED_CURVE()
B_SPLINE_CURVE(2,(#3177,#3178,#3179),.UNSPECIFIED.,.F.,.F.)
B_SPLINE_CURVE_WITH_KNOTS((3,3),(0.,0.0443176470799648),.UNSPECIFIED.)
CURVE()
GEOMETRIC_REPRESENTATION_ITEM()
RATIONAL_B_SPLINE_CURVE((1.,1.,1.))
REPRESENTATION_ITEM('')
);
#889=(
BOUNDED_CURVE()
B_SPLINE_CURVE(2,(#3202,#3203,#3204),.UNSPECIFIED.,.F.,.F.)
B_SPLINE_CURVE_WITH_KNOTS((3,3),(0.,0.0443176470799644),.UNSPECIFIED.)
CURVE()
GEOMETRIC_REPRESENTATION_ITEM()
RATIONAL_B_SPLINE_CURVE((1.,1.,1.))
REPRESENTATION_ITEM('')
);
#890=(
BOUNDED_CURVE()
B_SPLINE_CURVE(2,(#3208,#3209,#3210),.UNSPECIFIED.,.F.,.F.)
B_SPLINE_CURVE_WITH_KNOTS((3,3),(0.,0.044317647079965),.UNSPECIFIED.)
CURVE()
GEOMETRIC_REPRESENTATION_ITEM()
RATIONAL_B_SPLINE_CURVE((1.,1.,1.))
REPRESENTATION_ITEM('')
);
#891=(
BOUNDED_CURVE()
B_SPLINE_CURVE(2,(#3233,#3234,#3235),.UNSPECIFIED.,.F.,.F.)
B_SPLINE_CURVE_WITH_KNOTS((3,3),(0.077392343347009,0.207846096908264),
 .UNSPECIFIED.)
CURVE()
GEOMETRIC_REPRESENTATION_ITEM()
RATIONAL_B_SPLINE_CURVE((1.18181818181792,1.30000000000002,1.30000000000002))
REPRESENTATION_ITEM('')
);
#892=(
BOUNDED_CURVE()
B_SPLINE_CURVE(2,(#3236,#3237,#3238),.UNSPECIFIED.,.F.,.F.)
B_SPLINE_CURVE_WITH_KNOTS((3,3),(-0.077392343347009,-0.0312108795817086),
 .UNSPECIFIED.)
CURVE()
GEOMETRIC_REPRESENTATION_ITEM()
RATIONAL_B_SPLINE_CURVE((1.18181818181792,1.13998106172669,1.08333333333334))
REPRESENTATION_ITEM('')
);
#893=(
BOUNDED_CURVE()
B_SPLINE_CURVE(2,(#3265,#3266,#3267),.UNSPECIFIED.,.F.,.F.)
B_SPLINE_CURVE_WITH_KNOTS((3,3),(0.462839261945934,0.667484512118028),
 .UNSPECIFIED.)
CURVE()
GEOMETRIC_REPRESENTATION_ITEM()
RATIONAL_B_SPLINE_CURVE((1.86920155666306,1.86920155666306,1.69927414242096))
REPRESENTATION_ITEM('')
);
#894=(
BOUNDED_CURVE()
B_SPLINE_CURVE(2,(#3269,#3270,#3271),.UNSPECIFIED.,.F.,.F.)
B_SPLINE_CURVE_WITH_KNOTS((3,3),(-0.739930240566673,-0.667484512118028),
 .UNSPECIFIED.)
CURVE()
GEOMETRIC_REPRESENTATION_ITEM()
RATIONAL_B_SPLINE_CURVE((1.55766796388587,1.63911875011251,1.69927414242096))
REPRESENTATION_ITEM('')
);
#895=(
BOUNDED_CURVE()
B_SPLINE_CURVE(2,(#3275,#3276,#3277),.UNSPECIFIED.,.F.,.F.)
B_SPLINE_CURVE_WITH_KNOTS((3,3),(0.0773923433470111,0.207846096908266),
 .UNSPECIFIED.)
CURVE()
GEOMETRIC_REPRESENTATION_ITEM()
RATIONAL_B_SPLINE_CURVE((1.18181818181792,1.30000000000001,1.30000000000001))
REPRESENTATION_ITEM('')
);
#896=(
BOUNDED_CURVE()
B_SPLINE_CURVE(2,(#3278,#3279,#3280),.UNSPECIFIED.,.F.,.F.)
B_SPLINE_CURVE_WITH_KNOTS((3,3),(-0.0773923433470111,-0.0312108795817095),
 .UNSPECIFIED.)
CURVE()
GEOMETRIC_REPRESENTATION_ITEM()
RATIONAL_B_SPLINE_CURVE((1.18181818181792,1.13998106172669,1.08333333333334))
REPRESENTATION_ITEM('')
);
#897=(
BOUNDED_CURVE()
B_SPLINE_CURVE(2,(#3307,#3308,#3309),.UNSPECIFIED.,.F.,.F.)
B_SPLINE_CURVE_WITH_KNOTS((3,3),(0.462839261945933,0.667484512118025),
 .UNSPECIFIED.)
CURVE()
GEOMETRIC_REPRESENTATION_ITEM()
RATIONAL_B_SPLINE_CURVE((1.86920155666303,1.86920155666303,1.69927414242094))
REPRESENTATION_ITEM('')
);
#898=(
BOUNDED_CURVE()
B_SPLINE_CURVE(2,(#3311,#3312,#3313),.UNSPECIFIED.,.F.,.F.)
B_SPLINE_CURVE_WITH_KNOTS((3,3),(-0.739930240566667,-0.667484512118025),
 .UNSPECIFIED.)
CURVE()
GEOMETRIC_REPRESENTATION_ITEM()
RATIONAL_B_SPLINE_CURVE((1.55766796388586,1.63911875011249,1.69927414242094))
REPRESENTATION_ITEM('')
);
#899=VERTEX_POINT('',#3169);
#900=VERTEX_POINT('',#3170);
#901=VERTEX_POINT('',#3174);
#902=VERTEX_POINT('',#3176);
#903=VERTEX_POINT('',#3182);
#904=VERTEX_POINT('',#3184);
#905=VERTEX_POINT('',#3186);
#906=VERTEX_POINT('',#3188);
#907=VERTEX_POINT('',#3190);
#908=VERTEX_POINT('',#3192);
#909=VERTEX_POINT('',#3195);
#910=VERTEX_POINT('',#3197);
#911=VERTEX_POINT('',#3200);
#912=VERTEX_POINT('',#3201);
#913=VERTEX_POINT('',#3205);
#914=VERTEX_POINT('',#3207);
#915=VERTEX_POINT('',#3213);
#916=VERTEX_POINT('',#3215);
#917=VERTEX_POINT('',#3217);
#918=VERTEX_POINT('',#3219);
#919=VERTEX_POINT('',#3221);
#920=VERTEX_POINT('',#3223);
#921=VERTEX_POINT('',#3226);
#922=VERTEX_POINT('',#3228);
#923=VERTEX_POINT('',#3231);
#924=VERTEX_POINT('',#3232);
#925=VERTEX_POINT('',#3239);
#926=VERTEX_POINT('',#3243);
#927=VERTEX_POINT('',#3247);
#928=VERTEX_POINT('',#3251);
#929=VERTEX_POINT('',#3255);
#930=VERTEX_POINT('',#3259);
#931=VERTEX_POINT('',#3263);
#932=VERTEX_POINT('',#3264);
#933=VERTEX_POINT('',#3273);
#934=VERTEX_POINT('',#3274);
#935=VERTEX_POINT('',#3281);
#936=VERTEX_POINT('',#3285);
#937=VERTEX_POINT('',#3289);
#938=VERTEX_POINT('',#3293);
#939=VERTEX_POINT('',#3297);
#940=VERTEX_POINT('',#3301);
#941=VERTEX_POINT('',#3305);
#942=VERTEX_POINT('',#3306);
#943=VERTEX_POINT('',#3315);
#944=VERTEX_POINT('',#3316);
#945=VERTEX_POINT('',#3318);
#946=VERTEX_POINT('',#3320);
#947=VERTEX_POINT('',#3324);
#948=VERTEX_POINT('',#3326);
#949=VERTEX_POINT('',#3330);
#950=VERTEX_POINT('',#3331);
#951=VERTEX_POINT('',#3336);
#952=VERTEX_POINT('',#3338);
#953=VERTEX_POINT('',#3342);
#954=VERTEX_POINT('',#3343);
#955=VERTEX_POINT('',#3348);
#956=VERTEX_POINT('',#3350);
#957=VERTEX_POINT('',#3354);
#958=VERTEX_POINT('',#3355);
#959=VERTEX_POINT('',#3363);
#960=VERTEX_POINT('',#3365);
#961=VERTEX_POINT('',#3369);
#962=VERTEX_POINT('',#3373);
#963=VERTEX_POINT('',#3377);
#964=VERTEX_POINT('',#3381);
#965=VERTEX_POINT('',#3383);
#966=VERTEX_POINT('',#3385);
#967=VERTEX_POINT('',#3386);
#968=VERTEX_POINT('',#3388);
#969=VERTEX_POINT('',#3390);
#970=VERTEX_POINT('',#3392);
#971=VERTEX_POINT('',#3394);
#972=VERTEX_POINT('',#3396);
#973=VERTEX_POINT('',#3398);
#974=VERTEX_POINT('',#3402);
#975=VERTEX_POINT('',#3404);
#976=VERTEX_POINT('',#3406);
#977=VERTEX_POINT('',#3410);
#978=VERTEX_POINT('',#3414);
#979=VERTEX_POINT('',#3418);
#980=VERTEX_POINT('',#3422);
#981=VERTEX_POINT('',#3426);
#982=VERTEX_POINT('',#3427);
#983=VERTEX_POINT('',#3432);
#984=VERTEX_POINT('',#3433);
#985=VERTEX_POINT('',#3448);
#986=VERTEX_POINT('',#3449);
#987=VERTEX_POINT('',#3451);
#988=VERTEX_POINT('',#3453);
#989=VERTEX_POINT('',#3455);
#990=VERTEX_POINT('',#3457);
#991=VERTEX_POINT('',#3459);
#992=VERTEX_POINT('',#3461);
#993=VERTEX_POINT('',#3463);
#994=VERTEX_POINT('',#3465);
#995=VERTEX_POINT('',#3467);
#996=VERTEX_POINT('',#3469);
#997=VERTEX_POINT('',#3471);
#998=VERTEX_POINT('',#3473);
#999=VERTEX_POINT('',#3475);
#1000=VERTEX_POINT('',#3477);
#1001=VERTEX_POINT('',#3479);
#1002=VERTEX_POINT('',#3481);
#1003=VERTEX_POINT('',#3483);
#1004=VERTEX_POINT('',#3485);
#1005=VERTEX_POINT('',#3488);
#1006=VERTEX_POINT('',#3490);
#1007=VERTEX_POINT('',#3492);
#1008=VERTEX_POINT('',#3494);
#1009=VERTEX_POINT('',#3497);
#1010=VERTEX_POINT('',#3499);
#1011=VERTEX_POINT('',#3503);
#1012=VERTEX_POINT('',#3507);
#1013=VERTEX_POINT('',#3511);
#1014=VERTEX_POINT('',#3515);
#1015=VERTEX_POINT('',#3519);
#1016=VERTEX_POINT('',#3523);
#1017=VERTEX_POINT('',#3527);
#1018=VERTEX_POINT('',#3531);
#1019=VERTEX_POINT('',#3535);
#1020=VERTEX_POINT('',#3539);
#1021=VERTEX_POINT('',#3543);
#1022=VERTEX_POINT('',#3547);
#1023=VERTEX_POINT('',#3551);
#1024=VERTEX_POINT('',#3555);
#1025=VERTEX_POINT('',#3559);
#1026=VERTEX_POINT('',#3563);
#1027=VERTEX_POINT('',#3567);
#1028=VERTEX_POINT('',#3571);
#1029=VERTEX_POINT('',#3588);
#1030=VERTEX_POINT('',#3590);
#1031=VERTEX_POINT('',#3594);
#1032=VERTEX_POINT('',#3599);
#1033=VERTEX_POINT('',#3607);
#1034=VERTEX_POINT('',#3609);
#1035=VERTEX_POINT('',#3612);
#1036=VERTEX_POINT('',#3616);
#1037=VERTEX_POINT('',#3618);
#1038=VERTEX_POINT('',#3621);
#1039=VERTEX_POINT('',#3625);
#1040=VERTEX_POINT('',#3627);
#1041=VERTEX_POINT('',#3630);
#1042=VERTEX_POINT('',#3634);
#1043=VERTEX_POINT('',#3636);
#1044=VERTEX_POINT('',#3639);
#1045=VERTEX_POINT('',#3643);
#1046=VERTEX_POINT('',#3644);
#1047=VERTEX_POINT('',#3646);
#1048=VERTEX_POINT('',#3648);
#1049=VERTEX_POINT('',#3652);
#1050=VERTEX_POINT('',#3654);
#1051=VERTEX_POINT('',#3658);
#1052=VERTEX_POINT('',#3660);
#1053=VERTEX_POINT('',#3664);
#1054=VERTEX_POINT('',#3666);
#1055=VERTEX_POINT('',#3668);
#1056=VERTEX_POINT('',#3670);
#1057=VERTEX_POINT('',#3673);
#1058=VERTEX_POINT('',#3675);
#1059=VERTEX_POINT('',#3677);
#1060=VERTEX_POINT('',#3679);
#1061=VERTEX_POINT('',#3681);
#1062=VERTEX_POINT('',#3683);
#1063=VERTEX_POINT('',#3685);
#1064=VERTEX_POINT('',#3687);
#1065=VERTEX_POINT('',#3689);
#1066=VERTEX_POINT('',#3691);
#1067=VERTEX_POINT('',#3693);
#1068=VERTEX_POINT('',#3695);
#1069=VERTEX_POINT('',#3699);
#1070=VERTEX_POINT('',#3700);
#1071=VERTEX_POINT('',#3705);
#1072=VERTEX_POINT('',#3709);
#1073=VERTEX_POINT('',#3710);
#1074=VERTEX_POINT('',#3715);
#1075=VERTEX_POINT('',#3719);
#1076=VERTEX_POINT('',#3720);
#1077=VERTEX_POINT('',#3725);
#1078=VERTEX_POINT('',#3729);
#1079=VERTEX_POINT('',#3733);
#1080=VERTEX_POINT('',#3737);
#1081=VERTEX_POINT('',#3748);
#1082=VERTEX_POINT('',#3750);
#1083=VERTEX_POINT('',#3765);
#1084=VERTEX_POINT('',#3767);
#1085=VERTEX_POINT('',#3792);
#1086=VERTEX_POINT('',#3796);
#1087=VERTEX_POINT('',#3800);
#1088=VERTEX_POINT('',#3801);
#1089=VERTEX_POINT('',#3806);
#1090=VERTEX_POINT('',#3810);
#1091=VERTEX_POINT('',#3811);
#1092=VERTEX_POINT('',#3818);
#1093=VERTEX_POINT('',#3819);
#1094=VERTEX_POINT('',#3826);
#1095=EDGE_CURVE('',#899,#900,#887,.T.);
#1096=EDGE_CURVE('',#900,#901,#511,.T.);
#1097=EDGE_CURVE('',#901,#902,#888,.T.);
#1098=EDGE_CURVE('',#902,#899,#512,.T.);
#1099=EDGE_CURVE('',#903,#900,#115,.T.);
#1100=EDGE_CURVE('',#904,#903,#513,.T.);
#1101=EDGE_CURVE('',#905,#904,#116,.T.);
#1102=EDGE_CURVE('',#906,#905,#514,.T.);
#1103=EDGE_CURVE('',#907,#906,#117,.T.);
#1104=EDGE_CURVE('',#908,#907,#515,.T.);
#1105=EDGE_CURVE('',#901,#908,#118,.T.);
#1106=EDGE_CURVE('',#909,#909,#119,.T.);
#1107=EDGE_CURVE('',#910,#910,#120,.T.);
#1108=EDGE_CURVE('',#911,#912,#889,.T.);
#1109=EDGE_CURVE('',#912,#913,#516,.T.);
#1110=EDGE_CURVE('',#913,#914,#890,.T.);
#1111=EDGE_CURVE('',#914,#911,#517,.T.);
#1112=EDGE_CURVE('',#915,#912,#121,.T.);
#1113=EDGE_CURVE('',#916,#915,#518,.T.);
#1114=EDGE_CURVE('',#917,#916,#122,.T.);
#1115=EDGE_CURVE('',#918,#917,#519,.T.);
#1116=EDGE_CURVE('',#919,#918,#123,.T.);
#1117=EDGE_CURVE('',#920,#919,#520,.T.);
#1118=EDGE_CURVE('',#913,#920,#124,.T.);
#1119=EDGE_CURVE('',#921,#921,#125,.T.);
#1120=EDGE_CURVE('',#922,#922,#126,.T.);
#1121=EDGE_CURVE('',#923,#924,#891,.F.);
#1122=EDGE_CURVE('',#924,#902,#892,.T.);
#1123=EDGE_CURVE('',#908,#925,#521,.T.);
#1124=EDGE_CURVE('',#925,#923,#127,.T.);
#1125=EDGE_CURVE('',#907,#926,#522,.T.);
#1126=EDGE_CURVE('',#926,#925,#523,.T.);
#1127=EDGE_CURVE('',#906,#927,#524,.T.);
#1128=EDGE_CURVE('',#927,#926,#128,.T.);
#1129=EDGE_CURVE('',#905,#928,#525,.T.);
#1130=EDGE_CURVE('',#928,#927,#526,.T.);
#1131=EDGE_CURVE('',#904,#929,#527,.T.);
#1132=EDGE_CURVE('',#929,#928,#129,.T.);
#1133=EDGE_CURVE('',#903,#930,#528,.T.);
#1134=EDGE_CURVE('',#930,#929,#529,.T.);
#1135=EDGE_CURVE('',#931,#932,#893,.F.);
#1136=EDGE_CURVE('',#932,#930,#130,.T.);
#1137=EDGE_CURVE('',#899,#931,#894,.T.);
#1138=EDGE_CURVE('',#933,#934,#895,.F.);
#1139=EDGE_CURVE('',#934,#914,#896,.T.);
#1140=EDGE_CURVE('',#920,#935,#530,.T.);
#1141=EDGE_CURVE('',#935,#933,#131,.T.);
#1142=EDGE_CURVE('',#919,#936,#531,.T.);
#1143=EDGE_CURVE('',#936,#935,#532,.T.);
#1144=EDGE_CURVE('',#918,#937,#533,.T.);
#1145=EDGE_CURVE('',#937,#936,#132,.T.);
#1146=EDGE_CURVE('',#917,#938,#534,.T.);
#1147=EDGE_CURVE('',#938,#937,#535,.T.);
#1148=EDGE_CURVE('',#916,#939,#536,.T.);
#1149=EDGE_CURVE('',#939,#938,#133,.T.);
#1150=EDGE_CURVE('',#915,#940,#537,.T.);
#1151=EDGE_CURVE('',#940,#939,#538,.T.);
#1152=EDGE_CURVE('',#941,#942,#897,.F.);
#1153=EDGE_CURVE('',#942,#940,#134,.T.);
#1154=EDGE_CURVE('',#911,#941,#898,.T.);
#1155=EDGE_CURVE('',#943,#944,#539,.T.);
#1156=EDGE_CURVE('',#944,#945,#540,.T.);
#1157=EDGE_CURVE('',#945,#946,#541,.T.);
#1158=EDGE_CURVE('',#946,#943,#542,.T.);
#1159=EDGE_CURVE('',#943,#947,#135,.T.);
#1160=EDGE_CURVE('',#947,#948,#543,.T.);
#1161=EDGE_CURVE('',#948,#944,#136,.T.);
#1162=EDGE_CURVE('',#949,#950,#544,.T.);
#1163=EDGE_CURVE('',#950,#948,#545,.T.);
#1164=EDGE_CURVE('',#947,#949,#546,.T.);
#1165=EDGE_CURVE('',#949,#951,#137,.T.);
#1166=EDGE_CURVE('',#951,#952,#547,.T.);
#1167=EDGE_CURVE('',#952,#950,#138,.T.);
#1168=EDGE_CURVE('',#953,#954,#548,.T.);
#1169=EDGE_CURVE('',#954,#952,#549,.T.);
#1170=EDGE_CURVE('',#951,#953,#550,.T.);
#1171=EDGE_CURVE('',#953,#955,#139,.T.);
#1172=EDGE_CURVE('',#955,#956,#551,.T.);
#1173=EDGE_CURVE('',#956,#954,#140,.T.);
#1174=EDGE_CURVE('',#957,#958,#552,.T.);
#1175=EDGE_CURVE('',#958,#956,#553,.T.);
#1176=EDGE_CURVE('',#955,#957,#554,.T.);
#1177=EDGE_CURVE('',#957,#946,#141,.T.);
#1178=EDGE_CURVE('',#945,#958,#142,.T.);
#1179=EDGE_CURVE('',#949,#959,#555,.T.);
#1180=EDGE_CURVE('',#960,#959,#143,.T.);
#1181=EDGE_CURVE('',#960,#951,#556,.T.);
#1182=EDGE_CURVE('',#961,#947,#557,.T.);
#1183=EDGE_CURVE('',#959,#961,#558,.T.);
#1184=EDGE_CURVE('',#943,#962,#559,.T.);
#1185=EDGE_CURVE('',#961,#962,#144,.T.);
#1186=EDGE_CURVE('',#963,#946,#560,.T.);
#1187=EDGE_CURVE('',#962,#963,#561,.T.);
#1188=EDGE_CURVE('',#964,#964,#145,.T.);
#1189=EDGE_CURVE('',#965,#965,#146,.T.);
#1190=EDGE_CURVE('',#966,#967,#562,.T.);
#1191=EDGE_CURVE('',#968,#967,#147,.T.);
#1192=EDGE_CURVE('',#968,#969,#563,.T.);
#1193=EDGE_CURVE('',#970,#969,#148,.T.);
#1194=EDGE_CURVE('',#970,#971,#564,.T.);
#1195=EDGE_CURVE('',#972,#971,#149,.T.);
#1196=EDGE_CURVE('',#972,#973,#565,.T.);
#1197=EDGE_CURVE('',#966,#973,#150,.T.);
#1198=EDGE_CURVE('',#974,#963,#566,.T.);
#1199=EDGE_CURVE('',#963,#975,#151,.T.);
#1200=EDGE_CURVE('',#975,#976,#567,.T.);
#1201=EDGE_CURVE('',#976,#974,#152,.T.);
#1202=EDGE_CURVE('',#977,#962,#568,.T.);
#1203=EDGE_CURVE('',#974,#977,#569,.T.);
#1204=EDGE_CURVE('',#978,#961,#570,.T.);
#1205=EDGE_CURVE('',#977,#978,#153,.T.);
#1206=EDGE_CURVE('',#979,#959,#571,.T.);
#1207=EDGE_CURVE('',#978,#979,#572,.T.);
#1208=EDGE_CURVE('',#980,#960,#573,.T.);
#1209=EDGE_CURVE('',#979,#980,#154,.T.);
#1210=EDGE_CURVE('',#981,#982,#574,.T.);
#1211=EDGE_CURVE('',#982,#960,#575,.T.);
#1212=EDGE_CURVE('',#980,#981,#576,.T.);
#1213=EDGE_CURVE('',#983,#984,#577,.T.);
#1214=EDGE_CURVE('',#984,#982,#155,.T.);
#1215=EDGE_CURVE('',#981,#983,#156,.T.);
#1216=EDGE_CURVE('',#975,#984,#578,.T.);
#1217=EDGE_CURVE('',#983,#976,#579,.T.);
#1218=EDGE_CURVE('',#953,#982,#580,.T.);
#1219=EDGE_CURVE('',#984,#955,#581,.T.);
#1220=EDGE_CURVE('',#957,#975,#582,.T.);
#1221=EDGE_CURVE('',#985,#986,#583,.T.);
#1222=EDGE_CURVE('',#987,#985,#157,.T.);
#1223=EDGE_CURVE('',#988,#987,#158,.T.);
#1224=EDGE_CURVE('',#989,#988,#584,.T.);
#1225=EDGE_CURVE('',#990,#989,#159,.T.);
#1226=EDGE_CURVE('',#991,#990,#160,.T.);
#1227=EDGE_CURVE('',#992,#991,#585,.T.);
#1228=EDGE_CURVE('',#993,#992,#161,.T.);
#1229=EDGE_CURVE('',#994,#993,#586,.T.);
#1230=EDGE_CURVE('',#995,#994,#162,.T.);
#1231=EDGE_CURVE('',#996,#995,#587,.T.);
#1232=EDGE_CURVE('',#997,#996,#163,.T.);
#1233=EDGE_CURVE('',#998,#997,#164,.T.);
#1234=EDGE_CURVE('',#999,#998,#588,.T.);
#1235=EDGE_CURVE('',#1000,#999,#165,.T.);
#1236=EDGE_CURVE('',#1001,#1000,#166,.T.);
#1237=EDGE_CURVE('',#1002,#1001,#589,.T.);
#1238=EDGE_CURVE('',#1003,#1002,#167,.T.);
#1239=EDGE_CURVE('',#1004,#1003,#590,.T.);
#1240=EDGE_CURVE('',#986,#1004,#168,.T.);
#1241=EDGE_CURVE('',#1005,#1005,#169,.T.);
#1242=EDGE_CURVE('',#1006,#1006,#170,.T.);
#1243=EDGE_CURVE('',#1007,#1007,#171,.T.);
#1244=EDGE_CURVE('',#1008,#1008,#172,.T.);
#1245=EDGE_CURVE('',#1009,#985,#591,.T.);
#1246=EDGE_CURVE('',#986,#1010,#592,.T.);
#1247=EDGE_CURVE('',#1010,#1009,#593,.T.);
#1248=EDGE_CURVE('',#1009,#1011,#173,.T.);
#1249=EDGE_CURVE('',#1011,#987,#594,.T.);
#1250=EDGE_CURVE('',#1011,#1012,#174,.T.);
#1251=EDGE_CURVE('',#1012,#988,#595,.T.);
#1252=EDGE_CURVE('',#1013,#989,#596,.T.);
#1253=EDGE_CURVE('',#1012,#1013,#597,.T.);
#1254=EDGE_CURVE('',#1013,#1014,#175,.T.);
#1255=EDGE_CURVE('',#1014,#990,#598,.T.);
#1256=EDGE_CURVE('',#1014,#1015,#176,.T.);
#1257=EDGE_CURVE('',#1015,#991,#599,.T.);
#1258=EDGE_CURVE('',#1016,#992,#600,.T.);
#1259=EDGE_CURVE('',#1015,#1016,#601,.T.);
#1260=EDGE_CURVE('',#1016,#1017,#177,.T.);
#1261=EDGE_CURVE('',#1017,#993,#602,.T.);
#1262=EDGE_CURVE('',#1018,#994,#603,.T.);
#1263=EDGE_CURVE('',#1017,#1018,#604,.T.);
#1264=EDGE_CURVE('',#1018,#1019,#178,.T.);
#1265=EDGE_CURVE('',#1019,#995,#605,.T.);
#1266=EDGE_CURVE('',#1020,#996,#606,.T.);
#1267=EDGE_CURVE('',#1019,#1020,#607,.T.);
#1268=EDGE_CURVE('',#1020,#1021,#179,.T.);
#1269=EDGE_CURVE('',#1021,#997,#608,.T.);
#1270=EDGE_CURVE('',#1021,#1022,#180,.T.);
#1271=EDGE_CURVE('',#1022,#998,#609,.T.);
#1272=EDGE_CURVE('',#1023,#999,#610,.T.);
#1273=EDGE_CURVE('',#1022,#1023,#611,.T.);
#1274=EDGE_CURVE('',#1023,#1024,#181,.T.);
#1275=EDGE_CURVE('',#1024,#1000,#612,.T.);
#1276=EDGE_CURVE('',#1024,#1025,#182,.T.);
#1277=EDGE_CURVE('',#1025,#1001,#613,.T.);
#1278=EDGE_CURVE('',#1026,#1002,#614,.T.);
#1279=EDGE_CURVE('',#1025,#1026,#615,.T.);
#1280=EDGE_CURVE('',#1026,#1027,#183,.T.);
#1281=EDGE_CURVE('',#1027,#1003,#616,.T.);
#1282=EDGE_CURVE('',#1028,#1004,#617,.T.);
#1283=EDGE_CURVE('',#1027,#1028,#618,.T.);
#1284=EDGE_CURVE('',#1028,#1010,#184,.T.);
#1285=EDGE_CURVE('',#929,#1019,#619,.T.);
#1286=EDGE_CURVE('',#1018,#928,#620,.T.);
#1287=EDGE_CURVE('',#927,#1017,#621,.T.);
#1288=EDGE_CURVE('',#1016,#926,#622,.T.);
#1289=EDGE_CURVE('',#925,#1015,#623,.T.);
#1290=EDGE_CURVE('',#923,#1014,#624,.T.);
#1291=EDGE_CURVE('',#1013,#1029,#625,.T.);
#1292=EDGE_CURVE('',#1029,#1030,#185,.T.);
#1293=EDGE_CURVE('',#1030,#923,#626,.T.);
#1294=EDGE_CURVE('',#1031,#1012,#627,.T.);
#1295=EDGE_CURVE('',#1029,#1031,#628,.T.);
#1296=EDGE_CURVE('',#1011,#942,#629,.T.);
#1297=EDGE_CURVE('',#942,#1032,#630,.T.);
#1298=EDGE_CURVE('',#1032,#1031,#186,.T.);
#1299=EDGE_CURVE('',#1009,#940,#631,.T.);
#1300=EDGE_CURVE('',#939,#1010,#632,.T.);
#1301=EDGE_CURVE('',#1033,#1033,#187,.T.);
#1302=EDGE_CURVE('',#1033,#1034,#633,.T.);
#1303=EDGE_CURVE('',#1035,#1035,#188,.T.);
#1304=EDGE_CURVE('',#1035,#1033,#634,.T.);
#1305=EDGE_CURVE('',#1036,#1036,#189,.T.);
#1306=EDGE_CURVE('',#1036,#1037,#635,.T.);
#1307=EDGE_CURVE('',#1038,#1038,#190,.T.);
#1308=EDGE_CURVE('',#1038,#1036,#636,.T.);
#1309=EDGE_CURVE('',#1039,#1039,#191,.T.);
#1310=EDGE_CURVE('',#1039,#1040,#637,.T.);
#1311=EDGE_CURVE('',#1041,#1041,#192,.T.);
#1312=EDGE_CURVE('',#1041,#1039,#638,.T.);
#1313=EDGE_CURVE('',#1042,#1042,#193,.T.);
#1314=EDGE_CURVE('',#1042,#1043,#639,.T.);
#1315=EDGE_CURVE('',#1044,#1044,#194,.T.);
#1316=EDGE_CURVE('',#1044,#1042,#640,.T.);
#1317=EDGE_CURVE('',#1045,#1046,#195,.T.);
#1318=EDGE_CURVE('',#1045,#1047,#641,.T.);
#1319=EDGE_CURVE('',#1047,#1048,#196,.T.);
#1320=EDGE_CURVE('',#1048,#1046,#642,.T.);
#1321=EDGE_CURVE('',#1049,#1048,#643,.T.);
#1322=EDGE_CURVE('',#1050,#1049,#644,.T.);
#1323=EDGE_CURVE('',#1046,#1050,#645,.T.);
#1324=EDGE_CURVE('',#1051,#1045,#197,.T.);
#1325=EDGE_CURVE('',#1051,#1052,#646,.T.);
#1326=EDGE_CURVE('',#1052,#1047,#198,.T.);
#1327=EDGE_CURVE('',#1032,#1053,#647,.T.);
#1328=EDGE_CURVE('',#1054,#1053,#199,.T.);
#1329=EDGE_CURVE('',#1054,#1055,#648,.T.);
#1330=EDGE_CURVE('',#1056,#1055,#200,.T.);
#1331=EDGE_CURVE('',#1056,#1030,#649,.T.);
#1332=EDGE_CURVE('',#1057,#1052,#201,.T.);
#1333=EDGE_CURVE('',#1057,#1058,#650,.T.);
#1334=EDGE_CURVE('',#1059,#1058,#202,.T.);
#1335=EDGE_CURVE('',#1060,#1059,#203,.T.);
#1336=EDGE_CURVE('',#1061,#1060,#204,.T.);
#1337=EDGE_CURVE('',#1061,#1062,#651,.T.);
#1338=EDGE_CURVE('',#1063,#1062,#205,.T.);
#1339=EDGE_CURVE('',#1064,#1063,#206,.T.);
#1340=EDGE_CURVE('',#1065,#1064,#207,.T.);
#1341=EDGE_CURVE('',#1065,#1066,#652,.T.);
#1342=EDGE_CURVE('',#1067,#1066,#208,.T.);
#1343=EDGE_CURVE('',#1068,#1067,#209,.T.);
#1344=EDGE_CURVE('',#1049,#1068,#210,.T.);
#1345=EDGE_CURVE('',#1069,#1070,#211,.T.);
#1346=EDGE_CURVE('',#1069,#1068,#653,.T.);
#1347=EDGE_CURVE('',#1067,#1070,#654,.T.);
#1348=EDGE_CURVE('',#1066,#1071,#655,.T.);
#1349=EDGE_CURVE('',#1070,#1071,#212,.T.);
#1350=EDGE_CURVE('',#1072,#1073,#213,.T.);
#1351=EDGE_CURVE('',#1072,#1060,#656,.T.);
#1352=EDGE_CURVE('',#1059,#1073,#657,.T.);
#1353=EDGE_CURVE('',#1058,#1074,#658,.T.);
#1354=EDGE_CURVE('',#1073,#1074,#214,.T.);
#1355=EDGE_CURVE('',#1075,#1076,#215,.T.);
#1356=EDGE_CURVE('',#1075,#1064,#659,.T.);
#1357=EDGE_CURVE('',#1063,#1076,#660,.T.);
#1358=EDGE_CURVE('',#1062,#1077,#661,.T.);
#1359=EDGE_CURVE('',#1076,#1077,#216,.T.);
#1360=EDGE_CURVE('',#1078,#1075,#217,.T.);
#1361=EDGE_CURVE('',#1078,#1065,#662,.T.);
#1362=EDGE_CURVE('',#1079,#1072,#218,.T.);
#1363=EDGE_CURVE('',#1079,#1061,#663,.T.);
#1364=EDGE_CURVE('',#1080,#1051,#219,.T.);
#1365=EDGE_CURVE('',#1080,#1057,#664,.T.);
#1366=EDGE_CURVE('',#1050,#1069,#220,.T.);
#1367=EDGE_CURVE('',#1071,#1078,#665,.T.);
#1368=EDGE_CURVE('',#1074,#1080,#666,.T.);
#1369=EDGE_CURVE('',#1077,#1079,#667,.T.);
#1370=EDGE_CURVE('',#1081,#1081,#221,.T.);
#1371=EDGE_CURVE('',#1082,#1082,#222,.T.);
#1372=EDGE_CURVE('',#1008,#909,#668,.T.);
#1373=EDGE_CURVE('',#1007,#910,#669,.T.);
#1374=EDGE_CURVE('',#1006,#921,#670,.T.);
#1375=EDGE_CURVE('',#1005,#922,#671,.T.);
#1376=EDGE_CURVE('',#1021,#932,#672,.T.);
#1377=EDGE_CURVE('',#1020,#930,#673,.T.);
#1378=EDGE_CURVE('',#932,#1056,#674,.T.);
#1379=EDGE_CURVE('',#1083,#1083,#223,.T.);
#1380=EDGE_CURVE('',#1084,#1084,#224,.T.);
#1381=EDGE_CURVE('',#935,#1025,#675,.T.);
#1382=EDGE_CURVE('',#933,#1024,#676,.T.);
#1383=EDGE_CURVE('',#1026,#936,#677,.T.);
#1384=EDGE_CURVE('',#1053,#933,#678,.T.);
#1385=EDGE_CURVE('',#1055,#1022,#679,.T.);
#1386=EDGE_CURVE('',#1023,#1054,#680,.T.);
#1387=EDGE_CURVE('',#1028,#938,#681,.T.);
#1388=EDGE_CURVE('',#937,#1027,#682,.T.);
#1389=EDGE_CURVE('',#1083,#1082,#683,.T.);
#1390=EDGE_CURVE('',#1084,#1081,#684,.T.);
#1391=EDGE_CURVE('',#1085,#1085,#225,.T.);
#1392=EDGE_CURVE('',#1085,#964,#685,.T.);
#1393=EDGE_CURVE('',#1086,#1086,#226,.T.);
#1394=EDGE_CURVE('',#1086,#965,#686,.T.);
#1395=EDGE_CURVE('',#1087,#1088,#227,.T.);
#1396=EDGE_CURVE('',#1088,#970,#687,.T.);
#1397=EDGE_CURVE('',#969,#1087,#688,.T.);
#1398=EDGE_CURVE('',#1088,#1089,#689,.T.);
#1399=EDGE_CURVE('',#971,#1089,#690,.T.);
#1400=EDGE_CURVE('',#1090,#1091,#228,.T.);
#1401=EDGE_CURVE('',#1091,#968,#691,.T.);
#1402=EDGE_CURVE('',#967,#1090,#692,.T.);
#1403=EDGE_CURVE('',#1091,#1087,#693,.T.);
#1404=EDGE_CURVE('',#1092,#1093,#229,.T.);
#1405=EDGE_CURVE('',#1093,#966,#694,.T.);
#1406=EDGE_CURVE('',#973,#1092,#695,.T.);
#1407=EDGE_CURVE('',#1093,#1090,#696,.T.);
#1408=EDGE_CURVE('',#1089,#1094,#230,.T.);
#1409=EDGE_CURVE('',#1094,#972,#697,.T.);
#1410=EDGE_CURVE('',#1094,#1092,#698,.T.);
#1411=ORIENTED_EDGE('',*,*,#1095,.T.);
#1412=ORIENTED_EDGE('',*,*,#1096,.T.);
#1413=ORIENTED_EDGE('',*,*,#1097,.T.);
#1414=ORIENTED_EDGE('',*,*,#1098,.T.);
#1415=ORIENTED_EDGE('',*,*,#1096,.F.);
#1416=ORIENTED_EDGE('',*,*,#1099,.F.);
#1417=ORIENTED_EDGE('',*,*,#1100,.F.);
#1418=ORIENTED_EDGE('',*,*,#1101,.F.);
#1419=ORIENTED_EDGE('',*,*,#1102,.F.);
#1420=ORIENTED_EDGE('',*,*,#1103,.F.);
#1421=ORIENTED_EDGE('',*,*,#1104,.F.);
#1422=ORIENTED_EDGE('',*,*,#1105,.F.);
#1423=ORIENTED_EDGE('',*,*,#1106,.T.);
#1424=ORIENTED_EDGE('',*,*,#1107,.T.);
#1425=ORIENTED_EDGE('',*,*,#1108,.T.);
#1426=ORIENTED_EDGE('',*,*,#1109,.T.);
#1427=ORIENTED_EDGE('',*,*,#1110,.T.);
#1428=ORIENTED_EDGE('',*,*,#1111,.T.);
#1429=ORIENTED_EDGE('',*,*,#1109,.F.);
#1430=ORIENTED_EDGE('',*,*,#1112,.F.);
#1431=ORIENTED_EDGE('',*,*,#1113,.F.);
#1432=ORIENTED_EDGE('',*,*,#1114,.F.);
#1433=ORIENTED_EDGE('',*,*,#1115,.F.);
#1434=ORIENTED_EDGE('',*,*,#1116,.F.);
#1435=ORIENTED_EDGE('',*,*,#1117,.F.);
#1436=ORIENTED_EDGE('',*,*,#1118,.F.);
#1437=ORIENTED_EDGE('',*,*,#1119,.T.);
#1438=ORIENTED_EDGE('',*,*,#1120,.T.);
#1439=ORIENTED_EDGE('',*,*,#1121,.T.);
#1440=ORIENTED_EDGE('',*,*,#1122,.T.);
#1441=ORIENTED_EDGE('',*,*,#1097,.F.);
#1442=ORIENTED_EDGE('',*,*,#1105,.T.);
#1443=ORIENTED_EDGE('',*,*,#1123,.T.);
#1444=ORIENTED_EDGE('',*,*,#1124,.T.);
#1445=ORIENTED_EDGE('',*,*,#1123,.F.);
#1446=ORIENTED_EDGE('',*,*,#1104,.T.);
#1447=ORIENTED_EDGE('',*,*,#1125,.T.);
#1448=ORIENTED_EDGE('',*,*,#1126,.T.);
#1449=ORIENTED_EDGE('',*,*,#1127,.T.);
#1450=ORIENTED_EDGE('',*,*,#1128,.T.);
#1451=ORIENTED_EDGE('',*,*,#1125,.F.);
#1452=ORIENTED_EDGE('',*,*,#1103,.T.);
#1453=ORIENTED_EDGE('',*,*,#1127,.F.);
#1454=ORIENTED_EDGE('',*,*,#1102,.T.);
#1455=ORIENTED_EDGE('',*,*,#1129,.T.);
#1456=ORIENTED_EDGE('',*,*,#1130,.T.);
#1457=ORIENTED_EDGE('',*,*,#1131,.T.);
#1458=ORIENTED_EDGE('',*,*,#1132,.T.);
#1459=ORIENTED_EDGE('',*,*,#1129,.F.);
#1460=ORIENTED_EDGE('',*,*,#1101,.T.);
#1461=ORIENTED_EDGE('',*,*,#1131,.F.);
#1462=ORIENTED_EDGE('',*,*,#1100,.T.);
#1463=ORIENTED_EDGE('',*,*,#1133,.T.);
#1464=ORIENTED_EDGE('',*,*,#1134,.T.);
#1465=ORIENTED_EDGE('',*,*,#1135,.T.);
#1466=ORIENTED_EDGE('',*,*,#1136,.T.);
#1467=ORIENTED_EDGE('',*,*,#1133,.F.);
#1468=ORIENTED_EDGE('',*,*,#1099,.T.);
#1469=ORIENTED_EDGE('',*,*,#1095,.F.);
#1470=ORIENTED_EDGE('',*,*,#1137,.T.);
#1471=ORIENTED_EDGE('',*,*,#1138,.T.);
#1472=ORIENTED_EDGE('',*,*,#1139,.T.);
#1473=ORIENTED_EDGE('',*,*,#1110,.F.);
#1474=ORIENTED_EDGE('',*,*,#1118,.T.);
#1475=ORIENTED_EDGE('',*,*,#1140,.T.);
#1476=ORIENTED_EDGE('',*,*,#1141,.T.);
#1477=ORIENTED_EDGE('',*,*,#1140,.F.);
#1478=ORIENTED_EDGE('',*,*,#1117,.T.);
#1479=ORIENTED_EDGE('',*,*,#1142,.T.);
#1480=ORIENTED_EDGE('',*,*,#1143,.T.);
#1481=ORIENTED_EDGE('',*,*,#1144,.T.);
#1482=ORIENTED_EDGE('',*,*,#1145,.T.);
#1483=ORIENTED_EDGE('',*,*,#1142,.F.);
#1484=ORIENTED_EDGE('',*,*,#1116,.T.);
#1485=ORIENTED_EDGE('',*,*,#1144,.F.);
#1486=ORIENTED_EDGE('',*,*,#1115,.T.);
#1487=ORIENTED_EDGE('',*,*,#1146,.T.);
#1488=ORIENTED_EDGE('',*,*,#1147,.T.);
#1489=ORIENTED_EDGE('',*,*,#1148,.T.);
#1490=ORIENTED_EDGE('',*,*,#1149,.T.);
#1491=ORIENTED_EDGE('',*,*,#1146,.F.);
#1492=ORIENTED_EDGE('',*,*,#1114,.T.);
#1493=ORIENTED_EDGE('',*,*,#1148,.F.);
#1494=ORIENTED_EDGE('',*,*,#1113,.T.);
#1495=ORIENTED_EDGE('',*,*,#1150,.T.);
#1496=ORIENTED_EDGE('',*,*,#1151,.T.);
#1497=ORIENTED_EDGE('',*,*,#1152,.T.);
#1498=ORIENTED_EDGE('',*,*,#1153,.T.);
#1499=ORIENTED_EDGE('',*,*,#1150,.F.);
#1500=ORIENTED_EDGE('',*,*,#1112,.T.);
#1501=ORIENTED_EDGE('',*,*,#1108,.F.);
#1502=ORIENTED_EDGE('',*,*,#1154,.T.);
#1503=ORIENTED_EDGE('',*,*,#1155,.T.);
#1504=ORIENTED_EDGE('',*,*,#1156,.T.);
#1505=ORIENTED_EDGE('',*,*,#1157,.T.);
#1506=ORIENTED_EDGE('',*,*,#1158,.T.);
#1507=ORIENTED_EDGE('',*,*,#1155,.F.);
#1508=ORIENTED_EDGE('',*,*,#1159,.T.);
#1509=ORIENTED_EDGE('',*,*,#1160,.T.);
#1510=ORIENTED_EDGE('',*,*,#1161,.T.);
#1511=ORIENTED_EDGE('',*,*,#1162,.T.);
#1512=ORIENTED_EDGE('',*,*,#1163,.T.);
#1513=ORIENTED_EDGE('',*,*,#1160,.F.);
#1514=ORIENTED_EDGE('',*,*,#1164,.T.);
#1515=ORIENTED_EDGE('',*,*,#1162,.F.);
#1516=ORIENTED_EDGE('',*,*,#1165,.T.);
#1517=ORIENTED_EDGE('',*,*,#1166,.T.);
#1518=ORIENTED_EDGE('',*,*,#1167,.T.);
#1519=ORIENTED_EDGE('',*,*,#1168,.T.);
#1520=ORIENTED_EDGE('',*,*,#1169,.T.);
#1521=ORIENTED_EDGE('',*,*,#1166,.F.);
#1522=ORIENTED_EDGE('',*,*,#1170,.T.);
#1523=ORIENTED_EDGE('',*,*,#1168,.F.);
#1524=ORIENTED_EDGE('',*,*,#1171,.T.);
#1525=ORIENTED_EDGE('',*,*,#1172,.T.);
#1526=ORIENTED_EDGE('',*,*,#1173,.T.);
#1527=ORIENTED_EDGE('',*,*,#1174,.T.);
#1528=ORIENTED_EDGE('',*,*,#1175,.T.);
#1529=ORIENTED_EDGE('',*,*,#1172,.F.);
#1530=ORIENTED_EDGE('',*,*,#1176,.T.);
#1531=ORIENTED_EDGE('',*,*,#1174,.F.);
#1532=ORIENTED_EDGE('',*,*,#1177,.T.);
#1533=ORIENTED_EDGE('',*,*,#1157,.F.);
#1534=ORIENTED_EDGE('',*,*,#1178,.T.);
#1535=ORIENTED_EDGE('',*,*,#1165,.F.);
#1536=ORIENTED_EDGE('',*,*,#1179,.T.);
#1537=ORIENTED_EDGE('',*,*,#1180,.F.);
#1538=ORIENTED_EDGE('',*,*,#1181,.T.);
#1539=ORIENTED_EDGE('',*,*,#1164,.F.);
#1540=ORIENTED_EDGE('',*,*,#1182,.F.);
#1541=ORIENTED_EDGE('',*,*,#1183,.F.);
#1542=ORIENTED_EDGE('',*,*,#1179,.F.);
#1543=ORIENTED_EDGE('',*,*,#1159,.F.);
#1544=ORIENTED_EDGE('',*,*,#1184,.T.);
#1545=ORIENTED_EDGE('',*,*,#1185,.F.);
#1546=ORIENTED_EDGE('',*,*,#1182,.T.);
#1547=ORIENTED_EDGE('',*,*,#1158,.F.);
#1548=ORIENTED_EDGE('',*,*,#1186,.F.);
#1549=ORIENTED_EDGE('',*,*,#1187,.F.);
#1550=ORIENTED_EDGE('',*,*,#1184,.F.);
#1551=ORIENTED_EDGE('',*,*,#1156,.F.);
#1552=ORIENTED_EDGE('',*,*,#1161,.F.);
#1553=ORIENTED_EDGE('',*,*,#1163,.F.);
#1554=ORIENTED_EDGE('',*,*,#1167,.F.);
#1555=ORIENTED_EDGE('',*,*,#1169,.F.);
#1556=ORIENTED_EDGE('',*,*,#1173,.F.);
#1557=ORIENTED_EDGE('',*,*,#1175,.F.);
#1558=ORIENTED_EDGE('',*,*,#1178,.F.);
#1559=ORIENTED_EDGE('',*,*,#1188,.T.);
#1560=ORIENTED_EDGE('',*,*,#1189,.T.);
#1561=ORIENTED_EDGE('',*,*,#1190,.T.);
#1562=ORIENTED_EDGE('',*,*,#1191,.F.);
#1563=ORIENTED_EDGE('',*,*,#1192,.T.);
#1564=ORIENTED_EDGE('',*,*,#1193,.F.);
#1565=ORIENTED_EDGE('',*,*,#1194,.T.);
#1566=ORIENTED_EDGE('',*,*,#1195,.F.);
#1567=ORIENTED_EDGE('',*,*,#1196,.T.);
#1568=ORIENTED_EDGE('',*,*,#1197,.F.);
#1569=ORIENTED_EDGE('',*,*,#1198,.T.);
#1570=ORIENTED_EDGE('',*,*,#1199,.T.);
#1571=ORIENTED_EDGE('',*,*,#1200,.T.);
#1572=ORIENTED_EDGE('',*,*,#1201,.T.);
#1573=ORIENTED_EDGE('',*,*,#1202,.T.);
#1574=ORIENTED_EDGE('',*,*,#1187,.T.);
#1575=ORIENTED_EDGE('',*,*,#1198,.F.);
#1576=ORIENTED_EDGE('',*,*,#1203,.T.);
#1577=ORIENTED_EDGE('',*,*,#1204,.T.);
#1578=ORIENTED_EDGE('',*,*,#1185,.T.);
#1579=ORIENTED_EDGE('',*,*,#1202,.F.);
#1580=ORIENTED_EDGE('',*,*,#1205,.T.);
#1581=ORIENTED_EDGE('',*,*,#1206,.T.);
#1582=ORIENTED_EDGE('',*,*,#1183,.T.);
#1583=ORIENTED_EDGE('',*,*,#1204,.F.);
#1584=ORIENTED_EDGE('',*,*,#1207,.T.);
#1585=ORIENTED_EDGE('',*,*,#1208,.T.);
#1586=ORIENTED_EDGE('',*,*,#1180,.T.);
#1587=ORIENTED_EDGE('',*,*,#1206,.F.);
#1588=ORIENTED_EDGE('',*,*,#1209,.T.);
#1589=ORIENTED_EDGE('',*,*,#1210,.T.);
#1590=ORIENTED_EDGE('',*,*,#1211,.T.);
#1591=ORIENTED_EDGE('',*,*,#1208,.F.);
#1592=ORIENTED_EDGE('',*,*,#1212,.T.);
#1593=ORIENTED_EDGE('',*,*,#1213,.T.);
#1594=ORIENTED_EDGE('',*,*,#1214,.T.);
#1595=ORIENTED_EDGE('',*,*,#1210,.F.);
#1596=ORIENTED_EDGE('',*,*,#1215,.T.);
#1597=ORIENTED_EDGE('',*,*,#1200,.F.);
#1598=ORIENTED_EDGE('',*,*,#1216,.T.);
#1599=ORIENTED_EDGE('',*,*,#1213,.F.);
#1600=ORIENTED_EDGE('',*,*,#1217,.T.);
#1601=ORIENTED_EDGE('',*,*,#1170,.F.);
#1602=ORIENTED_EDGE('',*,*,#1181,.F.);
#1603=ORIENTED_EDGE('',*,*,#1211,.F.);
#1604=ORIENTED_EDGE('',*,*,#1218,.F.);
#1605=ORIENTED_EDGE('',*,*,#1171,.F.);
#1606=ORIENTED_EDGE('',*,*,#1218,.T.);
#1607=ORIENTED_EDGE('',*,*,#1214,.F.);
#1608=ORIENTED_EDGE('',*,*,#1219,.T.);
#1609=ORIENTED_EDGE('',*,*,#1176,.F.);
#1610=ORIENTED_EDGE('',*,*,#1219,.F.);
#1611=ORIENTED_EDGE('',*,*,#1216,.F.);
#1612=ORIENTED_EDGE('',*,*,#1220,.F.);
#1613=ORIENTED_EDGE('',*,*,#1177,.F.);
#1614=ORIENTED_EDGE('',*,*,#1220,.T.);
#1615=ORIENTED_EDGE('',*,*,#1199,.F.);
#1616=ORIENTED_EDGE('',*,*,#1186,.T.);
#1617=ORIENTED_EDGE('',*,*,#1221,.F.);
#1618=ORIENTED_EDGE('',*,*,#1222,.F.);
#1619=ORIENTED_EDGE('',*,*,#1223,.F.);
#1620=ORIENTED_EDGE('',*,*,#1224,.F.);
#1621=ORIENTED_EDGE('',*,*,#1225,.F.);
#1622=ORIENTED_EDGE('',*,*,#1226,.F.);
#1623=ORIENTED_EDGE('',*,*,#1227,.F.);
#1624=ORIENTED_EDGE('',*,*,#1228,.F.);
#1625=ORIENTED_EDGE('',*,*,#1229,.F.);
#1626=ORIENTED_EDGE('',*,*,#1230,.F.);
#1627=ORIENTED_EDGE('',*,*,#1231,.F.);
#1628=ORIENTED_EDGE('',*,*,#1232,.F.);
#1629=ORIENTED_EDGE('',*,*,#1233,.F.);
#1630=ORIENTED_EDGE('',*,*,#1234,.F.);
#1631=ORIENTED_EDGE('',*,*,#1235,.F.);
#1632=ORIENTED_EDGE('',*,*,#1236,.F.);
#1633=ORIENTED_EDGE('',*,*,#1237,.F.);
#1634=ORIENTED_EDGE('',*,*,#1238,.F.);
#1635=ORIENTED_EDGE('',*,*,#1239,.F.);
#1636=ORIENTED_EDGE('',*,*,#1240,.F.);
#1637=ORIENTED_EDGE('',*,*,#1241,.T.);
#1638=ORIENTED_EDGE('',*,*,#1242,.T.);
#1639=ORIENTED_EDGE('',*,*,#1243,.T.);
#1640=ORIENTED_EDGE('',*,*,#1244,.T.);
#1641=ORIENTED_EDGE('',*,*,#1201,.F.);
#1642=ORIENTED_EDGE('',*,*,#1217,.F.);
#1643=ORIENTED_EDGE('',*,*,#1215,.F.);
#1644=ORIENTED_EDGE('',*,*,#1212,.F.);
#1645=ORIENTED_EDGE('',*,*,#1209,.F.);
#1646=ORIENTED_EDGE('',*,*,#1207,.F.);
#1647=ORIENTED_EDGE('',*,*,#1205,.F.);
#1648=ORIENTED_EDGE('',*,*,#1203,.F.);
#1649=ORIENTED_EDGE('',*,*,#1245,.T.);
#1650=ORIENTED_EDGE('',*,*,#1221,.T.);
#1651=ORIENTED_EDGE('',*,*,#1246,.T.);
#1652=ORIENTED_EDGE('',*,*,#1247,.T.);
#1653=ORIENTED_EDGE('',*,*,#1245,.F.);
#1654=ORIENTED_EDGE('',*,*,#1248,.T.);
#1655=ORIENTED_EDGE('',*,*,#1249,.T.);
#1656=ORIENTED_EDGE('',*,*,#1222,.T.);
#1657=ORIENTED_EDGE('',*,*,#1249,.F.);
#1658=ORIENTED_EDGE('',*,*,#1250,.T.);
#1659=ORIENTED_EDGE('',*,*,#1251,.T.);
#1660=ORIENTED_EDGE('',*,*,#1223,.T.);
#1661=ORIENTED_EDGE('',*,*,#1252,.T.);
#1662=ORIENTED_EDGE('',*,*,#1224,.T.);
#1663=ORIENTED_EDGE('',*,*,#1251,.F.);
#1664=ORIENTED_EDGE('',*,*,#1253,.T.);
#1665=ORIENTED_EDGE('',*,*,#1252,.F.);
#1666=ORIENTED_EDGE('',*,*,#1254,.T.);
#1667=ORIENTED_EDGE('',*,*,#1255,.T.);
#1668=ORIENTED_EDGE('',*,*,#1225,.T.);
#1669=ORIENTED_EDGE('',*,*,#1255,.F.);
#1670=ORIENTED_EDGE('',*,*,#1256,.T.);
#1671=ORIENTED_EDGE('',*,*,#1257,.T.);
#1672=ORIENTED_EDGE('',*,*,#1226,.T.);
#1673=ORIENTED_EDGE('',*,*,#1258,.T.);
#1674=ORIENTED_EDGE('',*,*,#1227,.T.);
#1675=ORIENTED_EDGE('',*,*,#1257,.F.);
#1676=ORIENTED_EDGE('',*,*,#1259,.T.);
#1677=ORIENTED_EDGE('',*,*,#1258,.F.);
#1678=ORIENTED_EDGE('',*,*,#1260,.T.);
#1679=ORIENTED_EDGE('',*,*,#1261,.T.);
#1680=ORIENTED_EDGE('',*,*,#1228,.T.);
#1681=ORIENTED_EDGE('',*,*,#1262,.T.);
#1682=ORIENTED_EDGE('',*,*,#1229,.T.);
#1683=ORIENTED_EDGE('',*,*,#1261,.F.);
#1684=ORIENTED_EDGE('',*,*,#1263,.T.);
#1685=ORIENTED_EDGE('',*,*,#1262,.F.);
#1686=ORIENTED_EDGE('',*,*,#1264,.T.);
#1687=ORIENTED_EDGE('',*,*,#1265,.T.);
#1688=ORIENTED_EDGE('',*,*,#1230,.T.);
#1689=ORIENTED_EDGE('',*,*,#1266,.T.);
#1690=ORIENTED_EDGE('',*,*,#1231,.T.);
#1691=ORIENTED_EDGE('',*,*,#1265,.F.);
#1692=ORIENTED_EDGE('',*,*,#1267,.T.);
#1693=ORIENTED_EDGE('',*,*,#1266,.F.);
#1694=ORIENTED_EDGE('',*,*,#1268,.T.);
#1695=ORIENTED_EDGE('',*,*,#1269,.T.);
#1696=ORIENTED_EDGE('',*,*,#1232,.T.);
#1697=ORIENTED_EDGE('',*,*,#1269,.F.);
#1698=ORIENTED_EDGE('',*,*,#1270,.T.);
#1699=ORIENTED_EDGE('',*,*,#1271,.T.);
#1700=ORIENTED_EDGE('',*,*,#1233,.T.);
#1701=ORIENTED_EDGE('',*,*,#1272,.T.);
#1702=ORIENTED_EDGE('',*,*,#1234,.T.);
#1703=ORIENTED_EDGE('',*,*,#1271,.F.);
#1704=ORIENTED_EDGE('',*,*,#1273,.T.);
#1705=ORIENTED_EDGE('',*,*,#1272,.F.);
#1706=ORIENTED_EDGE('',*,*,#1274,.T.);
#1707=ORIENTED_EDGE('',*,*,#1275,.T.);
#1708=ORIENTED_EDGE('',*,*,#1235,.T.);
#1709=ORIENTED_EDGE('',*,*,#1275,.F.);
#1710=ORIENTED_EDGE('',*,*,#1276,.T.);
#1711=ORIENTED_EDGE('',*,*,#1277,.T.);
#1712=ORIENTED_EDGE('',*,*,#1236,.T.);
#1713=ORIENTED_EDGE('',*,*,#1278,.T.);
#1714=ORIENTED_EDGE('',*,*,#1237,.T.);
#1715=ORIENTED_EDGE('',*,*,#1277,.F.);
#1716=ORIENTED_EDGE('',*,*,#1279,.T.);
#1717=ORIENTED_EDGE('',*,*,#1278,.F.);
#1718=ORIENTED_EDGE('',*,*,#1280,.T.);
#1719=ORIENTED_EDGE('',*,*,#1281,.T.);
#1720=ORIENTED_EDGE('',*,*,#1238,.T.);
#1721=ORIENTED_EDGE('',*,*,#1282,.T.);
#1722=ORIENTED_EDGE('',*,*,#1239,.T.);
#1723=ORIENTED_EDGE('',*,*,#1281,.F.);
#1724=ORIENTED_EDGE('',*,*,#1283,.T.);
#1725=ORIENTED_EDGE('',*,*,#1282,.F.);
#1726=ORIENTED_EDGE('',*,*,#1284,.T.);
#1727=ORIENTED_EDGE('',*,*,#1246,.F.);
#1728=ORIENTED_EDGE('',*,*,#1240,.T.);
#1729=ORIENTED_EDGE('',*,*,#1132,.F.);
#1730=ORIENTED_EDGE('',*,*,#1285,.T.);
#1731=ORIENTED_EDGE('',*,*,#1264,.F.);
#1732=ORIENTED_EDGE('',*,*,#1286,.T.);
#1733=ORIENTED_EDGE('',*,*,#1130,.F.);
#1734=ORIENTED_EDGE('',*,*,#1286,.F.);
#1735=ORIENTED_EDGE('',*,*,#1263,.F.);
#1736=ORIENTED_EDGE('',*,*,#1287,.F.);
#1737=ORIENTED_EDGE('',*,*,#1128,.F.);
#1738=ORIENTED_EDGE('',*,*,#1287,.T.);
#1739=ORIENTED_EDGE('',*,*,#1260,.F.);
#1740=ORIENTED_EDGE('',*,*,#1288,.T.);
#1741=ORIENTED_EDGE('',*,*,#1126,.F.);
#1742=ORIENTED_EDGE('',*,*,#1288,.F.);
#1743=ORIENTED_EDGE('',*,*,#1259,.F.);
#1744=ORIENTED_EDGE('',*,*,#1289,.F.);
#1745=ORIENTED_EDGE('',*,*,#1124,.F.);
#1746=ORIENTED_EDGE('',*,*,#1289,.T.);
#1747=ORIENTED_EDGE('',*,*,#1256,.F.);
#1748=ORIENTED_EDGE('',*,*,#1290,.F.);
#1749=ORIENTED_EDGE('',*,*,#1254,.F.);
#1750=ORIENTED_EDGE('',*,*,#1291,.T.);
#1751=ORIENTED_EDGE('',*,*,#1292,.T.);
#1752=ORIENTED_EDGE('',*,*,#1293,.T.);
#1753=ORIENTED_EDGE('',*,*,#1290,.T.);
#1754=ORIENTED_EDGE('',*,*,#1253,.F.);
#1755=ORIENTED_EDGE('',*,*,#1294,.F.);
#1756=ORIENTED_EDGE('',*,*,#1295,.F.);
#1757=ORIENTED_EDGE('',*,*,#1291,.F.);
#1758=ORIENTED_EDGE('',*,*,#1250,.F.);
#1759=ORIENTED_EDGE('',*,*,#1296,.T.);
#1760=ORIENTED_EDGE('',*,*,#1297,.T.);
#1761=ORIENTED_EDGE('',*,*,#1298,.T.);
#1762=ORIENTED_EDGE('',*,*,#1294,.T.);
#1763=ORIENTED_EDGE('',*,*,#1153,.F.);
#1764=ORIENTED_EDGE('',*,*,#1296,.F.);
#1765=ORIENTED_EDGE('',*,*,#1248,.F.);
#1766=ORIENTED_EDGE('',*,*,#1299,.T.);
#1767=ORIENTED_EDGE('',*,*,#1151,.F.);
#1768=ORIENTED_EDGE('',*,*,#1299,.F.);
#1769=ORIENTED_EDGE('',*,*,#1247,.F.);
#1770=ORIENTED_EDGE('',*,*,#1300,.F.);
#1771=ORIENTED_EDGE('',*,*,#1301,.T.);
#1772=ORIENTED_EDGE('',*,*,#1302,.T.);
#1773=ORIENTED_EDGE('',*,*,#1302,.F.);
#1774=ORIENTED_EDGE('',*,*,#1303,.F.);
#1775=ORIENTED_EDGE('',*,*,#1304,.T.);
#1776=ORIENTED_EDGE('',*,*,#1301,.F.);
#1777=ORIENTED_EDGE('',*,*,#1304,.F.);
#1778=ORIENTED_EDGE('',*,*,#1305,.T.);
#1779=ORIENTED_EDGE('',*,*,#1306,.T.);
#1780=ORIENTED_EDGE('',*,*,#1306,.F.);
#1781=ORIENTED_EDGE('',*,*,#1307,.F.);
#1782=ORIENTED_EDGE('',*,*,#1308,.T.);
#1783=ORIENTED_EDGE('',*,*,#1305,.F.);
#1784=ORIENTED_EDGE('',*,*,#1308,.F.);
#1785=ORIENTED_EDGE('',*,*,#1309,.T.);
#1786=ORIENTED_EDGE('',*,*,#1310,.T.);
#1787=ORIENTED_EDGE('',*,*,#1310,.F.);
#1788=ORIENTED_EDGE('',*,*,#1311,.F.);
#1789=ORIENTED_EDGE('',*,*,#1312,.T.);
#1790=ORIENTED_EDGE('',*,*,#1309,.F.);
#1791=ORIENTED_EDGE('',*,*,#1312,.F.);
#1792=ORIENTED_EDGE('',*,*,#1313,.T.);
#1793=ORIENTED_EDGE('',*,*,#1314,.T.);
#1794=ORIENTED_EDGE('',*,*,#1314,.F.);
#1795=ORIENTED_EDGE('',*,*,#1315,.F.);
#1796=ORIENTED_EDGE('',*,*,#1316,.T.);
#1797=ORIENTED_EDGE('',*,*,#1313,.F.);
#1798=ORIENTED_EDGE('',*,*,#1316,.F.);
#1799=ORIENTED_EDGE('',*,*,#1317,.F.);
#1800=ORIENTED_EDGE('',*,*,#1318,.T.);
#1801=ORIENTED_EDGE('',*,*,#1319,.T.);
#1802=ORIENTED_EDGE('',*,*,#1320,.T.);
#1803=ORIENTED_EDGE('',*,*,#1320,.F.);
#1804=ORIENTED_EDGE('',*,*,#1321,.F.);
#1805=ORIENTED_EDGE('',*,*,#1322,.F.);
#1806=ORIENTED_EDGE('',*,*,#1323,.F.);
#1807=ORIENTED_EDGE('',*,*,#1318,.F.);
#1808=ORIENTED_EDGE('',*,*,#1324,.F.);
#1809=ORIENTED_EDGE('',*,*,#1325,.T.);
#1810=ORIENTED_EDGE('',*,*,#1326,.T.);
#1811=ORIENTED_EDGE('',*,*,#1298,.F.);
#1812=ORIENTED_EDGE('',*,*,#1327,.T.);
#1813=ORIENTED_EDGE('',*,*,#1328,.F.);
#1814=ORIENTED_EDGE('',*,*,#1329,.T.);
#1815=ORIENTED_EDGE('',*,*,#1330,.F.);
#1816=ORIENTED_EDGE('',*,*,#1331,.T.);
#1817=ORIENTED_EDGE('',*,*,#1292,.F.);
#1818=ORIENTED_EDGE('',*,*,#1295,.T.);
#1819=ORIENTED_EDGE('',*,*,#1303,.T.);
#1820=ORIENTED_EDGE('',*,*,#1307,.T.);
#1821=ORIENTED_EDGE('',*,*,#1311,.T.);
#1822=ORIENTED_EDGE('',*,*,#1315,.T.);
#1823=ORIENTED_EDGE('',*,*,#1326,.F.);
#1824=ORIENTED_EDGE('',*,*,#1332,.F.);
#1825=ORIENTED_EDGE('',*,*,#1333,.T.);
#1826=ORIENTED_EDGE('',*,*,#1334,.F.);
#1827=ORIENTED_EDGE('',*,*,#1335,.F.);
#1828=ORIENTED_EDGE('',*,*,#1336,.F.);
#1829=ORIENTED_EDGE('',*,*,#1337,.T.);
#1830=ORIENTED_EDGE('',*,*,#1338,.F.);
#1831=ORIENTED_EDGE('',*,*,#1339,.F.);
#1832=ORIENTED_EDGE('',*,*,#1340,.F.);
#1833=ORIENTED_EDGE('',*,*,#1341,.T.);
#1834=ORIENTED_EDGE('',*,*,#1342,.F.);
#1835=ORIENTED_EDGE('',*,*,#1343,.F.);
#1836=ORIENTED_EDGE('',*,*,#1344,.F.);
#1837=ORIENTED_EDGE('',*,*,#1321,.T.);
#1838=ORIENTED_EDGE('',*,*,#1319,.F.);
#1839=ORIENTED_EDGE('',*,*,#1345,.F.);
#1840=ORIENTED_EDGE('',*,*,#1346,.T.);
#1841=ORIENTED_EDGE('',*,*,#1343,.T.);
#1842=ORIENTED_EDGE('',*,*,#1347,.T.);
#1843=ORIENTED_EDGE('',*,*,#1347,.F.);
#1844=ORIENTED_EDGE('',*,*,#1342,.T.);
#1845=ORIENTED_EDGE('',*,*,#1348,.T.);
#1846=ORIENTED_EDGE('',*,*,#1349,.F.);
#1847=ORIENTED_EDGE('',*,*,#1350,.F.);
#1848=ORIENTED_EDGE('',*,*,#1351,.T.);
#1849=ORIENTED_EDGE('',*,*,#1335,.T.);
#1850=ORIENTED_EDGE('',*,*,#1352,.T.);
#1851=ORIENTED_EDGE('',*,*,#1352,.F.);
#1852=ORIENTED_EDGE('',*,*,#1334,.T.);
#1853=ORIENTED_EDGE('',*,*,#1353,.T.);
#1854=ORIENTED_EDGE('',*,*,#1354,.F.);
#1855=ORIENTED_EDGE('',*,*,#1355,.F.);
#1856=ORIENTED_EDGE('',*,*,#1356,.T.);
#1857=ORIENTED_EDGE('',*,*,#1339,.T.);
#1858=ORIENTED_EDGE('',*,*,#1357,.T.);
#1859=ORIENTED_EDGE('',*,*,#1357,.F.);
#1860=ORIENTED_EDGE('',*,*,#1338,.T.);
#1861=ORIENTED_EDGE('',*,*,#1358,.T.);
#1862=ORIENTED_EDGE('',*,*,#1359,.F.);
#1863=ORIENTED_EDGE('',*,*,#1356,.F.);
#1864=ORIENTED_EDGE('',*,*,#1360,.F.);
#1865=ORIENTED_EDGE('',*,*,#1361,.T.);
#1866=ORIENTED_EDGE('',*,*,#1340,.T.);
#1867=ORIENTED_EDGE('',*,*,#1351,.F.);
#1868=ORIENTED_EDGE('',*,*,#1362,.F.);
#1869=ORIENTED_EDGE('',*,*,#1363,.T.);
#1870=ORIENTED_EDGE('',*,*,#1336,.T.);
#1871=ORIENTED_EDGE('',*,*,#1325,.F.);
#1872=ORIENTED_EDGE('',*,*,#1364,.F.);
#1873=ORIENTED_EDGE('',*,*,#1365,.T.);
#1874=ORIENTED_EDGE('',*,*,#1332,.T.);
#1875=ORIENTED_EDGE('',*,*,#1346,.F.);
#1876=ORIENTED_EDGE('',*,*,#1366,.F.);
#1877=ORIENTED_EDGE('',*,*,#1322,.T.);
#1878=ORIENTED_EDGE('',*,*,#1344,.T.);
#1879=ORIENTED_EDGE('',*,*,#1348,.F.);
#1880=ORIENTED_EDGE('',*,*,#1341,.F.);
#1881=ORIENTED_EDGE('',*,*,#1361,.F.);
#1882=ORIENTED_EDGE('',*,*,#1367,.F.);
#1883=ORIENTED_EDGE('',*,*,#1365,.F.);
#1884=ORIENTED_EDGE('',*,*,#1368,.F.);
#1885=ORIENTED_EDGE('',*,*,#1353,.F.);
#1886=ORIENTED_EDGE('',*,*,#1333,.F.);
#1887=ORIENTED_EDGE('',*,*,#1363,.F.);
#1888=ORIENTED_EDGE('',*,*,#1369,.F.);
#1889=ORIENTED_EDGE('',*,*,#1358,.F.);
#1890=ORIENTED_EDGE('',*,*,#1337,.F.);
#1891=ORIENTED_EDGE('',*,*,#1370,.T.);
#1892=ORIENTED_EDGE('',*,*,#1371,.T.);
#1893=ORIENTED_EDGE('',*,*,#1244,.F.);
#1894=ORIENTED_EDGE('',*,*,#1372,.T.);
#1895=ORIENTED_EDGE('',*,*,#1106,.F.);
#1896=ORIENTED_EDGE('',*,*,#1372,.F.);
#1897=ORIENTED_EDGE('',*,*,#1243,.F.);
#1898=ORIENTED_EDGE('',*,*,#1373,.T.);
#1899=ORIENTED_EDGE('',*,*,#1107,.F.);
#1900=ORIENTED_EDGE('',*,*,#1373,.F.);
#1901=ORIENTED_EDGE('',*,*,#1242,.F.);
#1902=ORIENTED_EDGE('',*,*,#1374,.T.);
#1903=ORIENTED_EDGE('',*,*,#1119,.F.);
#1904=ORIENTED_EDGE('',*,*,#1374,.F.);
#1905=ORIENTED_EDGE('',*,*,#1241,.F.);
#1906=ORIENTED_EDGE('',*,*,#1375,.T.);
#1907=ORIENTED_EDGE('',*,*,#1120,.F.);
#1908=ORIENTED_EDGE('',*,*,#1375,.F.);
#1909=ORIENTED_EDGE('',*,*,#1136,.F.);
#1910=ORIENTED_EDGE('',*,*,#1376,.F.);
#1911=ORIENTED_EDGE('',*,*,#1268,.F.);
#1912=ORIENTED_EDGE('',*,*,#1377,.T.);
#1913=ORIENTED_EDGE('',*,*,#1122,.F.);
#1914=ORIENTED_EDGE('',*,*,#1121,.F.);
#1915=ORIENTED_EDGE('',*,*,#1293,.F.);
#1916=ORIENTED_EDGE('',*,*,#1331,.F.);
#1917=ORIENTED_EDGE('',*,*,#1378,.F.);
#1918=ORIENTED_EDGE('',*,*,#1135,.F.);
#1919=ORIENTED_EDGE('',*,*,#1137,.F.);
#1920=ORIENTED_EDGE('',*,*,#1098,.F.);
#1921=ORIENTED_EDGE('',*,*,#1379,.T.);
#1922=ORIENTED_EDGE('',*,*,#1380,.T.);
#1923=ORIENTED_EDGE('',*,*,#1141,.F.);
#1924=ORIENTED_EDGE('',*,*,#1381,.T.);
#1925=ORIENTED_EDGE('',*,*,#1276,.F.);
#1926=ORIENTED_EDGE('',*,*,#1382,.F.);
#1927=ORIENTED_EDGE('',*,*,#1143,.F.);
#1928=ORIENTED_EDGE('',*,*,#1383,.F.);
#1929=ORIENTED_EDGE('',*,*,#1279,.F.);
#1930=ORIENTED_EDGE('',*,*,#1381,.F.);
#1931=ORIENTED_EDGE('',*,*,#1139,.F.);
#1932=ORIENTED_EDGE('',*,*,#1138,.F.);
#1933=ORIENTED_EDGE('',*,*,#1384,.F.);
#1934=ORIENTED_EDGE('',*,*,#1327,.F.);
#1935=ORIENTED_EDGE('',*,*,#1297,.F.);
#1936=ORIENTED_EDGE('',*,*,#1152,.F.);
#1937=ORIENTED_EDGE('',*,*,#1154,.F.);
#1938=ORIENTED_EDGE('',*,*,#1111,.F.);
#1939=ORIENTED_EDGE('',*,*,#1270,.F.);
#1940=ORIENTED_EDGE('',*,*,#1376,.T.);
#1941=ORIENTED_EDGE('',*,*,#1378,.T.);
#1942=ORIENTED_EDGE('',*,*,#1330,.T.);
#1943=ORIENTED_EDGE('',*,*,#1385,.T.);
#1944=ORIENTED_EDGE('',*,*,#1273,.F.);
#1945=ORIENTED_EDGE('',*,*,#1385,.F.);
#1946=ORIENTED_EDGE('',*,*,#1329,.F.);
#1947=ORIENTED_EDGE('',*,*,#1386,.F.);
#1948=ORIENTED_EDGE('',*,*,#1274,.F.);
#1949=ORIENTED_EDGE('',*,*,#1386,.T.);
#1950=ORIENTED_EDGE('',*,*,#1328,.T.);
#1951=ORIENTED_EDGE('',*,*,#1384,.T.);
#1952=ORIENTED_EDGE('',*,*,#1382,.T.);
#1953=ORIENTED_EDGE('',*,*,#1149,.F.);
#1954=ORIENTED_EDGE('',*,*,#1300,.T.);
#1955=ORIENTED_EDGE('',*,*,#1284,.F.);
#1956=ORIENTED_EDGE('',*,*,#1387,.T.);
#1957=ORIENTED_EDGE('',*,*,#1147,.F.);
#1958=ORIENTED_EDGE('',*,*,#1387,.F.);
#1959=ORIENTED_EDGE('',*,*,#1283,.F.);
#1960=ORIENTED_EDGE('',*,*,#1388,.F.);
#1961=ORIENTED_EDGE('',*,*,#1145,.F.);
#1962=ORIENTED_EDGE('',*,*,#1388,.T.);
#1963=ORIENTED_EDGE('',*,*,#1280,.F.);
#1964=ORIENTED_EDGE('',*,*,#1383,.T.);
#1965=ORIENTED_EDGE('',*,*,#1134,.F.);
#1966=ORIENTED_EDGE('',*,*,#1377,.F.);
#1967=ORIENTED_EDGE('',*,*,#1267,.F.);
#1968=ORIENTED_EDGE('',*,*,#1285,.F.);
#1969=ORIENTED_EDGE('',*,*,#1379,.F.);
#1970=ORIENTED_EDGE('',*,*,#1389,.T.);
#1971=ORIENTED_EDGE('',*,*,#1371,.F.);
#1972=ORIENTED_EDGE('',*,*,#1389,.F.);
#1973=ORIENTED_EDGE('',*,*,#1380,.F.);
#1974=ORIENTED_EDGE('',*,*,#1390,.T.);
#1975=ORIENTED_EDGE('',*,*,#1370,.F.);
#1976=ORIENTED_EDGE('',*,*,#1390,.F.);
#1977=ORIENTED_EDGE('',*,*,#1391,.F.);
#1978=ORIENTED_EDGE('',*,*,#1392,.T.);
#1979=ORIENTED_EDGE('',*,*,#1188,.F.);
#1980=ORIENTED_EDGE('',*,*,#1392,.F.);
#1981=ORIENTED_EDGE('',*,*,#1393,.F.);
#1982=ORIENTED_EDGE('',*,*,#1394,.T.);
#1983=ORIENTED_EDGE('',*,*,#1189,.F.);
#1984=ORIENTED_EDGE('',*,*,#1394,.F.);
#1985=ORIENTED_EDGE('',*,*,#1395,.T.);
#1986=ORIENTED_EDGE('',*,*,#1396,.T.);
#1987=ORIENTED_EDGE('',*,*,#1193,.T.);
#1988=ORIENTED_EDGE('',*,*,#1397,.T.);
#1989=ORIENTED_EDGE('',*,*,#1396,.F.);
#1990=ORIENTED_EDGE('',*,*,#1398,.T.);
#1991=ORIENTED_EDGE('',*,*,#1399,.F.);
#1992=ORIENTED_EDGE('',*,*,#1194,.F.);
#1993=ORIENTED_EDGE('',*,*,#1400,.T.);
#1994=ORIENTED_EDGE('',*,*,#1401,.T.);
#1995=ORIENTED_EDGE('',*,*,#1191,.T.);
#1996=ORIENTED_EDGE('',*,*,#1402,.T.);
#1997=ORIENTED_EDGE('',*,*,#1397,.F.);
#1998=ORIENTED_EDGE('',*,*,#1192,.F.);
#1999=ORIENTED_EDGE('',*,*,#1401,.F.);
#2000=ORIENTED_EDGE('',*,*,#1403,.T.);
#2001=ORIENTED_EDGE('',*,*,#1404,.T.);
#2002=ORIENTED_EDGE('',*,*,#1405,.T.);
#2003=ORIENTED_EDGE('',*,*,#1197,.T.);
#2004=ORIENTED_EDGE('',*,*,#1406,.T.);
#2005=ORIENTED_EDGE('',*,*,#1402,.F.);
#2006=ORIENTED_EDGE('',*,*,#1190,.F.);
#2007=ORIENTED_EDGE('',*,*,#1405,.F.);
#2008=ORIENTED_EDGE('',*,*,#1407,.T.);
#2009=ORIENTED_EDGE('',*,*,#1408,.T.);
#2010=ORIENTED_EDGE('',*,*,#1409,.T.);
#2011=ORIENTED_EDGE('',*,*,#1195,.T.);
#2012=ORIENTED_EDGE('',*,*,#1399,.T.);
#2013=ORIENTED_EDGE('',*,*,#1406,.F.);
#2014=ORIENTED_EDGE('',*,*,#1196,.F.);
#2015=ORIENTED_EDGE('',*,*,#1409,.F.);
#2016=ORIENTED_EDGE('',*,*,#1410,.T.);
#2017=ORIENTED_EDGE('',*,*,#1317,.T.);
#2018=ORIENTED_EDGE('',*,*,#1323,.T.);
#2019=ORIENTED_EDGE('',*,*,#1366,.T.);
#2020=ORIENTED_EDGE('',*,*,#1345,.T.);
#2021=ORIENTED_EDGE('',*,*,#1349,.T.);
#2022=ORIENTED_EDGE('',*,*,#1367,.T.);
#2023=ORIENTED_EDGE('',*,*,#1360,.T.);
#2024=ORIENTED_EDGE('',*,*,#1355,.T.);
#2025=ORIENTED_EDGE('',*,*,#1359,.T.);
#2026=ORIENTED_EDGE('',*,*,#1369,.T.);
#2027=ORIENTED_EDGE('',*,*,#1362,.T.);
#2028=ORIENTED_EDGE('',*,*,#1350,.T.);
#2029=ORIENTED_EDGE('',*,*,#1354,.T.);
#2030=ORIENTED_EDGE('',*,*,#1368,.T.);
#2031=ORIENTED_EDGE('',*,*,#1364,.T.);
#2032=ORIENTED_EDGE('',*,*,#1324,.T.);
#2033=ORIENTED_EDGE('',*,*,#1391,.T.);
#2034=ORIENTED_EDGE('',*,*,#1393,.T.);
#2035=ORIENTED_EDGE('',*,*,#1404,.F.);
#2036=ORIENTED_EDGE('',*,*,#1410,.F.);
#2037=ORIENTED_EDGE('',*,*,#1408,.F.);
#2038=ORIENTED_EDGE('',*,*,#1398,.F.);
#2039=ORIENTED_EDGE('',*,*,#1395,.F.);
#2040=ORIENTED_EDGE('',*,*,#1403,.F.);
#2041=ORIENTED_EDGE('',*,*,#1400,.F.);
#2042=ORIENTED_EDGE('',*,*,#1407,.F.);
#2043=PLANE('',#2245);
#2044=PLANE('',#2246);
#2045=PLANE('',#2253);
#2046=PLANE('',#2254);
#2047=PLANE('',#2263);
#2048=PLANE('',#2266);
#2049=PLANE('',#2269);
#2050=PLANE('',#2274);
#2051=PLANE('',#2277);
#2052=PLANE('',#2280);
#2053=PLANE('',#2283);
#2054=PLANE('',#2287);
#2055=PLANE('',#2291);
#2056=PLANE('',#2295);
#2057=PLANE('',#2301);
#2058=PLANE('',#2304);
#2059=PLANE('',#2305);
#2060=PLANE('',#2315);
#2061=PLANE('',#2318);
#2062=PLANE('',#2321);
#2063=PLANE('',#2325);
#2064=PLANE('',#2326);
#2065=PLANE('',#2328);
#2066=PLANE('',#2330);
#2067=PLANE('',#2347);
#2068=PLANE('',#2352);
#2069=PLANE('',#2357);
#2070=PLANE('',#2360);
#2071=PLANE('',#2363);
#2072=PLANE('',#2368);
#2073=PLANE('',#2373);
#2074=PLANE('',#2376);
#2075=PLANE('',#2380);
#2076=PLANE('',#2382);
#2077=PLANE('',#2386);
#2078=PLANE('',#2390);
#2079=PLANE('',#2410);
#2080=PLANE('',#2414);
#2081=PLANE('',#2447);
#2082=PLANE('',#2448);
#2083=PLANE('',#2449);
#2084=PLANE('',#2457);
#2085=PLANE('',#2461);
#2086=PLANE('',#2462);
#2087=PLANE('',#2464);
#2088=PLANE('',#2467);
#2089=PLANE('',#2469);
#2090=PLANE('',#2478);
#2091=PLANE('',#2481);
#2092=PLANE('',#2484);
#2093=PLANE('',#2487);
#2094=PLANE('',#2488);
#2095=ADVANCED_FACE('',(#231),#2043,.T.);
#2096=ADVANCED_FACE('',(#232,#91,#92),#2044,.T.);
#2097=ADVANCED_FACE('',(#233),#2045,.T.);
#2098=ADVANCED_FACE('',(#234,#93,#94),#2046,.T.);
#2099=ADVANCED_FACE('',(#235),#59,.F.);
#2100=ADVANCED_FACE('',(#236),#2047,.T.);
#2101=ADVANCED_FACE('',(#237),#60,.T.);
#2102=ADVANCED_FACE('',(#238),#2048,.T.);
#2103=ADVANCED_FACE('',(#239),#61,.T.);
#2104=ADVANCED_FACE('',(#240),#2049,.T.);
#2105=ADVANCED_FACE('',(#241),#62,.F.);
#2106=ADVANCED_FACE('',(#242),#63,.F.);
#2107=ADVANCED_FACE('',(#243),#2050,.T.);
#2108=ADVANCED_FACE('',(#244),#64,.T.);
#2109=ADVANCED_FACE('',(#245),#2051,.T.);
#2110=ADVANCED_FACE('',(#246),#65,.T.);
#2111=ADVANCED_FACE('',(#247),#2052,.T.);
#2112=ADVANCED_FACE('',(#248),#66,.F.);
#2113=ADVANCED_FACE('',(#249),#2053,.T.);
#2114=ADVANCED_FACE('',(#250),#67,.T.);
#2115=ADVANCED_FACE('',(#251),#2054,.T.);
#2116=ADVANCED_FACE('',(#252),#68,.T.);
#2117=ADVANCED_FACE('',(#253),#2055,.T.);
#2118=ADVANCED_FACE('',(#254),#69,.T.);
#2119=ADVANCED_FACE('',(#255),#2056,.T.);
#2120=ADVANCED_FACE('',(#256),#70,.T.);
#2121=ADVANCED_FACE('',(#257),#15,.T.);
#2122=ADVANCED_FACE('',(#258),#2057,.T.);
#2123=ADVANCED_FACE('',(#259),#16,.T.);
#2124=ADVANCED_FACE('',(#260),#2058,.T.);
#2125=ADVANCED_FACE('',(#261,#95,#96,#97),#2059,.T.);
#2126=ADVANCED_FACE('',(#262),#71,.T.);
#2127=ADVANCED_FACE('',(#263),#2060,.T.);
#2128=ADVANCED_FACE('',(#264),#72,.T.);
#2129=ADVANCED_FACE('',(#265),#2061,.T.);
#2130=ADVANCED_FACE('',(#266),#73,.T.);
#2131=ADVANCED_FACE('',(#267),#2062,.T.);
#2132=ADVANCED_FACE('',(#268),#74,.T.);
#2133=ADVANCED_FACE('',(#269),#2063,.T.);
#2134=ADVANCED_FACE('',(#270),#2064,.T.);
#2135=ADVANCED_FACE('',(#271),#17,.T.);
#2136=ADVANCED_FACE('',(#272),#2065,.T.);
#2137=ADVANCED_FACE('',(#273),#18,.T.);
#2138=ADVANCED_FACE('',(#274,#98,#99,#100,#101,#102),#2066,.T.);
#2139=ADVANCED_FACE('',(#275),#2067,.T.);
#2140=ADVANCED_FACE('',(#276),#75,.F.);
#2141=ADVANCED_FACE('',(#277),#76,.T.);
#2142=ADVANCED_FACE('',(#278),#2068,.T.);
#2143=ADVANCED_FACE('',(#279),#77,.T.);
#2144=ADVANCED_FACE('',(#280),#78,.F.);
#2145=ADVANCED_FACE('',(#281),#2069,.T.);
#2146=ADVANCED_FACE('',(#282),#79,.T.);
#2147=ADVANCED_FACE('',(#283),#2070,.T.);
#2148=ADVANCED_FACE('',(#284),#80,.T.);
#2149=ADVANCED_FACE('',(#285),#2071,.T.);
#2150=ADVANCED_FACE('',(#286),#81,.F.);
#2151=ADVANCED_FACE('',(#287),#82,.T.);
#2152=ADVANCED_FACE('',(#288),#2072,.T.);
#2153=ADVANCED_FACE('',(#289),#83,.T.);
#2154=ADVANCED_FACE('',(#290),#84,.F.);
#2155=ADVANCED_FACE('',(#291),#2073,.T.);
#2156=ADVANCED_FACE('',(#292),#85,.T.);
#2157=ADVANCED_FACE('',(#293),#2074,.T.);
#2158=ADVANCED_FACE('',(#294),#86,.T.);
#2159=ADVANCED_FACE('',(#295),#19,.T.);
#2160=ADVANCED_FACE('',(#296),#2075,.T.);
#2161=ADVANCED_FACE('',(#297),#20,.T.);
#2162=ADVANCED_FACE('',(#298),#2076,.T.);
#2163=ADVANCED_FACE('',(#299),#21,.F.);
#2164=ADVANCED_FACE('',(#300),#22,.T.);
#2165=ADVANCED_FACE('',(#301),#2077,.T.);
#2166=ADVANCED_FACE('',(#302),#23,.T.);
#2167=ADVANCED_FACE('',(#303),#24,.F.);
#2168=ADVANCED_FACE('',(#304),#2078,.T.);
#2169=ADVANCED_FACE('',(#305),#87,.F.);
#2170=ADVANCED_FACE('',(#306),#25,.F.);
#2171=ADVANCED_FACE('',(#307),#88,.F.);
#2172=ADVANCED_FACE('',(#308),#26,.F.);
#2173=ADVANCED_FACE('',(#309),#89,.F.);
#2174=ADVANCED_FACE('',(#310),#27,.F.);
#2175=ADVANCED_FACE('',(#311),#90,.F.);
#2176=ADVANCED_FACE('',(#312),#28,.F.);
#2177=ADVANCED_FACE('',(#313),#29,.F.);
#2178=ADVANCED_FACE('',(#314),#2079,.T.);
#2179=ADVANCED_FACE('',(#315),#30,.T.);
#2180=ADVANCED_FACE('',(#316,#103,#104,#105,#106,#107),#2080,.T.);
#2181=ADVANCED_FACE('',(#317),#31,.T.);
#2182=ADVANCED_FACE('',(#318),#32,.F.);
#2183=ADVANCED_FACE('',(#319),#33,.T.);
#2184=ADVANCED_FACE('',(#320),#34,.F.);
#2185=ADVANCED_FACE('',(#321),#35,.T.);
#2186=ADVANCED_FACE('',(#322),#36,.F.);
#2187=ADVANCED_FACE('',(#323),#37,.F.);
#2188=ADVANCED_FACE('',(#324),#38,.F.);
#2189=ADVANCED_FACE('',(#325),#39,.F.);
#2190=ADVANCED_FACE('',(#326),#40,.F.);
#2191=ADVANCED_FACE('',(#327),#2081,.T.);
#2192=ADVANCED_FACE('',(#328),#2082,.T.);
#2193=ADVANCED_FACE('',(#329,#108,#109),#2083,.T.);
#2194=ADVANCED_FACE('',(#330),#41,.F.);
#2195=ADVANCED_FACE('',(#331),#42,.F.);
#2196=ADVANCED_FACE('',(#332),#43,.F.);
#2197=ADVANCED_FACE('',(#333),#44,.F.);
#2198=ADVANCED_FACE('',(#334),#45,.F.);
#2199=ADVANCED_FACE('',(#335,#110,#111),#2084,.T.);
#2200=ADVANCED_FACE('',(#336),#46,.F.);
#2201=ADVANCED_FACE('',(#337),#2085,.T.);
#2202=ADVANCED_FACE('',(#338),#2086,.T.);
#2203=ADVANCED_FACE('',(#339),#47,.T.);
#2204=ADVANCED_FACE('',(#340),#2087,.T.);
#2205=ADVANCED_FACE('',(#341),#48,.T.);
#2206=ADVANCED_FACE('',(#342),#49,.T.);
#2207=ADVANCED_FACE('',(#343),#2088,.T.);
#2208=ADVANCED_FACE('',(#344),#50,.T.);
#2209=ADVANCED_FACE('',(#345),#2089,.T.);
#2210=ADVANCED_FACE('',(#346),#51,.F.);
#2211=ADVANCED_FACE('',(#347),#52,.F.);
#2212=ADVANCED_FACE('',(#348),#53,.F.);
#2213=ADVANCED_FACE('',(#349),#54,.F.);
#2214=ADVANCED_FACE('',(#350),#55,.F.);
#2215=ADVANCED_FACE('',(#351),#2090,.T.);
#2216=ADVANCED_FACE('',(#352),#56,.F.);
#2217=ADVANCED_FACE('',(#353),#2091,.T.);
#2218=ADVANCED_FACE('',(#354),#57,.F.);
#2219=ADVANCED_FACE('',(#355),#2092,.T.);
#2220=ADVANCED_FACE('',(#356),#58,.F.);
#2221=ADVANCED_FACE('',(#357),#2093,.T.);
#2222=ADVANCED_FACE('',(#358,#112,#113,#114),#2094,.F.);
#2223=CLOSED_SHELL('',(#2095,#2096,#2097,#2098,#2099,#2100,#2101,#2102,
#2103,#2104,#2105,#2106,#2107,#2108,#2109,#2110,#2111,#2112,#2113,#2114,
#2115,#2116,#2117,#2118,#2119,#2120,#2121,#2122,#2123,#2124,#2125,#2126,
#2127,#2128,#2129,#2130,#2131,#2132,#2133,#2134,#2135,#2136,#2137,#2138,
#2139,#2140,#2141,#2142,#2143,#2144,#2145,#2146,#2147,#2148,#2149,#2150,
#2151,#2152,#2153,#2154,#2155,#2156,#2157,#2158,#2159,#2160,#2161,#2162,
#2163,#2164,#2165,#2166,#2167,#2168,#2169,#2170,#2171,#2172,#2173,#2174,
#2175,#2176,#2177,#2178,#2179,#2180,#2181,#2182,#2183,#2184,#2185,#2186,
#2187,#2188,#2189,#2190,#2191,#2192,#2193,#2194,#2195,#2196,#2197,#2198,
#2199,#2200,#2201,#2202,#2203,#2204,#2205,#2206,#2207,#2208,#2209,#2210,
#2211,#2212,#2213,#2214,#2215,#2216,#2217,#2218,#2219,#2220,#2221,#2222));
#2224=DERIVED_UNIT_ELEMENT(#2226,1.);
#2225=DERIVED_UNIT_ELEMENT(#3840,-3.);
#2226=(
CONVERSION_BASED_UNIT('gram',#2228)
MASS_UNIT()
NAMED_UNIT(#3837)
);
#2227=(
MASS_UNIT()
NAMED_UNIT(*)
SI_UNIT(.KILO.,.GRAM.)
);
#2228=MASS_MEASURE_WITH_UNIT(MASS_MEASURE(0.001),#2227);
#2229=DERIVED_UNIT((#2224,#2225));
#2230=MEASURE_REPRESENTATION_ITEM('density measure',
POSITIVE_RATIO_MEASURE(1.06),#2229);
#2231=PROPERTY_DEFINITION_REPRESENTATION(#2236,#2233);
#2232=PROPERTY_DEFINITION_REPRESENTATION(#2237,#2234);
#2233=REPRESENTATION('material name',(#2235),#3834);
#2234=REPRESENTATION('density',(#2230),#3834);
#2235=DESCRIPTIVE_REPRESENTATION_ITEM('ABS Plastic','ABS Plastic');
#2236=PROPERTY_DEFINITION('material property','material name',#3848);
#2237=PROPERTY_DEFINITION('material property','density of part',#3848);
#2238=DATE_TIME_ROLE('creation_date');
#2239=APPLIED_DATE_AND_TIME_ASSIGNMENT(#2240,#2238,(#3848));
#2240=DATE_AND_TIME(#2241,#2242);
#2241=CALENDAR_DATE(2026,18,8);
#2242=LOCAL_TIME(0,0,0.,#2243);
#2243=COORDINATED_UNIVERSAL_TIME_OFFSET(0,0,.BEHIND.);
#2244=AXIS2_PLACEMENT_3D('',#3167,#2489,#2490);
#2245=AXIS2_PLACEMENT_3D('',#3168,#2491,#2492);
#2246=AXIS2_PLACEMENT_3D('',#3181,#2495,#2496);
#2247=AXIS2_PLACEMENT_3D('',#3183,#2497,#2498);
#2248=AXIS2_PLACEMENT_3D('',#3187,#2500,#2501);
#2249=AXIS2_PLACEMENT_3D('',#3191,#2503,#2504);
#2250=AXIS2_PLACEMENT_3D('',#3194,#2506,#2507);
#2251=AXIS2_PLACEMENT_3D('',#3196,#2508,#2509);
#2252=AXIS2_PLACEMENT_3D('',#3198,#2510,#2511);
#2253=AXIS2_PLACEMENT_3D('',#3199,#2512,#2513);
#2254=AXIS2_PLACEMENT_3D('',#3212,#2516,#2517);
#2255=AXIS2_PLACEMENT_3D('',#3214,#2518,#2519);
#2256=AXIS2_PLACEMENT_3D('',#3218,#2521,#2522);
#2257=AXIS2_PLACEMENT_3D('',#3222,#2524,#2525);
#2258=AXIS2_PLACEMENT_3D('',#3225,#2527,#2528);
#2259=AXIS2_PLACEMENT_3D('',#3227,#2529,#2530);
#2260=AXIS2_PLACEMENT_3D('',#3229,#2531,#2532);
#2261=AXIS2_PLACEMENT_3D('',#3230,#2533,#2534);
#2262=AXIS2_PLACEMENT_3D('',#3241,#2536,#2537);
#2263=AXIS2_PLACEMENT_3D('',#3242,#2538,#2539);
#2264=AXIS2_PLACEMENT_3D('',#3246,#2542,#2543);
#2265=AXIS2_PLACEMENT_3D('',#3249,#2545,#2546);
#2266=AXIS2_PLACEMENT_3D('',#3250,#2547,#2548);
#2267=AXIS2_PLACEMENT_3D('',#3254,#2551,#2552);
#2268=AXIS2_PLACEMENT_3D('',#3257,#2554,#2555);
#2269=AXIS2_PLACEMENT_3D('',#3258,#2556,#2557);
#2270=AXIS2_PLACEMENT_3D('',#3262,#2560,#2561);
#2271=AXIS2_PLACEMENT_3D('',#3268,#2562,#2563);
#2272=AXIS2_PLACEMENT_3D('',#3272,#2564,#2565);
#2273=AXIS2_PLACEMENT_3D('',#3283,#2567,#2568);
#2274=AXIS2_PLACEMENT_3D('',#3284,#2569,#2570);
#2275=AXIS2_PLACEMENT_3D('',#3288,#2573,#2574);
#2276=AXIS2_PLACEMENT_3D('',#3291,#2576,#2577);
#2277=AXIS2_PLACEMENT_3D('',#3292,#2578,#2579);
#2278=AXIS2_PLACEMENT_3D('',#3296,#2582,#2583);
#2279=AXIS2_PLACEMENT_3D('',#3299,#2585,#2586);
#2280=AXIS2_PLACEMENT_3D('',#3300,#2587,#2588);
#2281=AXIS2_PLACEMENT_3D('',#3304,#2591,#2592);
#2282=AXIS2_PLACEMENT_3D('',#3310,#2593,#2594);
#2283=AXIS2_PLACEMENT_3D('',#3314,#2595,#2596);
#2284=AXIS2_PLACEMENT_3D('',#3323,#2601,#2602);
#2285=AXIS2_PLACEMENT_3D('',#3325,#2603,#2604);
#2286=AXIS2_PLACEMENT_3D('',#3328,#2606,#2607);
#2287=AXIS2_PLACEMENT_3D('',#3329,#2608,#2609);
#2288=AXIS2_PLACEMENT_3D('',#3335,#2613,#2614);
#2289=AXIS2_PLACEMENT_3D('',#3337,#2615,#2616);
#2290=AXIS2_PLACEMENT_3D('',#3340,#2618,#2619);
#2291=AXIS2_PLACEMENT_3D('',#3341,#2620,#2621);
#2292=AXIS2_PLACEMENT_3D('',#3347,#2625,#2626);
#2293=AXIS2_PLACEMENT_3D('',#3349,#2627,#2628);
#2294=AXIS2_PLACEMENT_3D('',#3352,#2630,#2631);
#2295=AXIS2_PLACEMENT_3D('',#3353,#2632,#2633);
#2296=AXIS2_PLACEMENT_3D('',#3359,#2637,#2638);
#2297=AXIS2_PLACEMENT_3D('',#3360,#2639,#2640);
#2298=AXIS2_PLACEMENT_3D('',#3361,#2641,#2642);
#2299=AXIS2_PLACEMENT_3D('',#3362,#2643,#2644);
#2300=AXIS2_PLACEMENT_3D('',#3366,#2646,#2647);
#2301=AXIS2_PLACEMENT_3D('',#3368,#2649,#2650);
#2302=AXIS2_PLACEMENT_3D('',#3372,#2653,#2654);
#2303=AXIS2_PLACEMENT_3D('',#3375,#2656,#2657);
#2304=AXIS2_PLACEMENT_3D('',#3376,#2658,#2659);
#2305=AXIS2_PLACEMENT_3D('',#3380,#2662,#2663);
#2306=AXIS2_PLACEMENT_3D('',#3382,#2664,#2665);
#2307=AXIS2_PLACEMENT_3D('',#3384,#2666,#2667);
#2308=AXIS2_PLACEMENT_3D('',#3389,#2669,#2670);
#2309=AXIS2_PLACEMENT_3D('',#3393,#2672,#2673);
#2310=AXIS2_PLACEMENT_3D('',#3397,#2675,#2676);
#2311=AXIS2_PLACEMENT_3D('',#3400,#2678,#2679);
#2312=AXIS2_PLACEMENT_3D('',#3401,#2680,#2681);
#2313=AXIS2_PLACEMENT_3D('',#3405,#2683,#2684);
#2314=AXIS2_PLACEMENT_3D('',#3408,#2686,#2687);
#2315=AXIS2_PLACEMENT_3D('',#3409,#2688,#2689);
#2316=AXIS2_PLACEMENT_3D('',#3413,#2692,#2693);
#2317=AXIS2_PLACEMENT_3D('',#3416,#2695,#2696);
#2318=AXIS2_PLACEMENT_3D('',#3417,#2697,#2698);
#2319=AXIS2_PLACEMENT_3D('',#3421,#2701,#2702);
#2320=AXIS2_PLACEMENT_3D('',#3424,#2704,#2705);
#2321=AXIS2_PLACEMENT_3D('',#3425,#2706,#2707);
#2322=AXIS2_PLACEMENT_3D('',#3431,#2711,#2712);
#2323=AXIS2_PLACEMENT_3D('',#3435,#2714,#2715);
#2324=AXIS2_PLACEMENT_3D('',#3436,#2716,#2717);
#2325=AXIS2_PLACEMENT_3D('',#3437,#2718,#2719);
#2326=AXIS2_PLACEMENT_3D('',#3440,#2722,#2723);
#2327=AXIS2_PLACEMENT_3D('',#3442,#2725,#2726);
#2328=AXIS2_PLACEMENT_3D('',#3444,#2728,#2729);
#2329=AXIS2_PLACEMENT_3D('',#3446,#2731,#2732);
#2330=AXIS2_PLACEMENT_3D('',#3447,#2733,#2734);
#2331=AXIS2_PLACEMENT_3D('',#3452,#2736,#2737);
#2332=AXIS2_PLACEMENT_3D('',#3454,#2738,#2739);
#2333=AXIS2_PLACEMENT_3D('',#3458,#2741,#2742);
#2334=AXIS2_PLACEMENT_3D('',#3460,#2743,#2744);
#2335=AXIS2_PLACEMENT_3D('',#3464,#2746,#2747);
#2336=AXIS2_PLACEMENT_3D('',#3468,#2749,#2750);
#2337=AXIS2_PLACEMENT_3D('',#3472,#2752,#2753);
#2338=AXIS2_PLACEMENT_3D('',#3474,#2754,#2755);
#2339=AXIS2_PLACEMENT_3D('',#3478,#2757,#2758);
#2340=AXIS2_PLACEMENT_3D('',#3480,#2759,#2760);
#2341=AXIS2_PLACEMENT_3D('',#3484,#2762,#2763);
#2342=AXIS2_PLACEMENT_3D('',#3487,#2765,#2766);
#2343=AXIS2_PLACEMENT_3D('',#3489,#2767,#2768);
#2344=AXIS2_PLACEMENT_3D('',#3491,#2769,#2770);
#2345=AXIS2_PLACEMENT_3D('',#3493,#2771,#2772);
#2346=AXIS2_PLACEMENT_3D('',#3495,#2773,#2774);
#2347=AXIS2_PLACEMENT_3D('',#3496,#2775,#2776);
#2348=AXIS2_PLACEMENT_3D('',#3502,#2780,#2781);
#2349=AXIS2_PLACEMENT_3D('',#3504,#2782,#2783);
#2350=AXIS2_PLACEMENT_3D('',#3506,#2785,#2786);
#2351=AXIS2_PLACEMENT_3D('',#3508,#2787,#2788);
#2352=AXIS2_PLACEMENT_3D('',#3510,#2790,#2791);
#2353=AXIS2_PLACEMENT_3D('',#3514,#2794,#2795);
#2354=AXIS2_PLACEMENT_3D('',#3516,#2796,#2797);
#2355=AXIS2_PLACEMENT_3D('',#3518,#2799,#2800);
#2356=AXIS2_PLACEMENT_3D('',#3520,#2801,#2802);
#2357=AXIS2_PLACEMENT_3D('',#3522,#2804,#2805);
#2358=AXIS2_PLACEMENT_3D('',#3526,#2808,#2809);
#2359=AXIS2_PLACEMENT_3D('',#3528,#2810,#2811);
#2360=AXIS2_PLACEMENT_3D('',#3530,#2813,#2814);
#2361=AXIS2_PLACEMENT_3D('',#3534,#2817,#2818);
#2362=AXIS2_PLACEMENT_3D('',#3536,#2819,#2820);
#2363=AXIS2_PLACEMENT_3D('',#3538,#2822,#2823);
#2364=AXIS2_PLACEMENT_3D('',#3542,#2826,#2827);
#2365=AXIS2_PLACEMENT_3D('',#3544,#2828,#2829);
#2366=AXIS2_PLACEMENT_3D('',#3546,#2831,#2832);
#2367=AXIS2_PLACEMENT_3D('',#3548,#2833,#2834);
#2368=AXIS2_PLACEMENT_3D('',#3550,#2836,#2837);
#2369=AXIS2_PLACEMENT_3D('',#3554,#2840,#2841);
#2370=AXIS2_PLACEMENT_3D('',#3556,#2842,#2843);
#2371=AXIS2_PLACEMENT_3D('',#3558,#2845,#2846);
#2372=AXIS2_PLACEMENT_3D('',#3560,#2847,#2848);
#2373=AXIS2_PLACEMENT_3D('',#3562,#2850,#2851);
#2374=AXIS2_PLACEMENT_3D('',#3566,#2854,#2855);
#2375=AXIS2_PLACEMENT_3D('',#3568,#2856,#2857);
#2376=AXIS2_PLACEMENT_3D('',#3570,#2859,#2860);
#2377=AXIS2_PLACEMENT_3D('',#3574,#2863,#2864);
#2378=AXIS2_PLACEMENT_3D('',#3575,#2865,#2866);
#2379=AXIS2_PLACEMENT_3D('',#3576,#2867,#2868);
#2380=AXIS2_PLACEMENT_3D('',#3579,#2871,#2872);
#2381=AXIS2_PLACEMENT_3D('',#3581,#2874,#2875);
#2382=AXIS2_PLACEMENT_3D('',#3583,#2877,#2878);
#2383=AXIS2_PLACEMENT_3D('',#3585,#2880,#2881);
#2384=AXIS2_PLACEMENT_3D('',#3587,#2883,#2884);
#2385=AXIS2_PLACEMENT_3D('',#3591,#2886,#2887);
#2386=AXIS2_PLACEMENT_3D('',#3593,#2889,#2890);
#2387=AXIS2_PLACEMENT_3D('',#3597,#2893,#2894);
#2388=AXIS2_PLACEMENT_3D('',#3601,#2897,#2898);
#2389=AXIS2_PLACEMENT_3D('',#3602,#2899,#2900);
#2390=AXIS2_PLACEMENT_3D('',#3604,#2902,#2903);
#2391=AXIS2_PLACEMENT_3D('',#3606,#2905,#2906);
#2392=AXIS2_PLACEMENT_3D('',#3608,#2907,#2908);
#2393=AXIS2_PLACEMENT_3D('',#3611,#2910,#2911);
#2394=AXIS2_PLACEMENT_3D('',#3613,#2912,#2913);
#2395=AXIS2_PLACEMENT_3D('',#3615,#2915,#2916);
#2396=AXIS2_PLACEMENT_3D('',#3617,#2917,#2918);
#2397=AXIS2_PLACEMENT_3D('',#3620,#2920,#2921);
#2398=AXIS2_PLACEMENT_3D('',#3622,#2922,#2923);
#2399=AXIS2_PLACEMENT_3D('',#3624,#2925,#2926);
#2400=AXIS2_PLACEMENT_3D('',#3626,#2927,#2928);
#2401=AXIS2_PLACEMENT_3D('',#3629,#2930,#2931);
#2402=AXIS2_PLACEMENT_3D('',#3631,#2932,#2933);
#2403=AXIS2_PLACEMENT_3D('',#3633,#2935,#2936);
#2404=AXIS2_PLACEMENT_3D('',#3635,#2937,#2938);
#2405=AXIS2_PLACEMENT_3D('',#3638,#2940,#2941);
#2406=AXIS2_PLACEMENT_3D('',#3640,#2942,#2943);
#2407=AXIS2_PLACEMENT_3D('',#3642,#2945,#2946);
#2408=AXIS2_PLACEMENT_3D('',#3645,#2947,#2948);
#2409=AXIS2_PLACEMENT_3D('',#3649,#2950,#2951);
#2410=AXIS2_PLACEMENT_3D('',#3651,#2953,#2954);
#2411=AXIS2_PLACEMENT_3D('',#3657,#2958,#2959);
#2412=AXIS2_PLACEMENT_3D('',#3659,#2960,#2961);
#2413=AXIS2_PLACEMENT_3D('',#3662,#2963,#2964);
#2414=AXIS2_PLACEMENT_3D('',#3663,#2965,#2966);
#2415=AXIS2_PLACEMENT_3D('',#3667,#2968,#2969);
#2416=AXIS2_PLACEMENT_3D('',#3671,#2971,#2972);
#2417=AXIS2_PLACEMENT_3D('',#3674,#2974,#2975);
#2418=AXIS2_PLACEMENT_3D('',#3678,#2977,#2978);
#2419=AXIS2_PLACEMENT_3D('',#3680,#2979,#2980);
#2420=AXIS2_PLACEMENT_3D('',#3682,#2981,#2982);
#2421=AXIS2_PLACEMENT_3D('',#3686,#2984,#2985);
#2422=AXIS2_PLACEMENT_3D('',#3688,#2986,#2987);
#2423=AXIS2_PLACEMENT_3D('',#3690,#2988,#2989);
#2424=AXIS2_PLACEMENT_3D('',#3694,#2991,#2992);
#2425=AXIS2_PLACEMENT_3D('',#3696,#2993,#2994);
#2426=AXIS2_PLACEMENT_3D('',#3697,#2995,#2996);
#2427=AXIS2_PLACEMENT_3D('',#3698,#2997,#2998);
#2428=AXIS2_PLACEMENT_3D('',#3701,#2999,#3000);
#2429=AXIS2_PLACEMENT_3D('',#3704,#3003,#3004);
#2430=AXIS2_PLACEMENT_3D('',#3707,#3006,#3007);
#2431=AXIS2_PLACEMENT_3D('',#3708,#3008,#3009);
#2432=AXIS2_PLACEMENT_3D('',#3711,#3010,#3011);
#2433=AXIS2_PLACEMENT_3D('',#3714,#3014,#3015);
#2434=AXIS2_PLACEMENT_3D('',#3717,#3017,#3018);
#2435=AXIS2_PLACEMENT_3D('',#3718,#3019,#3020);
#2436=AXIS2_PLACEMENT_3D('',#3721,#3021,#3022);
#2437=AXIS2_PLACEMENT_3D('',#3724,#3025,#3026);
#2438=AXIS2_PLACEMENT_3D('',#3727,#3028,#3029);
#2439=AXIS2_PLACEMENT_3D('',#3728,#3030,#3031);
#2440=AXIS2_PLACEMENT_3D('',#3730,#3032,#3033);
#2441=AXIS2_PLACEMENT_3D('',#3732,#3035,#3036);
#2442=AXIS2_PLACEMENT_3D('',#3734,#3037,#3038);
#2443=AXIS2_PLACEMENT_3D('',#3736,#3040,#3041);
#2444=AXIS2_PLACEMENT_3D('',#3738,#3042,#3043);
#2445=AXIS2_PLACEMENT_3D('',#3740,#3045,#3046);
#2446=AXIS2_PLACEMENT_3D('',#3741,#3047,#3048);
#2447=AXIS2_PLACEMENT_3D('',#3742,#3049,#3050);
#2448=AXIS2_PLACEMENT_3D('',#3744,#3052,#3053);
#2449=AXIS2_PLACEMENT_3D('',#3746,#3055,#3056);
#2450=AXIS2_PLACEMENT_3D('',#3749,#3058,#3059);
#2451=AXIS2_PLACEMENT_3D('',#3751,#3060,#3061);
#2452=AXIS2_PLACEMENT_3D('',#3752,#3062,#3063);
#2453=AXIS2_PLACEMENT_3D('',#3754,#3065,#3066);
#2454=AXIS2_PLACEMENT_3D('',#3756,#3068,#3069);
#2455=AXIS2_PLACEMENT_3D('',#3758,#3071,#3072);
#2456=AXIS2_PLACEMENT_3D('',#3760,#3074,#3075);
#2457=AXIS2_PLACEMENT_3D('',#3763,#3078,#3079);
#2458=AXIS2_PLACEMENT_3D('',#3766,#3081,#3082);
#2459=AXIS2_PLACEMENT_3D('',#3768,#3083,#3084);
#2460=AXIS2_PLACEMENT_3D('',#3769,#3085,#3086);
#2461=AXIS2_PLACEMENT_3D('',#3772,#3089,#3090);
#2462=AXIS2_PLACEMENT_3D('',#3774,#3092,#3093);
#2463=AXIS2_PLACEMENT_3D('',#3776,#3095,#3096);
#2464=AXIS2_PLACEMENT_3D('',#3778,#3098,#3099);
#2465=AXIS2_PLACEMENT_3D('',#3780,#3101,#3102);
#2466=AXIS2_PLACEMENT_3D('',#3781,#3103,#3104);
#2467=AXIS2_PLACEMENT_3D('',#3783,#3106,#3107);
#2468=AXIS2_PLACEMENT_3D('',#3785,#3109,#3110);
#2469=AXIS2_PLACEMENT_3D('',#3786,#3111,#3112);
#2470=AXIS2_PLACEMENT_3D('',#3787,#3113,#3114);
#2471=AXIS2_PLACEMENT_3D('',#3789,#3116,#3117);
#2472=AXIS2_PLACEMENT_3D('',#3791,#3119,#3120);
#2473=AXIS2_PLACEMENT_3D('',#3793,#3121,#3122);
#2474=AXIS2_PLACEMENT_3D('',#3795,#3124,#3125);
#2475=AXIS2_PLACEMENT_3D('',#3797,#3126,#3127);
#2476=AXIS2_PLACEMENT_3D('',#3799,#3129,#3130);
#2477=AXIS2_PLACEMENT_3D('',#3802,#3131,#3132);
#2478=AXIS2_PLACEMENT_3D('',#3805,#3135,#3136);
#2479=AXIS2_PLACEMENT_3D('',#3809,#3139,#3140);
#2480=AXIS2_PLACEMENT_3D('',#3812,#3141,#3142);
#2481=AXIS2_PLACEMENT_3D('',#3815,#3145,#3146);
#2482=AXIS2_PLACEMENT_3D('',#3817,#3148,#3149);
#2483=AXIS2_PLACEMENT_3D('',#3820,#3150,#3151);
#2484=AXIS2_PLACEMENT_3D('',#3823,#3154,#3155);
#2485=AXIS2_PLACEMENT_3D('',#3825,#3157,#3158);
#2486=AXIS2_PLACEMENT_3D('',#3827,#3159,#3160);
#2487=AXIS2_PLACEMENT_3D('',#3829,#3162,#3163);
#2488=AXIS2_PLACEMENT_3D('',#3831,#3165,#3166);
#2489=DIRECTION('axis',(0.,0.,1.));
#2490=DIRECTION('refdir',(1.,0.,0.));
#2491=DIRECTION('center_axis',(0.707106781186555,1.6207406025123E-15,-0.70710678118654));
#2492=DIRECTION('ref_axis',(-0.70710678118654,0.,-0.707106781186555));
#2493=DIRECTION('',(2.29207334116162E-15,-1.,0.));
#2494=DIRECTION('',(-2.29207334116162E-15,1.,0.));
#2495=DIRECTION('center_axis',(0.,0.,-1.));
#2496=DIRECTION('ref_axis',(-1.,0.,0.));
#2497=DIRECTION('center_axis',(0.,0.,-1.));
#2498=DIRECTION('ref_axis',(-0.707106781186543,-0.707106781186552,0.));
#2499=DIRECTION('',(-1.,-6.3441315692866E-16,0.));
#2500=DIRECTION('center_axis',(0.,0.,1.));
#2501=DIRECTION('ref_axis',(0.707106781186543,0.707106781186552,0.));
#2502=DIRECTION('',(-1.26882631385732E-15,1.,0.));
#2503=DIRECTION('center_axis',(0.,0.,1.));
#2504=DIRECTION('ref_axis',(0.707106781186545,-0.70710678118655,0.));
#2505=DIRECTION('',(1.,1.09039761347113E-15,0.));
#2506=DIRECTION('center_axis',(0.,0.,-1.));
#2507=DIRECTION('ref_axis',(-0.707106781186544,0.70710678118655,0.));
#2508=DIRECTION('center_axis',(0.,0.,1.));
#2509=DIRECTION('ref_axis',(1.,0.,0.));
#2510=DIRECTION('center_axis',(0.,0.,1.));
#2511=DIRECTION('ref_axis',(1.,0.,0.));
#2512=DIRECTION('center_axis',(-0.707106781186547,0.,-0.707106781186548));
#2513=DIRECTION('ref_axis',(-0.707106781186548,0.,0.707106781186547));
#2514=DIRECTION('',(0.,1.,0.));
#2515=DIRECTION('',(0.,-1.,0.));
#2516=DIRECTION('center_axis',(0.,0.,-1.));
#2517=DIRECTION('ref_axis',(-1.,0.,0.));
#2518=DIRECTION('center_axis',(0.,0.,-1.));
#2519=DIRECTION('ref_axis',(0.707106781186548,0.707106781186547,0.));
#2520=DIRECTION('',(1.,2.57730345002268E-16,0.));
#2521=DIRECTION('center_axis',(0.,0.,1.));
#2522=DIRECTION('ref_axis',(-0.707106781186547,-0.707106781186548,0.));
#2523=DIRECTION('',(1.94289029309402E-15,-1.,0.));
#2524=DIRECTION('center_axis',(0.,0.,1.));
#2525=DIRECTION('ref_axis',(-0.70710678118655,0.707106781186545,0.));
#2526=DIRECTION('',(-1.,-1.26882631385732E-15,0.));
#2527=DIRECTION('center_axis',(0.,0.,-1.));
#2528=DIRECTION('ref_axis',(0.707106781186551,-0.707106781186544,0.));
#2529=DIRECTION('center_axis',(0.,0.,1.));
#2530=DIRECTION('ref_axis',(1.,0.,0.));
#2531=DIRECTION('center_axis',(0.,0.,1.));
#2532=DIRECTION('ref_axis',(1.,0.,0.));
#2533=DIRECTION('center_axis',(0.,0.,-1.));
#2534=DIRECTION('ref_axis',(-0.707106781186544,0.70710678118655,0.));
#2535=DIRECTION('',(0.,-0.707106781186548,0.707106781186547));
#2536=DIRECTION('center_axis',(0.,0.,1.));
#2537=DIRECTION('ref_axis',(-0.707106781186545,0.707106781186551,0.));
#2538=DIRECTION('center_axis',(7.71027546675067E-16,-0.707106781186548,
-0.707106781186547));
#2539=DIRECTION('ref_axis',(-1.,0.,-1.09039761347114E-15));
#2540=DIRECTION('',(0.,-0.707106781186547,0.707106781186548));
#2541=DIRECTION('',(-1.,-1.09039761347113E-15,0.));
#2542=DIRECTION('center_axis',(0.,0.,1.));
#2543=DIRECTION('ref_axis',(0.707106781186545,-0.70710678118655,0.));
#2544=DIRECTION('',(0.707106781186561,2.61682076447291E-15,0.707106781186534));
#2545=DIRECTION('center_axis',(0.,0.,-1.));
#2546=DIRECTION('ref_axis',(0.707106781186545,-0.70710678118655,0.));
#2547=DIRECTION('center_axis',(0.707106781186534,8.97195690676427E-16,-0.707106781186561));
#2548=DIRECTION('ref_axis',(-0.707106781186561,0.,-0.707106781186534));
#2549=DIRECTION('',(0.707106781186519,0.,0.707106781186576));
#2550=DIRECTION('',(1.26882631385732E-15,-1.,0.));
#2551=DIRECTION('center_axis',(0.,0.,1.));
#2552=DIRECTION('ref_axis',(0.707106781186543,0.707106781186552,0.));
#2553=DIRECTION('',(0.,0.707106781186561,0.707106781186534));
#2554=DIRECTION('center_axis',(0.,0.,-1.));
#2555=DIRECTION('ref_axis',(0.707106781186543,0.707106781186552,0.));
#2556=DIRECTION('center_axis',(-4.48597845338219E-16,0.707106781186545,
-0.70710678118655));
#2557=DIRECTION('ref_axis',(-1.,0.,6.34413156928655E-16));
#2558=DIRECTION('',(0.,0.70710678118655,0.707106781186545));
#2559=DIRECTION('',(1.,6.3441315692866E-16,0.));
#2560=DIRECTION('center_axis',(0.,0.,-1.));
#2561=DIRECTION('ref_axis',(-0.707106781186543,-0.707106781186552,0.));
#2562=DIRECTION('center_axis',(0.,0.,1.));
#2563=DIRECTION('ref_axis',(-0.707106781186543,-0.707106781186552,0.));
#2564=DIRECTION('center_axis',(0.,0.,-1.));
#2565=DIRECTION('ref_axis',(0.707106781186551,-0.707106781186544,0.));
#2566=DIRECTION('',(-6.54205191118227E-16,0.707106781186561,0.707106781186534));
#2567=DIRECTION('center_axis',(0.,0.,1.));
#2568=DIRECTION('ref_axis',(0.707106781186551,-0.707106781186544,0.));
#2569=DIRECTION('center_axis',(-8.97195690676423E-16,0.707106781186534,
-0.707106781186561));
#2570=DIRECTION('ref_axis',(-1.,0.,1.26882631385727E-15));
#2571=DIRECTION('',(0.,0.70710678118655,0.707106781186545));
#2572=DIRECTION('',(1.,1.26882631385732E-15,0.));
#2573=DIRECTION('center_axis',(0.,0.,1.));
#2574=DIRECTION('ref_axis',(-0.70710678118655,0.707106781186545,0.));
#2575=DIRECTION('',(-0.707106781186555,-2.09345661157834E-14,0.70710678118654));
#2576=DIRECTION('center_axis',(0.,0.,-1.));
#2577=DIRECTION('ref_axis',(-0.70710678118655,0.707106781186545,0.));
#2578=DIRECTION('center_axis',(-0.707106781186548,-1.3738309013483E-15,
-0.707106781186548));
#2579=DIRECTION('ref_axis',(-0.707106781186548,0.,0.707106781186548));
#2580=DIRECTION('',(-0.70710678118655,-1.30841038223647E-15,0.707106781186545));
#2581=DIRECTION('',(-1.94289029309402E-15,1.,0.));
#2582=DIRECTION('center_axis',(0.,0.,1.));
#2583=DIRECTION('ref_axis',(-0.707106781186547,-0.707106781186548,0.));
#2584=DIRECTION('',(0.,-0.707106781186548,0.707106781186548));
#2585=DIRECTION('center_axis',(0.,0.,-1.));
#2586=DIRECTION('ref_axis',(-0.707106781186547,-0.707106781186548,0.));
#2587=DIRECTION('center_axis',(1.82242874668652E-16,-0.707106781186548,
-0.707106781186548));
#2588=DIRECTION('ref_axis',(-1.,0.,-2.57730345002268E-16));
#2589=DIRECTION('',(0.,-0.707106781186548,0.707106781186547));
#2590=DIRECTION('',(-1.,-2.57730345002268E-16,0.));
#2591=DIRECTION('center_axis',(0.,0.,-1.));
#2592=DIRECTION('ref_axis',(0.707106781186548,0.707106781186547,0.));
#2593=DIRECTION('center_axis',(0.,0.,1.));
#2594=DIRECTION('ref_axis',(0.707106781186548,0.707106781186547,0.));
#2595=DIRECTION('center_axis',(8.2265825342372E-16,-0.707106781186549,0.707106781186546));
#2596=DIRECTION('ref_axis',(1.,0.,-1.16341445918999E-15));
#2597=DIRECTION('',(0.,0.707106781186546,0.707106781186549));
#2598=DIRECTION('',(-1.,-1.16341445918999E-15,0.));
#2599=DIRECTION('',(1.30841038223648E-15,-0.707106781186546,-0.707106781186549));
#2600=DIRECTION('',(1.,1.16341445918999E-15,0.));
#2601=DIRECTION('center_axis',(0.,0.,-1.));
#2602=DIRECTION('ref_axis',(0.707106781186553,-0.707106781186542,0.));
#2603=DIRECTION('center_axis',(0.,0.,1.));
#2604=DIRECTION('ref_axis',(0.707106781186553,-0.707106781186542,0.));
#2605=DIRECTION('',(-0.707106781186582,-1.30841038223642E-15,0.707106781186513));
#2606=DIRECTION('center_axis',(0.,0.,-1.));
#2607=DIRECTION('ref_axis',(0.707106781186553,-0.707106781186542,0.));
#2608=DIRECTION('center_axis',(0.707106781186534,1.67476528926266E-15,0.707106781186561));
#2609=DIRECTION('ref_axis',(0.707106781186561,0.,-0.707106781186534));
#2610=DIRECTION('',(-0.707106781186561,-2.09345661157833E-14,0.707106781186534));
#2611=DIRECTION('',(2.368475785867E-15,-1.,0.));
#2612=DIRECTION('',(-2.368475785867E-15,1.,0.));
#2613=DIRECTION('center_axis',(0.,0.,-1.));
#2614=DIRECTION('ref_axis',(0.707106781186547,0.707106781186547,0.));
#2615=DIRECTION('center_axis',(0.,0.,1.));
#2616=DIRECTION('ref_axis',(0.707106781186548,0.707106781186548,0.));
#2617=DIRECTION('',(0.,-0.70710678118654,0.707106781186555));
#2618=DIRECTION('center_axis',(0.,0.,-1.));
#2619=DIRECTION('ref_axis',(0.707106781186548,0.707106781186548,0.));
#2620=DIRECTION('center_axis',(-7.95513512399788E-16,0.707106781186555,
0.70710678118654));
#2621=DIRECTION('ref_axis',(1.,0.,1.12502599828685E-15));
#2622=DIRECTION('',(-1.43925142046014E-14,-0.70710678118654,0.707106781186555));
#2623=DIRECTION('',(1.,1.12502599828683E-15,0.));
#2624=DIRECTION('',(-1.,-1.12502599828683E-15,0.));
#2625=DIRECTION('center_axis',(0.,0.,-1.));
#2626=DIRECTION('ref_axis',(-0.707106781186549,0.707106781186546,0.));
#2627=DIRECTION('center_axis',(0.,0.,1.));
#2628=DIRECTION('ref_axis',(-0.707106781186549,0.707106781186546,0.));
#2629=DIRECTION('',(0.707106781186551,0.,0.707106781186544));
#2630=DIRECTION('center_axis',(0.,0.,-1.));
#2631=DIRECTION('ref_axis',(-0.707106781186549,0.707106781186546,0.));
#2632=DIRECTION('center_axis',(-0.707106781186547,0.,0.707106781186548));
#2633=DIRECTION('ref_axis',(0.707106781186548,0.,0.707106781186547));
#2634=DIRECTION('',(0.707106781186548,0.,0.707106781186547));
#2635=DIRECTION('',(0.,1.,0.));
#2636=DIRECTION('',(0.,-1.,0.));
#2637=DIRECTION('center_axis',(0.,0.,-1.));
#2638=DIRECTION('ref_axis',(-0.707106781186547,-0.707106781186548,0.));
#2639=DIRECTION('center_axis',(0.,0.,1.));
#2640=DIRECTION('ref_axis',(-0.707106781186547,-0.707106781186548,0.));
#2641=DIRECTION('center_axis',(0.,0.,-1.));
#2642=DIRECTION('ref_axis',(-0.707106781186547,-0.707106781186548,0.));
#2643=DIRECTION('center_axis',(0.,0.,1.));
#2644=DIRECTION('ref_axis',(0.707106781186547,0.707106781186547,0.));
#2645=DIRECTION('',(0.,0.,-1.));
#2646=DIRECTION('center_axis',(0.,0.,-1.));
#2647=DIRECTION('ref_axis',(0.707106781186547,0.707106781186547,0.));
#2648=DIRECTION('',(0.,0.,1.));
#2649=DIRECTION('center_axis',(1.,2.368475785867E-15,0.));
#2650=DIRECTION('ref_axis',(-2.368475785867E-15,1.,0.));
#2651=DIRECTION('',(0.,0.,1.));
#2652=DIRECTION('',(2.368475785867E-15,-1.,0.));
#2653=DIRECTION('center_axis',(0.,0.,1.));
#2654=DIRECTION('ref_axis',(0.707106781186553,-0.707106781186542,0.));
#2655=DIRECTION('',(0.,0.,-1.));
#2656=DIRECTION('center_axis',(0.,0.,-1.));
#2657=DIRECTION('ref_axis',(0.707106781186553,-0.707106781186542,0.));
#2658=DIRECTION('center_axis',(1.16341445918999E-15,-1.,0.));
#2659=DIRECTION('ref_axis',(1.,1.16341445918999E-15,0.));
#2660=DIRECTION('',(0.,0.,1.));
#2661=DIRECTION('',(-1.,-1.16341445918999E-15,0.));
#2662=DIRECTION('center_axis',(0.,0.,1.));
#2663=DIRECTION('ref_axis',(1.,0.,0.));
#2664=DIRECTION('center_axis',(0.,0.,-1.));
#2665=DIRECTION('ref_axis',(1.,0.,0.));
#2666=DIRECTION('center_axis',(0.,0.,-1.));
#2667=DIRECTION('ref_axis',(1.,0.,0.));
#2668=DIRECTION('',(-4.48303260498751E-16,-1.,0.));
#2669=DIRECTION('center_axis',(0.,0.,1.));
#2670=DIRECTION('ref_axis',(0.707106781186548,-0.707106781186548,0.));
#2671=DIRECTION('',(-1.,8.24708828276004E-17,0.));
#2672=DIRECTION('center_axis',(0.,0.,1.));
#2673=DIRECTION('ref_axis',(-0.707106781186548,-0.707106781186548,0.));
#2674=DIRECTION('',(1.68113722687032E-15,1.,0.));
#2675=DIRECTION('center_axis',(0.,0.,1.));
#2676=DIRECTION('ref_axis',(-0.70710678118655,0.707106781186545,0.));
#2677=DIRECTION('',(1.,0.,0.));
#2678=DIRECTION('center_axis',(0.,0.,1.));
#2679=DIRECTION('ref_axis',(0.707106781186548,0.707106781186548,0.));
#2680=DIRECTION('center_axis',(0.,0.,-1.));
#2681=DIRECTION('ref_axis',(-0.707106781186547,-0.707106781186548,0.));
#2682=DIRECTION('',(-1.30841038223649E-15,0.707106781186544,0.707106781186551));
#2683=DIRECTION('center_axis',(0.,0.,-1.));
#2684=DIRECTION('ref_axis',(-0.707106781186547,-0.707106781186548,0.));
#2685=DIRECTION('',(-0.707106781186547,0.,-0.707106781186547));
#2686=DIRECTION('center_axis',(0.,0.,1.));
#2687=DIRECTION('ref_axis',(-0.707106781186547,-0.707106781186548,0.));
#2688=DIRECTION('center_axis',(8.2265825342372E-16,-0.707106781186548,0.707106781186547));
#2689=DIRECTION('ref_axis',(1.,0.,-1.16341445918999E-15));
#2690=DIRECTION('',(0.,0.707106781186547,0.707106781186548));
#2691=DIRECTION('',(1.,1.16341445918999E-15,0.));
#2692=DIRECTION('center_axis',(0.,0.,-1.));
#2693=DIRECTION('ref_axis',(0.707106781186553,-0.707106781186542,0.));
#2694=DIRECTION('',(-0.707106781186519,-1.30841038223653E-15,0.707106781186576));
#2695=DIRECTION('center_axis',(0.,0.,1.));
#2696=DIRECTION('ref_axis',(0.707106781186553,-0.707106781186542,0.));
#2697=DIRECTION('center_axis',(0.707106781186555,1.67476528926271E-15,0.70710678118654));
#2698=DIRECTION('ref_axis',(0.70710678118654,0.,-0.707106781186555));
#2699=DIRECTION('',(-0.70710678118654,0.,0.707106781186555));
#2700=DIRECTION('',(-2.368475785867E-15,1.,0.));
#2701=DIRECTION('center_axis',(0.,0.,-1.));
#2702=DIRECTION('ref_axis',(0.707106781186548,0.707106781186548,0.));
#2703=DIRECTION('',(0.,-0.707106781186561,0.707106781186534));
#2704=DIRECTION('center_axis',(0.,0.,1.));
#2705=DIRECTION('ref_axis',(0.707106781186548,0.707106781186548,0.));
#2706=DIRECTION('center_axis',(-7.95513512399776E-16,0.707106781186545,
0.70710678118655));
#2707=DIRECTION('ref_axis',(1.,0.,1.12502599828682E-15));
#2708=DIRECTION('',(1.43925142046012E-14,-0.70710678118655,0.707106781186545));
#2709=DIRECTION('',(1.,1.12502599828683E-15,0.));
#2710=DIRECTION('',(-1.,-1.12502599828683E-15,0.));
#2711=DIRECTION('center_axis',(0.,0.,-1.));
#2712=DIRECTION('ref_axis',(-0.707106781186549,0.707106781186546,0.));
#2713=DIRECTION('',(0.707106781186552,0.,0.707106781186543));
#2714=DIRECTION('center_axis',(0.,0.,-1.));
#2715=DIRECTION('ref_axis',(-0.707106781186549,0.707106781186546,0.));
#2716=DIRECTION('center_axis',(0.,0.,1.));
#2717=DIRECTION('ref_axis',(-0.707106781186549,0.707106781186546,0.));
#2718=DIRECTION('center_axis',(-0.707106781186548,0.,0.707106781186548));
#2719=DIRECTION('ref_axis',(0.707106781186548,0.,0.707106781186548));
#2720=DIRECTION('',(0.,1.,0.));
#2721=DIRECTION('',(0.,-1.,0.));
#2722=DIRECTION('center_axis',(-1.12502599828683E-15,1.,0.));
#2723=DIRECTION('ref_axis',(-1.,-1.12502599828683E-15,0.));
#2724=DIRECTION('',(0.,0.,-1.));
#2725=DIRECTION('center_axis',(0.,0.,1.));
#2726=DIRECTION('ref_axis',(-0.707106781186549,0.707106781186546,0.));
#2727=DIRECTION('',(0.,0.,1.));
#2728=DIRECTION('center_axis',(-1.,0.,0.));
#2729=DIRECTION('ref_axis',(0.,-1.,0.));
#2730=DIRECTION('',(0.,0.,-1.));
#2731=DIRECTION('center_axis',(0.,0.,1.));
#2732=DIRECTION('ref_axis',(-0.707106781186547,-0.707106781186548,0.));
#2733=DIRECTION('center_axis',(0.,0.,1.));
#2734=DIRECTION('ref_axis',(1.,0.,0.));
#2735=DIRECTION('',(-1.,-2.57730345002268E-16,0.));
#2736=DIRECTION('center_axis',(0.,0.,1.));
#2737=DIRECTION('ref_axis',(0.707106781186548,0.707106781186547,0.));
#2738=DIRECTION('center_axis',(0.,0.,-1.));
#2739=DIRECTION('ref_axis',(-0.707106781186546,-0.707106781186549,0.));
#2740=DIRECTION('',(-1.,-1.16317774126024E-15,0.));
#2741=DIRECTION('center_axis',(0.,0.,-1.));
#2742=DIRECTION('ref_axis',(0.707106781186553,-0.707106781186542,0.));
#2743=DIRECTION('center_axis',(0.,0.,1.));
#2744=DIRECTION('ref_axis',(-0.707106781186544,0.70710678118655,0.));
#2745=DIRECTION('',(-1.,-1.09039761347113E-15,0.));
#2746=DIRECTION('center_axis',(0.,0.,-1.));
#2747=DIRECTION('ref_axis',(0.707106781186545,-0.70710678118655,0.));
#2748=DIRECTION('',(1.26882631385732E-15,-1.,0.));
#2749=DIRECTION('center_axis',(0.,0.,-1.));
#2750=DIRECTION('ref_axis',(0.707106781186543,0.707106781186552,0.));
#2751=DIRECTION('',(1.,6.3441315692866E-16,0.));
#2752=DIRECTION('center_axis',(0.,0.,1.));
#2753=DIRECTION('ref_axis',(-0.707106781186543,-0.707106781186552,0.));
#2754=DIRECTION('center_axis',(0.,0.,-1.));
#2755=DIRECTION('ref_axis',(0.707106781186543,0.707106781186552,0.));
#2756=DIRECTION('',(1.,1.1686558153949E-15,0.));
#2757=DIRECTION('center_axis',(0.,0.,-1.));
#2758=DIRECTION('ref_axis',(-0.707106781186547,0.707106781186548,0.));
#2759=DIRECTION('center_axis',(0.,0.,1.));
#2760=DIRECTION('ref_axis',(0.707106781186551,-0.707106781186544,0.));
#2761=DIRECTION('',(1.,1.26882631385732E-15,0.));
#2762=DIRECTION('center_axis',(0.,0.,-1.));
#2763=DIRECTION('ref_axis',(-0.70710678118655,0.707106781186545,0.));
#2764=DIRECTION('',(-1.94289029309402E-15,1.,0.));
#2765=DIRECTION('center_axis',(0.,0.,-1.));
#2766=DIRECTION('ref_axis',(-0.707106781186547,-0.707106781186548,0.));
#2767=DIRECTION('center_axis',(0.,0.,-1.));
#2768=DIRECTION('ref_axis',(1.,0.,0.));
#2769=DIRECTION('center_axis',(0.,0.,-1.));
#2770=DIRECTION('ref_axis',(1.,0.,0.));
#2771=DIRECTION('center_axis',(0.,0.,-1.));
#2772=DIRECTION('ref_axis',(1.,0.,0.));
#2773=DIRECTION('center_axis',(0.,0.,-1.));
#2774=DIRECTION('ref_axis',(1.,0.,0.));
#2775=DIRECTION('center_axis',(1.82242874668653E-16,-0.707106781186549,
0.707106781186546));
#2776=DIRECTION('ref_axis',(1.,0.,-2.5773034500227E-16));
#2777=DIRECTION('',(8.50466748453713E-15,0.707106781186546,0.707106781186549));
#2778=DIRECTION('',(0.,-0.707106781186545,-0.70710678118655));
#2779=DIRECTION('',(1.,2.57730345002268E-16,0.));
#2780=DIRECTION('center_axis',(0.,0.,1.));
#2781=DIRECTION('ref_axis',(0.707106781186548,0.707106781186547,0.));
#2782=DIRECTION('center_axis',(0.,0.,-1.));
#2783=DIRECTION('ref_axis',(0.707106781186548,0.707106781186547,0.));
#2784=DIRECTION('',(0.707106781186547,9.97662916455316E-15,0.707106781186548));
#2785=DIRECTION('center_axis',(0.,0.,-1.));
#2786=DIRECTION('ref_axis',(-0.707106781186546,-0.707106781186549,0.));
#2787=DIRECTION('center_axis',(0.,0.,1.));
#2788=DIRECTION('ref_axis',(-0.707106781186546,-0.707106781186549,0.));
#2789=DIRECTION('',(-8.177564888978E-16,0.707106781186547,0.707106781186547));
#2790=DIRECTION('center_axis',(8.22490868570364E-16,-0.707106781186547,
0.707106781186548));
#2791=DIRECTION('ref_axis',(1.,0.,-1.16317774126023E-15));
#2792=DIRECTION('',(0.,0.707106781186548,0.707106781186547));
#2793=DIRECTION('',(1.,1.16317774126024E-15,0.));
#2794=DIRECTION('center_axis',(0.,0.,-1.));
#2795=DIRECTION('ref_axis',(0.707106781186553,-0.707106781186542,0.));
#2796=DIRECTION('center_axis',(0.,0.,1.));
#2797=DIRECTION('ref_axis',(0.707106781186553,-0.707106781186542,0.));
#2798=DIRECTION('',(-0.707106781186582,-1.47196168001597E-15,0.707106781186513));
#2799=DIRECTION('center_axis',(0.,0.,1.));
#2800=DIRECTION('ref_axis',(-0.707106781186544,0.70710678118655,0.));
#2801=DIRECTION('center_axis',(0.,0.,-1.));
#2802=DIRECTION('ref_axis',(-0.707106781186544,0.70710678118655,0.));
#2803=DIRECTION('',(0.,0.707106781186552,0.707106781186543));
#2804=DIRECTION('center_axis',(7.71027546675067E-16,-0.707106781186547,
0.707106781186548));
#2805=DIRECTION('ref_axis',(1.,0.,-1.09039761347113E-15));
#2806=DIRECTION('',(0.,0.707106781186547,0.707106781186547));
#2807=DIRECTION('',(1.,1.09039761347113E-15,0.));
#2808=DIRECTION('center_axis',(0.,0.,-1.));
#2809=DIRECTION('ref_axis',(0.707106781186545,-0.70710678118655,0.));
#2810=DIRECTION('center_axis',(0.,0.,1.));
#2811=DIRECTION('ref_axis',(0.707106781186545,-0.70710678118655,0.));
#2812=DIRECTION('',(-0.707106781186561,-2.61682076447291E-15,0.707106781186534));
#2813=DIRECTION('center_axis',(0.707106781186534,8.97195690676426E-16,0.707106781186561));
#2814=DIRECTION('ref_axis',(0.707106781186561,0.,-0.707106781186534));
#2815=DIRECTION('',(-0.707106781186519,0.,0.707106781186576));
#2816=DIRECTION('',(-1.26882631385732E-15,1.,0.));
#2817=DIRECTION('center_axis',(0.,0.,-1.));
#2818=DIRECTION('ref_axis',(0.707106781186543,0.707106781186552,0.));
#2819=DIRECTION('center_axis',(0.,0.,1.));
#2820=DIRECTION('ref_axis',(0.707106781186543,0.707106781186552,0.));
#2821=DIRECTION('',(0.,-0.707106781186561,0.707106781186534));
#2822=DIRECTION('center_axis',(-4.48597845338219E-16,0.707106781186545,
0.70710678118655));
#2823=DIRECTION('ref_axis',(1.,0.,6.34413156928655E-16));
#2824=DIRECTION('',(0.,-0.70710678118655,0.707106781186545));
#2825=DIRECTION('',(-1.,-6.3441315692866E-16,0.));
#2826=DIRECTION('center_axis',(0.,0.,1.));
#2827=DIRECTION('ref_axis',(-0.707106781186543,-0.707106781186552,0.));
#2828=DIRECTION('center_axis',(0.,0.,-1.));
#2829=DIRECTION('ref_axis',(-0.707106781186543,-0.707106781186552,0.));
#2830=DIRECTION('',(-0.70710678118654,-2.09345661157839E-14,0.707106781186555));
#2831=DIRECTION('center_axis',(0.,0.,-1.));
#2832=DIRECTION('ref_axis',(0.707106781186543,0.707106781186552,0.));
#2833=DIRECTION('center_axis',(0.,0.,1.));
#2834=DIRECTION('ref_axis',(0.707106781186543,0.707106781186552,0.));
#2835=DIRECTION('',(0.,-0.707106781186561,0.707106781186534));
#2836=DIRECTION('center_axis',(-8.26364451938826E-16,0.707106781186545,
0.70710678118655));
#2837=DIRECTION('ref_axis',(1.,0.,1.16865581539489E-15));
#2838=DIRECTION('',(-4.08878244448898E-15,-0.70710678118655,0.707106781186545));
#2839=DIRECTION('',(-1.,-1.1686558153949E-15,0.));
#2840=DIRECTION('center_axis',(0.,0.,-1.));
#2841=DIRECTION('ref_axis',(-0.707106781186547,0.707106781186548,0.));
#2842=DIRECTION('center_axis',(0.,0.,1.));
#2843=DIRECTION('ref_axis',(-0.707106781186547,0.707106781186548,0.));
#2844=DIRECTION('',(0.707106781186552,0.,0.707106781186543));
#2845=DIRECTION('center_axis',(0.,0.,1.));
#2846=DIRECTION('ref_axis',(0.707106781186551,-0.707106781186544,0.));
#2847=DIRECTION('center_axis',(0.,0.,-1.));
#2848=DIRECTION('ref_axis',(0.707106781186551,-0.707106781186544,0.));
#2849=DIRECTION('',(6.54205191118237E-16,-0.70710678118655,0.707106781186545));
#2850=DIRECTION('center_axis',(-8.97195690676436E-16,0.707106781186545,
0.70710678118655));
#2851=DIRECTION('ref_axis',(1.,0.,1.26882631385731E-15));
#2852=DIRECTION('',(0.,-0.70710678118655,0.707106781186545));
#2853=DIRECTION('',(-1.,-1.26882631385732E-15,0.));
#2854=DIRECTION('center_axis',(0.,0.,-1.));
#2855=DIRECTION('ref_axis',(-0.70710678118655,0.707106781186545,0.));
#2856=DIRECTION('center_axis',(0.,0.,1.));
#2857=DIRECTION('ref_axis',(-0.70710678118655,0.707106781186545,0.));
#2858=DIRECTION('',(0.707106781186556,2.09345661157834E-14,0.707106781186539));
#2859=DIRECTION('center_axis',(-0.707106781186552,-1.37383090134831E-15,
0.707106781186543));
#2860=DIRECTION('ref_axis',(0.707106781186543,0.,0.707106781186552));
#2861=DIRECTION('',(0.707106781186545,1.30841038223648E-15,0.70710678118655));
#2862=DIRECTION('',(1.94289029309402E-15,-1.,0.));
#2863=DIRECTION('center_axis',(0.,0.,-1.));
#2864=DIRECTION('ref_axis',(-0.707106781186547,-0.707106781186548,0.));
#2865=DIRECTION('center_axis',(0.,0.,1.));
#2866=DIRECTION('ref_axis',(-0.707106781186547,-0.707106781186548,0.));
#2867=DIRECTION('center_axis',(0.,0.,-1.));
#2868=DIRECTION('ref_axis',(0.707106781186543,0.707106781186552,0.));
#2869=DIRECTION('',(0.,0.,1.));
#2870=DIRECTION('',(0.,0.,-1.));
#2871=DIRECTION('center_axis',(1.,1.26882631385732E-15,0.));
#2872=DIRECTION('ref_axis',(1.26882631385732E-15,-1.,0.));
#2873=DIRECTION('',(0.,0.,1.));
#2874=DIRECTION('center_axis',(0.,0.,-1.));
#2875=DIRECTION('ref_axis',(0.707106781186545,-0.70710678118655,0.));
#2876=DIRECTION('',(0.,0.,-1.));
#2877=DIRECTION('center_axis',(1.09039761347113E-15,-1.,0.));
#2878=DIRECTION('ref_axis',(-1.,-1.09039761347113E-15,0.));
#2879=DIRECTION('',(0.,0.,1.));
#2880=DIRECTION('center_axis',(0.,0.,1.));
#2881=DIRECTION('ref_axis',(-0.707106781186545,0.707106781186551,0.));
#2882=DIRECTION('',(0.,0.,1.));
#2883=DIRECTION('center_axis',(0.,0.,-1.));
#2884=DIRECTION('ref_axis',(0.707106781186553,-0.707106781186542,0.));
#2885=DIRECTION('',(0.,0.,-1.));
#2886=DIRECTION('center_axis',(0.,0.,1.));
#2887=DIRECTION('ref_axis',(0.707106781186553,-0.707106781186542,0.));
#2888=DIRECTION('',(0.,0.,1.));
#2889=DIRECTION('center_axis',(1.16317774126024E-15,-1.,0.));
#2890=DIRECTION('ref_axis',(-1.,-1.16317774126024E-15,0.));
#2891=DIRECTION('',(0.,0.,1.));
#2892=DIRECTION('',(-1.,-1.16317774126024E-15,0.));
#2893=DIRECTION('center_axis',(0.,0.,-1.));
#2894=DIRECTION('ref_axis',(-0.707106781186546,-0.707106781186549,0.));
#2895=DIRECTION('',(0.,0.,-1.));
#2896=DIRECTION('',(0.,0.,-1.));
#2897=DIRECTION('center_axis',(0.,0.,1.));
#2898=DIRECTION('ref_axis',(-0.707106781186546,-0.707106781186549,0.));
#2899=DIRECTION('center_axis',(0.,0.,-1.));
#2900=DIRECTION('ref_axis',(0.707106781186548,0.707106781186547,0.));
#2901=DIRECTION('',(0.,0.,-1.));
#2902=DIRECTION('center_axis',(2.57730345002268E-16,-1.,0.));
#2903=DIRECTION('ref_axis',(-1.,-2.57730345002268E-16,0.));
#2904=DIRECTION('',(0.,0.,1.));
#2905=DIRECTION('center_axis',(0.,0.,-1.));
#2906=DIRECTION('ref_axis',(-1.,0.,0.));
#2907=DIRECTION('center_axis',(0.,0.,-1.));
#2908=DIRECTION('ref_axis',(-1.,0.,0.));
#2909=DIRECTION('',(-0.857167300702112,1.04972719113862E-16,0.515038074910054));
#2910=DIRECTION('center_axis',(0.,0.,-1.));
#2911=DIRECTION('ref_axis',(-1.,0.,0.));
#2912=DIRECTION('center_axis',(0.,0.,1.));
#2913=DIRECTION('ref_axis',(-1.,0.,0.));
#2914=DIRECTION('',(0.,0.,1.));
#2915=DIRECTION('center_axis',(0.,0.,-1.));
#2916=DIRECTION('ref_axis',(-1.,0.,0.));
#2917=DIRECTION('center_axis',(0.,0.,-1.));
#2918=DIRECTION('ref_axis',(-1.,0.,0.));
#2919=DIRECTION('',(-0.857167300702112,1.04972719113862E-16,0.515038074910054));
#2920=DIRECTION('center_axis',(0.,0.,-1.));
#2921=DIRECTION('ref_axis',(-1.,0.,0.));
#2922=DIRECTION('center_axis',(0.,0.,1.));
#2923=DIRECTION('ref_axis',(-1.,0.,0.));
#2924=DIRECTION('',(0.,0.,1.));
#2925=DIRECTION('center_axis',(0.,0.,-1.));
#2926=DIRECTION('ref_axis',(-1.,0.,0.));
#2927=DIRECTION('center_axis',(0.,0.,-1.));
#2928=DIRECTION('ref_axis',(-1.,0.,0.));
#2929=DIRECTION('',(-0.857167300702112,1.04972719113862E-16,0.515038074910054));
#2930=DIRECTION('center_axis',(0.,0.,-1.));
#2931=DIRECTION('ref_axis',(-1.,0.,0.));
#2932=DIRECTION('center_axis',(0.,0.,1.));
#2933=DIRECTION('ref_axis',(-1.,0.,0.));
#2934=DIRECTION('',(0.,0.,1.));
#2935=DIRECTION('center_axis',(0.,0.,-1.));
#2936=DIRECTION('ref_axis',(-1.,0.,0.));
#2937=DIRECTION('center_axis',(0.,0.,-1.));
#2938=DIRECTION('ref_axis',(-1.,0.,0.));
#2939=DIRECTION('',(-0.857167300702112,1.04972719113862E-16,0.515038074910054));
#2940=DIRECTION('center_axis',(0.,0.,-1.));
#2941=DIRECTION('ref_axis',(-1.,0.,0.));
#2942=DIRECTION('center_axis',(0.,0.,1.));
#2943=DIRECTION('ref_axis',(-1.,0.,0.));
#2944=DIRECTION('',(0.,0.,1.));
#2945=DIRECTION('center_axis',(0.,0.,1.));
#2946=DIRECTION('ref_axis',(1.,0.,0.));
#2947=DIRECTION('center_axis',(0.,0.,-1.));
#2948=DIRECTION('ref_axis',(1.,0.,0.));
#2949=DIRECTION('',(0.,0.,-1.));
#2950=DIRECTION('center_axis',(0.,0.,-1.));
#2951=DIRECTION('ref_axis',(1.,0.,0.));
#2952=DIRECTION('',(0.,0.,1.));
#2953=DIRECTION('center_axis',(1.,0.,0.));
#2954=DIRECTION('ref_axis',(0.,-1.,0.));
#2955=DIRECTION('',(0.,-1.,0.));
#2956=DIRECTION('',(0.,0.,-1.));
#2957=DIRECTION('',(0.,1.,0.));
#2958=DIRECTION('center_axis',(0.,0.,-1.));
#2959=DIRECTION('ref_axis',(-2.77555756156289E-15,-1.,0.));
#2960=DIRECTION('center_axis',(0.,0.,1.));
#2961=DIRECTION('ref_axis',(-2.77555756156289E-15,-1.,0.));
#2962=DIRECTION('',(0.,0.,-1.));
#2963=DIRECTION('center_axis',(0.,0.,1.));
#2964=DIRECTION('ref_axis',(-2.77555756156289E-15,-1.,0.));
#2965=DIRECTION('center_axis',(0.,0.,-1.));
#2966=DIRECTION('ref_axis',(-1.,0.,0.));
#2967=DIRECTION('',(0.,1.,0.));
#2968=DIRECTION('center_axis',(0.,0.,1.));
#2969=DIRECTION('ref_axis',(-0.707106781186547,0.707106781186548,0.));
#2970=DIRECTION('',(1.,1.1686558153949E-15,0.));
#2971=DIRECTION('center_axis',(0.,0.,1.));
#2972=DIRECTION('ref_axis',(0.707106781186543,0.707106781186552,0.));
#2973=DIRECTION('',(2.29207334116161E-15,-1.,0.));
#2974=DIRECTION('center_axis',(0.,0.,-1.));
#2975=DIRECTION('ref_axis',(-0.707106781186548,-0.707106781186547,0.));
#2976=DIRECTION('',(1.,-1.15584862837687E-15,0.));
#2977=DIRECTION('center_axis',(0.,0.,-1.));
#2978=DIRECTION('ref_axis',(0.707106781186548,-0.707106781186547,0.));
#2979=DIRECTION('center_axis',(0.,0.,1.));
#2980=DIRECTION('ref_axis',(0.928832713356996,-0.370499380023612,0.));
#2981=DIRECTION('center_axis',(0.,0.,-1.));
#2982=DIRECTION('ref_axis',(0.707106781186548,-0.707106781186547,0.));
#2983=DIRECTION('',(0.,1.,0.));
#2984=DIRECTION('center_axis',(0.,0.,-1.));
#2985=DIRECTION('ref_axis',(0.70710678118655,0.707106781186545,0.));
#2986=DIRECTION('center_axis',(0.,0.,1.));
#2987=DIRECTION('ref_axis',(0.370499380023669,0.928832713356973,0.));
#2988=DIRECTION('center_axis',(0.,0.,-1.));
#2989=DIRECTION('ref_axis',(0.70710678118655,0.707106781186545,0.));
#2990=DIRECTION('',(-1.,-1.15584862837687E-15,0.));
#2991=DIRECTION('center_axis',(0.,0.,-1.));
#2992=DIRECTION('ref_axis',(-0.707106781186549,0.707106781186546,0.));
#2993=DIRECTION('center_axis',(0.,0.,1.));
#2994=DIRECTION('ref_axis',(-0.928832713356987,0.370499380023634,0.));
#2995=DIRECTION('center_axis',(0.,0.,-1.));
#2996=DIRECTION('ref_axis',(-0.707106781186548,0.707106781186547,0.));
#2997=DIRECTION('center_axis',(0.,0.,-1.));
#2998=DIRECTION('ref_axis',(-0.928832713356987,0.370499380023634,0.));
#2999=DIRECTION('center_axis',(0.,0.,1.));
#3000=DIRECTION('ref_axis',(-0.928832713356987,0.370499380023634,0.));
#3001=DIRECTION('',(0.,0.,-1.));
#3002=DIRECTION('',(0.,0.,1.));
#3003=DIRECTION('center_axis',(0.,0.,-1.));
#3004=DIRECTION('ref_axis',(-0.707106781186549,0.707106781186546,0.));
#3005=DIRECTION('',(0.,0.,1.));
#3006=DIRECTION('center_axis',(0.,0.,-1.));
#3007=DIRECTION('ref_axis',(-0.707106781186549,0.707106781186546,0.));
#3008=DIRECTION('center_axis',(0.,0.,-1.));
#3009=DIRECTION('ref_axis',(0.928832713356996,-0.370499380023612,0.));
#3010=DIRECTION('center_axis',(0.,0.,1.));
#3011=DIRECTION('ref_axis',(0.928832713356996,-0.370499380023612,0.));
#3012=DIRECTION('',(0.,0.,-1.));
#3013=DIRECTION('',(0.,0.,1.));
#3014=DIRECTION('center_axis',(0.,0.,-1.));
#3015=DIRECTION('ref_axis',(0.707106781186548,-0.707106781186547,0.));
#3016=DIRECTION('',(0.,0.,1.));
#3017=DIRECTION('center_axis',(0.,0.,-1.));
#3018=DIRECTION('ref_axis',(0.707106781186548,-0.707106781186547,0.));
#3019=DIRECTION('center_axis',(0.,0.,-1.));
#3020=DIRECTION('ref_axis',(0.370499380023669,0.928832713356973,0.));
#3021=DIRECTION('center_axis',(0.,0.,1.));
#3022=DIRECTION('ref_axis',(0.370499380023669,0.928832713356973,0.));
#3023=DIRECTION('',(0.,0.,-1.));
#3024=DIRECTION('',(0.,0.,1.));
#3025=DIRECTION('center_axis',(0.,0.,-1.));
#3026=DIRECTION('ref_axis',(0.70710678118655,0.707106781186545,0.));
#3027=DIRECTION('',(0.,0.,1.));
#3028=DIRECTION('center_axis',(0.,0.,-1.));
#3029=DIRECTION('ref_axis',(0.70710678118655,0.707106781186545,0.));
#3030=DIRECTION('center_axis',(0.,0.,-1.));
#3031=DIRECTION('ref_axis',(0.70710678118655,0.707106781186545,0.));
#3032=DIRECTION('center_axis',(0.,0.,-1.));
#3033=DIRECTION('ref_axis',(0.70710678118655,0.707106781186545,0.));
#3034=DIRECTION('',(0.,0.,-1.));
#3035=DIRECTION('center_axis',(0.,0.,-1.));
#3036=DIRECTION('ref_axis',(0.707106781186548,-0.707106781186547,0.));
#3037=DIRECTION('center_axis',(0.,0.,-1.));
#3038=DIRECTION('ref_axis',(0.707106781186548,-0.707106781186547,0.));
#3039=DIRECTION('',(0.,0.,-1.));
#3040=DIRECTION('center_axis',(0.,0.,-1.));
#3041=DIRECTION('ref_axis',(-0.707106781186548,-0.707106781186547,0.));
#3042=DIRECTION('center_axis',(0.,0.,-1.));
#3043=DIRECTION('ref_axis',(-0.707106781186548,-0.707106781186547,0.));
#3044=DIRECTION('',(0.,0.,-1.));
#3045=DIRECTION('center_axis',(0.,0.,-1.));
#3046=DIRECTION('ref_axis',(-0.707106781186548,0.707106781186547,0.));
#3047=DIRECTION('center_axis',(0.,0.,-1.));
#3048=DIRECTION('ref_axis',(-0.707106781186548,0.707106781186547,0.));
#3049=DIRECTION('center_axis',(1.15584862837688E-15,-1.,0.));
#3050=DIRECTION('ref_axis',(-1.,-1.15584862837687E-15,0.));
#3051=DIRECTION('',(1.,1.15584862837687E-15,0.));
#3052=DIRECTION('center_axis',(1.15584862837688E-15,1.,0.));
#3053=DIRECTION('ref_axis',(1.,-1.15584862837687E-15,0.));
#3054=DIRECTION('',(-1.,1.15584862837687E-15,0.));
#3055=DIRECTION('center_axis',(-1.,0.,0.));
#3056=DIRECTION('ref_axis',(0.,1.,0.));
#3057=DIRECTION('',(0.,-1.,0.));
#3058=DIRECTION('center_axis',(1.,0.,0.));
#3059=DIRECTION('ref_axis',(0.,0.,-1.));
#3060=DIRECTION('center_axis',(1.,0.,0.));
#3061=DIRECTION('ref_axis',(0.,0.,-1.));
#3062=DIRECTION('center_axis',(0.,0.,1.));
#3063=DIRECTION('ref_axis',(1.,0.,0.));
#3064=DIRECTION('',(0.,0.,-1.));
#3065=DIRECTION('center_axis',(0.,0.,1.));
#3066=DIRECTION('ref_axis',(1.,0.,0.));
#3067=DIRECTION('',(0.,0.,-1.));
#3068=DIRECTION('center_axis',(0.,0.,1.));
#3069=DIRECTION('ref_axis',(1.,0.,0.));
#3070=DIRECTION('',(0.,0.,-1.));
#3071=DIRECTION('center_axis',(0.,0.,1.));
#3072=DIRECTION('ref_axis',(1.,0.,0.));
#3073=DIRECTION('',(0.,0.,-1.));
#3074=DIRECTION('center_axis',(0.,0.,-1.));
#3075=DIRECTION('ref_axis',(-0.707106781186543,-0.707106781186552,0.));
#3076=DIRECTION('',(0.,0.,-1.));
#3077=DIRECTION('',(0.,0.,-1.));
#3078=DIRECTION('center_axis',(1.,2.29207334116162E-15,0.));
#3079=DIRECTION('ref_axis',(2.29207334116162E-15,-1.,0.));
#3080=DIRECTION('',(0.,0.,-1.));
#3081=DIRECTION('center_axis',(-1.,-2.29207334116162E-15,0.));
#3082=DIRECTION('ref_axis',(0.,0.,-1.));
#3083=DIRECTION('center_axis',(-1.,-2.29207334116162E-15,0.));
#3084=DIRECTION('ref_axis',(0.,0.,-1.));
#3085=DIRECTION('center_axis',(0.,0.,1.));
#3086=DIRECTION('ref_axis',(0.707106781186551,-0.707106781186544,0.));
#3087=DIRECTION('',(0.,0.,1.));
#3088=DIRECTION('',(0.,0.,1.));
#3089=DIRECTION('center_axis',(-1.26882631385732E-15,1.,0.));
#3090=DIRECTION('ref_axis',(1.,1.26882631385732E-15,0.));
#3091=DIRECTION('',(0.,0.,-1.));
#3092=DIRECTION('center_axis',(-1.,0.,0.));
#3093=DIRECTION('ref_axis',(0.,1.,0.));
#3094=DIRECTION('',(0.,0.,1.));
#3095=DIRECTION('center_axis',(0.,0.,-1.));
#3096=DIRECTION('ref_axis',(0.707106781186543,0.707106781186552,0.));
#3097=DIRECTION('',(0.,0.,1.));
#3098=DIRECTION('center_axis',(-1.1686558153949E-15,1.,0.));
#3099=DIRECTION('ref_axis',(1.,1.1686558153949E-15,0.));
#3100=DIRECTION('',(0.,0.,-1.));
#3101=DIRECTION('center_axis',(0.,0.,-1.));
#3102=DIRECTION('ref_axis',(-0.707106781186547,0.707106781186548,0.));
#3103=DIRECTION('center_axis',(0.,0.,-1.));
#3104=DIRECTION('ref_axis',(-0.707106781186547,-0.707106781186548,0.));
#3105=DIRECTION('',(0.,0.,-1.));
#3106=DIRECTION('center_axis',(-1.,-1.94289029309402E-15,0.));
#3107=DIRECTION('ref_axis',(-1.94289029309402E-15,1.,0.));
#3108=DIRECTION('',(0.,0.,1.));
#3109=DIRECTION('center_axis',(0.,0.,-1.));
#3110=DIRECTION('ref_axis',(-0.70710678118655,0.707106781186545,0.));
#3111=DIRECTION('center_axis',(-6.3441315692866E-16,1.,0.));
#3112=DIRECTION('ref_axis',(1.,6.3441315692866E-16,0.));
#3113=DIRECTION('center_axis',(1.,2.29207334116162E-15,0.));
#3114=DIRECTION('ref_axis',(0.,0.,-1.));
#3115=DIRECTION('',(-1.,-2.29207334116162E-15,0.));
#3116=DIRECTION('center_axis',(1.,2.29207334116162E-15,0.));
#3117=DIRECTION('ref_axis',(0.,0.,-1.));
#3118=DIRECTION('',(-1.,-2.29207334116162E-15,0.));
#3119=DIRECTION('center_axis',(0.,0.,1.));
#3120=DIRECTION('ref_axis',(1.,0.,0.));
#3121=DIRECTION('center_axis',(0.,0.,1.));
#3122=DIRECTION('ref_axis',(1.,0.,0.));
#3123=DIRECTION('',(0.,0.,1.));
#3124=DIRECTION('center_axis',(0.,0.,1.));
#3125=DIRECTION('ref_axis',(1.,0.,0.));
#3126=DIRECTION('center_axis',(0.,0.,1.));
#3127=DIRECTION('ref_axis',(1.,0.,0.));
#3128=DIRECTION('',(0.,0.,1.));
#3129=DIRECTION('center_axis',(0.,0.,1.));
#3130=DIRECTION('ref_axis',(-0.707106781186548,-0.707106781186548,0.));
#3131=DIRECTION('center_axis',(0.,0.,-1.));
#3132=DIRECTION('ref_axis',(-0.707106781186548,-0.707106781186548,0.));
#3133=DIRECTION('',(0.,0.,1.));
#3134=DIRECTION('',(0.,0.,-1.));
#3135=DIRECTION('center_axis',(1.,-1.68113722687032E-15,0.));
#3136=DIRECTION('ref_axis',(1.68113722687032E-15,1.,0.));
#3137=DIRECTION('',(1.68113722687032E-15,1.,0.));
#3138=DIRECTION('',(0.,0.,-1.));
#3139=DIRECTION('center_axis',(0.,0.,1.));
#3140=DIRECTION('ref_axis',(0.707106781186548,-0.707106781186548,0.));
#3141=DIRECTION('center_axis',(0.,0.,-1.));
#3142=DIRECTION('ref_axis',(0.707106781186548,-0.707106781186548,0.));
#3143=DIRECTION('',(0.,0.,1.));
#3144=DIRECTION('',(0.,0.,-1.));
#3145=DIRECTION('center_axis',(8.24708828276004E-17,1.,0.));
#3146=DIRECTION('ref_axis',(-1.,8.24708828276004E-17,0.));
#3147=DIRECTION('',(-1.,8.24708828276004E-17,0.));
#3148=DIRECTION('center_axis',(0.,0.,1.));
#3149=DIRECTION('ref_axis',(0.707106781186548,0.707106781186548,0.));
#3150=DIRECTION('center_axis',(0.,0.,-1.));
#3151=DIRECTION('ref_axis',(0.707106781186548,0.707106781186548,0.));
#3152=DIRECTION('',(0.,0.,1.));
#3153=DIRECTION('',(0.,0.,-1.));
#3154=DIRECTION('center_axis',(-1.,4.48303260498751E-16,0.));
#3155=DIRECTION('ref_axis',(-4.48303260498751E-16,-1.,0.));
#3156=DIRECTION('',(-4.48303260498751E-16,-1.,0.));
#3157=DIRECTION('center_axis',(0.,0.,1.));
#3158=DIRECTION('ref_axis',(-0.70710678118655,0.707106781186545,0.));
#3159=DIRECTION('center_axis',(0.,0.,-1.));
#3160=DIRECTION('ref_axis',(-0.70710678118655,0.707106781186545,0.));
#3161=DIRECTION('',(0.,0.,1.));
#3162=DIRECTION('center_axis',(0.,-1.,0.));
#3163=DIRECTION('ref_axis',(1.,0.,0.));
#3164=DIRECTION('',(1.,0.,0.));
#3165=DIRECTION('center_axis',(0.,0.,1.));
#3166=DIRECTION('ref_axis',(1.,0.,0.));
#3167=CARTESIAN_POINT('',(0.,0.,0.));
#3168=CARTESIAN_POINT('Origin',(5.9507874015748,1.79133858267717,-0.202755905511811));
#3169=CARTESIAN_POINT('',(5.94488188976378,2.28465772261143,-0.208661417322835));
#3170=CARTESIAN_POINT('',(5.95669291338583,2.28969918163387,-0.196850393700787));
#3171=CARTESIAN_POINT('Ctrl Pts',(5.94488188976378,2.28465772261143,-0.208661417322835));
#3172=CARTESIAN_POINT('Ctrl Pts',(5.95105639084588,2.28717845212266,-0.202486916240735));
#3173=CARTESIAN_POINT('Ctrl Pts',(5.95669291338583,2.28969918163387,-0.196850393700788));
#3174=CARTESIAN_POINT('',(5.95669291338583,0.0725055427755924,-0.196850393700787));
#3175=CARTESIAN_POINT('',(5.95669291338583,1.79133858267717,-0.196850393700787));
#3176=CARTESIAN_POINT('',(5.94488188976378,0.0775470017980345,-0.208661417322835));
#3177=CARTESIAN_POINT('Ctrl Pts',(5.95669291338583,0.072505542775592,-0.196850393700787));
#3178=CARTESIAN_POINT('Ctrl Pts',(5.95105639084586,0.0750262722868074,-0.202486916240754));
#3179=CARTESIAN_POINT('Ctrl Pts',(5.94488188976378,0.0775470017980341,-0.208661417322834));
#3180=CARTESIAN_POINT('',(5.94488188976378,1.79133858267717,-0.208661417322835));
#3181=CARTESIAN_POINT('Origin',(6.18110236220473,1.18110236220473,-0.196850393700787));
#3182=CARTESIAN_POINT('',(6.00393700787401,2.27165354330709,-0.196850393700787));
#3183=CARTESIAN_POINT('Origin',(6.00393700787401,2.34251968503938,-0.196850393700787));
#3184=CARTESIAN_POINT('',(6.33858267716536,2.27165354330709,-0.196850393700787));
#3185=CARTESIAN_POINT('',(6.04330708661417,2.27165354330709,-0.196850393700787));
#3186=CARTESIAN_POINT('',(6.44488188976378,2.16535433070867,-0.196850393700787));
#3187=CARTESIAN_POINT('Origin',(6.33858267716536,2.16535433070867,-0.196850393700787));
#3188=CARTESIAN_POINT('',(6.44488188976378,0.196850393700795,-0.196850393700787));
#3189=CARTESIAN_POINT('',(6.44488188976378,1.73228346456694,-0.196850393700787));
#3190=CARTESIAN_POINT('',(6.33858267716536,0.0905511811023699,-0.196850393700787));
#3191=CARTESIAN_POINT('Origin',(6.33858267716536,0.196850393700795,-0.196850393700787));
#3192=CARTESIAN_POINT('',(6.00393700787402,0.0905511811023696,-0.196850393700787));
#3193=CARTESIAN_POINT('',(6.31889763779528,0.0905511811023699,-0.196850393700787));
#3194=CARTESIAN_POINT('Origin',(6.00393700787402,0.019685039370086,-0.196850393700787));
#3195=CARTESIAN_POINT('',(6.17206693094489,0.314960629921267,-0.196850393700787));
#3196=CARTESIAN_POINT('Origin',(6.22047244094489,0.314960629921267,-0.196850393700787));
#3197=CARTESIAN_POINT('',(6.17206693094488,2.0472440944882,-0.196850393700787));
#3198=CARTESIAN_POINT('Origin',(6.22047244094488,2.0472440944882,-0.196850393700787));
#3199=CARTESIAN_POINT('Origin',(-0.045275590551181,0.570866141732284,-0.202755905511811));
#3200=CARTESIAN_POINT('',(-0.0393700787401574,0.0775470017980279,-0.208661417322835));
#3201=CARTESIAN_POINT('',(-0.0511811023622047,0.0725055427755857,-0.196850393700787));
#3202=CARTESIAN_POINT('Ctrl Pts',(-0.0393700787401574,0.0775470017980279,
-0.208661417322835));
#3203=CARTESIAN_POINT('Ctrl Pts',(-0.0455445798222225,0.0750262722868076,
-0.20248691624077));
#3204=CARTESIAN_POINT('Ctrl Pts',(-0.0511811023622047,0.0725055427755857,
-0.196850393700787));
#3205=CARTESIAN_POINT('',(-0.0511811023622047,2.28969918163386,-0.196850393700787));
#3206=CARTESIAN_POINT('',(-0.0511811023622047,0.570866141732284,-0.196850393700787));
#3207=CARTESIAN_POINT('',(-0.0393700787401574,2.28465772261142,-0.208661417322835));
#3208=CARTESIAN_POINT('Ctrl Pts',(-0.0511811023622047,2.28969918163386,
-0.196850393700787));
#3209=CARTESIAN_POINT('Ctrl Pts',(-0.0455445798222192,2.28717845212264,
-0.202486916240773));
#3210=CARTESIAN_POINT('Ctrl Pts',(-0.0393700787401574,2.28465772261142,
-0.208661417322835));
#3211=CARTESIAN_POINT('',(-0.0393700787401574,0.570866141732284,-0.208661417322835));
#3212=CARTESIAN_POINT('Origin',(-0.275590551181105,1.18110236220472,-0.196850393700787));
#3213=CARTESIAN_POINT('',(-0.0984251968503937,0.0905511811023623,-0.196850393700787));
#3214=CARTESIAN_POINT('Origin',(-0.0984251968503937,0.0196850393700788,
-0.196850393700787));
#3215=CARTESIAN_POINT('',(-0.433070866141733,0.0905511811023622,-0.196850393700787));
#3216=CARTESIAN_POINT('',(-0.137795275590552,0.0905511811023623,-0.196850393700787));
#3217=CARTESIAN_POINT('',(-0.539370078740158,0.196850393700787,-0.196850393700787));
#3218=CARTESIAN_POINT('Origin',(-0.433070866141733,0.196850393700787,-0.196850393700787));
#3219=CARTESIAN_POINT('',(-0.539370078740162,2.16535433070866,-0.196850393700787));
#3220=CARTESIAN_POINT('',(-0.539370078740159,0.629921259842519,-0.196850393700787));
#3221=CARTESIAN_POINT('',(-0.433070866141737,2.27165354330709,-0.196850393700787));
#3222=CARTESIAN_POINT('Origin',(-0.433070866141736,2.16535433070866,-0.196850393700787));
#3223=CARTESIAN_POINT('',(-0.0984251968503935,2.27165354330709,-0.196850393700787));
#3224=CARTESIAN_POINT('',(-0.413385826771658,2.27165354330709,-0.196850393700787));
#3225=CARTESIAN_POINT('Origin',(-0.0984251968503936,2.34251968503937,-0.196850393700787));
#3226=CARTESIAN_POINT('',(-0.36336613992126,0.31496062992126,-0.196850393700787));
#3227=CARTESIAN_POINT('Origin',(-0.31496062992126,0.31496062992126,-0.196850393700787));
#3228=CARTESIAN_POINT('',(-0.363366139921262,2.04724409448819,-0.196850393700787));
#3229=CARTESIAN_POINT('Origin',(-0.314960629921262,2.04724409448819,-0.196850393700787));
#3230=CARTESIAN_POINT('Origin',(6.00393700787402,0.019685039370086,-0.190944881889764));
#3231=CARTESIAN_POINT('',(5.94488188976378,0.0196850393700867,-0.18503937007874));
#3232=CARTESIAN_POINT('',(5.94488188976378,0.0588577731144408,-0.196850393700787));
#3233=CARTESIAN_POINT('Ctrl Pts',(5.94488188976378,0.0588577731144948,-0.196850393700817));
#3234=CARTESIAN_POINT('Ctrl Pts',(5.94488188976378,0.0374908274357224,-0.18503937007874));
#3235=CARTESIAN_POINT('Ctrl Pts',(5.94488188976378,0.0196850393700865,-0.18503937007874));
#3236=CARTESIAN_POINT('Ctrl Pts',(5.94488188976378,0.0588577731144408,-0.196850393700787));
#3237=CARTESIAN_POINT('Ctrl Pts',(5.94488188976378,0.0674835709684203,-0.201618482867309));
#3238=CARTESIAN_POINT('Ctrl Pts',(5.94488188976378,0.0775470017980345,-0.208661417322835));
#3239=CARTESIAN_POINT('',(6.00393700787402,0.0787401574803223,-0.18503937007874));
#3240=CARTESIAN_POINT('',(6.00393700787402,0.0905511811023696,-0.196850393700787));
#3241=CARTESIAN_POINT('Origin',(6.00393700787402,0.019685039370086,-0.18503937007874));
#3242=CARTESIAN_POINT('Origin',(6.31889763779528,0.0846456692913463,-0.190944881889764));
#3243=CARTESIAN_POINT('',(6.33858267716536,0.0787401574803227,-0.18503937007874));
#3244=CARTESIAN_POINT('',(6.33858267716536,0.0905511811023699,-0.196850393700787));
#3245=CARTESIAN_POINT('',(6.31889763779528,0.0787401574803226,-0.18503937007874));
#3246=CARTESIAN_POINT('Origin',(6.33858267716536,0.196850393700795,-0.190944881889764));
#3247=CARTESIAN_POINT('',(6.45669291338583,0.196850393700795,-0.18503937007874));
#3248=CARTESIAN_POINT('',(6.44488188976378,0.196850393700795,-0.196850393700787));
#3249=CARTESIAN_POINT('Origin',(6.33858267716536,0.196850393700795,-0.18503937007874));
#3250=CARTESIAN_POINT('Origin',(6.45078740157481,1.73228346456694,-0.190944881889764));
#3251=CARTESIAN_POINT('',(6.45669291338583,2.16535433070867,-0.18503937007874));
#3252=CARTESIAN_POINT('',(6.44488188976378,2.16535433070867,-0.196850393700787));
#3253=CARTESIAN_POINT('',(6.45669291338583,1.73228346456694,-0.18503937007874));
#3254=CARTESIAN_POINT('Origin',(6.33858267716536,2.16535433070867,-0.190944881889764));
#3255=CARTESIAN_POINT('',(6.33858267716536,2.28346456692914,-0.18503937007874));
#3256=CARTESIAN_POINT('',(6.33858267716536,2.27165354330709,-0.196850393700787));
#3257=CARTESIAN_POINT('Origin',(6.33858267716536,2.16535433070867,-0.18503937007874));
#3258=CARTESIAN_POINT('Origin',(6.04330708661417,2.27755905511812,-0.190944881889764));
#3259=CARTESIAN_POINT('',(6.00393700787401,2.28346456692914,-0.18503937007874));
#3260=CARTESIAN_POINT('',(6.00393700787401,2.27165354330709,-0.196850393700787));
#3261=CARTESIAN_POINT('',(6.04330708661417,2.28346456692914,-0.18503937007874));
#3262=CARTESIAN_POINT('Origin',(6.00393700787401,2.34251968503938,-0.190944881889764));
#3263=CARTESIAN_POINT('',(5.94488188976378,2.30334695129502,-0.196850393700787));
#3264=CARTESIAN_POINT('',(5.94488188976378,2.34251968503938,-0.18503937007874));
#3265=CARTESIAN_POINT('Ctrl Pts',(5.94488188976378,2.34251968503938,-0.18503937007874));
#3266=CARTESIAN_POINT('Ctrl Pts',(5.94488188976378,2.32471389697376,-0.18503937007874));
#3267=CARTESIAN_POINT('Ctrl Pts',(5.94488188976378,2.30334695129502,-0.196850393700787));
#3268=CARTESIAN_POINT('Origin',(6.00393700787401,2.34251968503938,-0.18503937007874));
#3269=CARTESIAN_POINT('Ctrl Pts',(5.94488188976378,2.28465772261143,-0.208661417322835));
#3270=CARTESIAN_POINT('Ctrl Pts',(5.94488188976378,2.29472115344105,-0.201618482867297));
#3271=CARTESIAN_POINT('Ctrl Pts',(5.94488188976378,2.30334695129502,-0.196850393700787));
#3272=CARTESIAN_POINT('Origin',(-0.0984251968503936,2.34251968503937,-0.190944881889764));
#3273=CARTESIAN_POINT('',(-0.0393700787401574,2.34251968503937,-0.18503937007874));
#3274=CARTESIAN_POINT('',(-0.0393700787401574,2.30334695129501,-0.196850393700787));
#3275=CARTESIAN_POINT('Ctrl Pts',(-0.0393700787401574,2.30334695129496,
-0.196850393700817));
#3276=CARTESIAN_POINT('Ctrl Pts',(-0.0393700787401574,2.32471389697373,
-0.18503937007874));
#3277=CARTESIAN_POINT('Ctrl Pts',(-0.0393700787401574,2.34251968503937,
-0.18503937007874));
#3278=CARTESIAN_POINT('Ctrl Pts',(-0.0393700787401574,2.30334695129501,
-0.196850393700787));
#3279=CARTESIAN_POINT('Ctrl Pts',(-0.0393700787401574,2.29472115344103,
-0.201618482867309));
#3280=CARTESIAN_POINT('Ctrl Pts',(-0.0393700787401574,2.28465772261142,
-0.208661417322835));
#3281=CARTESIAN_POINT('',(-0.0984251968503935,2.28346456692913,-0.18503937007874));
#3282=CARTESIAN_POINT('',(-0.0984251968503935,2.27165354330709,-0.196850393700787));
#3283=CARTESIAN_POINT('Origin',(-0.0984251968503936,2.34251968503937,-0.18503937007874));
#3284=CARTESIAN_POINT('Origin',(-0.413385826771658,2.27755905511811,-0.190944881889764));
#3285=CARTESIAN_POINT('',(-0.433070866141737,2.28346456692913,-0.18503937007874));
#3286=CARTESIAN_POINT('',(-0.433070866141737,2.27165354330709,-0.196850393700787));
#3287=CARTESIAN_POINT('',(-0.413385826771658,2.28346456692913,-0.18503937007874));
#3288=CARTESIAN_POINT('Origin',(-0.433070866141736,2.16535433070866,-0.190944881889764));
#3289=CARTESIAN_POINT('',(-0.551181102362209,2.16535433070866,-0.18503937007874));
#3290=CARTESIAN_POINT('',(-0.539370078740162,2.16535433070866,-0.196850393700787));
#3291=CARTESIAN_POINT('Origin',(-0.433070866141736,2.16535433070866,-0.18503937007874));
#3292=CARTESIAN_POINT('Origin',(-0.545275590551182,0.629921259842519,-0.190944881889764));
#3293=CARTESIAN_POINT('',(-0.551181102362205,0.196850393700787,-0.18503937007874));
#3294=CARTESIAN_POINT('',(-0.539370078740158,0.196850393700787,-0.196850393700787));
#3295=CARTESIAN_POINT('',(-0.551181102362206,0.629921259842519,-0.18503937007874));
#3296=CARTESIAN_POINT('Origin',(-0.433070866141733,0.196850393700787,-0.190944881889764));
#3297=CARTESIAN_POINT('',(-0.433070866141733,0.078740157480315,-0.18503937007874));
#3298=CARTESIAN_POINT('',(-0.433070866141733,0.0905511811023622,-0.196850393700787));
#3299=CARTESIAN_POINT('Origin',(-0.433070866141733,0.196850393700787,-0.18503937007874));
#3300=CARTESIAN_POINT('Origin',(-0.137795275590552,0.0846456692913387,-0.190944881889764));
#3301=CARTESIAN_POINT('',(-0.0984251968503937,0.078740157480315,-0.18503937007874));
#3302=CARTESIAN_POINT('',(-0.0984251968503937,0.0905511811023623,-0.196850393700787));
#3303=CARTESIAN_POINT('',(-0.137795275590552,0.078740157480315,-0.18503937007874));
#3304=CARTESIAN_POINT('Origin',(-0.0984251968503937,0.0196850393700788,
-0.190944881889764));
#3305=CARTESIAN_POINT('',(-0.0393700787401574,0.0588577731144339,-0.196850393700787));
#3306=CARTESIAN_POINT('',(-0.0393700787401574,0.0196850393700797,-0.18503937007874));
#3307=CARTESIAN_POINT('Ctrl Pts',(-0.0393700787401574,0.0196850393700797,
-0.18503937007874));
#3308=CARTESIAN_POINT('Ctrl Pts',(-0.0393700787401574,0.0374908274356953,
-0.18503937007874));
#3309=CARTESIAN_POINT('Ctrl Pts',(-0.0393700787401574,0.058857773114434,
-0.196850393700787));
#3310=CARTESIAN_POINT('Origin',(-0.0984251968503937,0.0196850393700788,
-0.18503937007874));
#3311=CARTESIAN_POINT('Ctrl Pts',(-0.0393700787401574,0.0775470017980279,
-0.208661417322835));
#3312=CARTESIAN_POINT('Ctrl Pts',(-0.0393700787401574,0.0674835709684002,
-0.201618482867297));
#3313=CARTESIAN_POINT('Ctrl Pts',(-0.0393700787401574,0.0588577731144339,
-0.196850393700787));
#3314=CARTESIAN_POINT('Origin',(1.47637795275591,0.0177165354330726,0.190944881889764));
#3315=CARTESIAN_POINT('',(5.77559055118111,0.011811023622054,0.18503937007874));
#3316=CARTESIAN_POINT('',(5.77559055118111,0.0236220472441012,0.196850393700787));
#3317=CARTESIAN_POINT('',(5.77559055118111,0.011811023622054,0.18503937007874));
#3318=CARTESIAN_POINT('',(0.118110236220473,0.0236220472440946,0.196850393700787));
#3319=CARTESIAN_POINT('',(1.47637795275591,0.0236220472440962,0.196850393700787));
#3320=CARTESIAN_POINT('',(0.118110236220473,0.0118110236220474,0.18503937007874));
#3321=CARTESIAN_POINT('',(0.118110236220473,0.0236220472440946,0.196850393700787));
#3322=CARTESIAN_POINT('',(1.47637795275591,0.011811023622049,0.18503937007874));
#3323=CARTESIAN_POINT('Origin',(5.77559055118111,0.129921259842526,0.190944881889764));
#3324=CARTESIAN_POINT('',(5.89370078740158,0.129921259842527,0.18503937007874));
#3325=CARTESIAN_POINT('Origin',(5.77559055118111,0.129921259842526,0.18503937007874));
#3326=CARTESIAN_POINT('',(5.88188976377953,0.129921259842527,0.196850393700787));
#3327=CARTESIAN_POINT('',(5.89370078740158,0.129921259842527,0.18503937007874));
#3328=CARTESIAN_POINT('Origin',(5.77559055118111,0.129921259842526,0.196850393700787));
#3329=CARTESIAN_POINT('Origin',(5.88779527559055,0.590551181102371,0.190944881889764));
#3330=CARTESIAN_POINT('',(5.89370078740157,2.24409448818898,0.18503937007874));
#3331=CARTESIAN_POINT('',(5.88188976377953,2.24409448818898,0.196850393700787));
#3332=CARTESIAN_POINT('',(5.89370078740157,2.24409448818898,0.18503937007874));
#3333=CARTESIAN_POINT('',(5.88188976377953,0.590551181102371,0.196850393700787));
#3334=CARTESIAN_POINT('',(5.89370078740158,0.590551181102371,0.18503937007874));
#3335=CARTESIAN_POINT('Origin',(5.78740157480315,2.24409448818898,0.190944881889764));
#3336=CARTESIAN_POINT('',(5.78740157480315,2.35039370078741,0.18503937007874));
#3337=CARTESIAN_POINT('Origin',(5.78740157480315,2.24409448818898,0.18503937007874));
#3338=CARTESIAN_POINT('',(5.78740157480315,2.33858267716536,0.196850393700787));
#3339=CARTESIAN_POINT('',(5.78740157480315,2.35039370078741,0.18503937007874));
#3340=CARTESIAN_POINT('Origin',(5.78740157480315,2.24409448818898,0.196850393700787));
#3341=CARTESIAN_POINT('Origin',(4.42913385826772,2.34448818897638,0.190944881889764));
#3342=CARTESIAN_POINT('',(0.118110236220472,2.3503937007874,0.18503937007874));
#3343=CARTESIAN_POINT('',(0.118110236220472,2.33858267716535,0.196850393700787));
#3344=CARTESIAN_POINT('',(0.118110236220472,2.3503937007874,0.18503937007874));
#3345=CARTESIAN_POINT('',(4.42913385826772,2.33858267716536,0.196850393700787));
#3346=CARTESIAN_POINT('',(4.42913385826772,2.35039370078741,0.18503937007874));
#3347=CARTESIAN_POINT('Origin',(0.118110236220472,2.24409448818898,0.190944881889764));
#3348=CARTESIAN_POINT('',(0.0118110236220472,2.24409448818898,0.18503937007874));
#3349=CARTESIAN_POINT('Origin',(0.118110236220472,2.24409448818898,0.18503937007874));
#3350=CARTESIAN_POINT('',(0.0236220472440946,2.24409448818898,0.196850393700787));
#3351=CARTESIAN_POINT('',(0.0118110236220472,2.24409448818898,0.18503937007874));
#3352=CARTESIAN_POINT('Origin',(0.118110236220472,2.24409448818898,0.196850393700787));
#3353=CARTESIAN_POINT('Origin',(0.0177165354330709,1.77165354330709,0.190944881889764));
#3354=CARTESIAN_POINT('',(0.0118110236220472,0.118110236220473,0.18503937007874));
#3355=CARTESIAN_POINT('',(0.0236220472440945,0.118110236220473,0.196850393700787));
#3356=CARTESIAN_POINT('',(0.0118110236220472,0.118110236220473,0.18503937007874));
#3357=CARTESIAN_POINT('',(0.0236220472440945,1.77165354330709,0.196850393700787));
#3358=CARTESIAN_POINT('',(0.0118110236220472,1.77165354330709,0.18503937007874));
#3359=CARTESIAN_POINT('Origin',(0.118110236220472,0.118110236220473,0.190944881889764));
#3360=CARTESIAN_POINT('Origin',(0.118110236220472,0.118110236220473,0.18503937007874));
#3361=CARTESIAN_POINT('Origin',(0.118110236220472,0.118110236220473,0.196850393700787));
#3362=CARTESIAN_POINT('Origin',(5.78740157480315,2.24409448818898,0.));
#3363=CARTESIAN_POINT('',(5.89370078740157,2.24409448818898,0.0118110236220472));
#3364=CARTESIAN_POINT('',(5.89370078740157,2.24409448818898,0.));
#3365=CARTESIAN_POINT('',(5.78740157480315,2.35039370078741,0.0118110236220472));
#3366=CARTESIAN_POINT('Origin',(5.78740157480315,2.24409448818898,0.0118110236220472));
#3367=CARTESIAN_POINT('',(5.78740157480315,2.35039370078741,0.));
#3368=CARTESIAN_POINT('Origin',(5.89370078740158,6.84258370640701E-15,0.));
#3369=CARTESIAN_POINT('',(5.89370078740158,0.129921259842527,0.0118110236220472));
#3370=CARTESIAN_POINT('',(5.89370078740158,0.129921259842527,0.));
#3371=CARTESIAN_POINT('',(5.89370078740158,0.590551181102371,0.0118110236220472));
#3372=CARTESIAN_POINT('Origin',(5.77559055118111,0.129921259842526,0.));
#3373=CARTESIAN_POINT('',(5.77559055118111,0.011811023622054,0.0118110236220472));
#3374=CARTESIAN_POINT('',(5.77559055118111,0.011811023622054,0.));
#3375=CARTESIAN_POINT('Origin',(5.77559055118111,0.129921259842526,0.0118110236220472));
#3376=CARTESIAN_POINT('Origin',(-1.37411156597242E-17,0.0118110236220472,
0.));
#3377=CARTESIAN_POINT('',(0.118110236220473,0.0118110236220474,0.0118110236220472));
#3378=CARTESIAN_POINT('',(0.118110236220473,0.0118110236220474,0.));
#3379=CARTESIAN_POINT('',(1.47637795275591,0.011811023622049,0.0118110236220472));
#3380=CARTESIAN_POINT('Origin',(2.95275590551181,1.18110236220473,0.196850393700787));
#3381=CARTESIAN_POINT('',(0.620885828582676,1.18110236220472,0.196850393700787));
#3382=CARTESIAN_POINT('Origin',(0.669291338582676,1.18110236220472,0.196850393700787));
#3383=CARTESIAN_POINT('',(2.03788582858268,1.18110236220472,0.196850393700787));
#3384=CARTESIAN_POINT('Origin',(2.08629133858268,1.18110236220472,0.196850393700787));
#3385=CARTESIAN_POINT('',(1.90779133858268,1.90110236220472,0.196850393700787));
#3386=CARTESIAN_POINT('',(1.90779133858267,0.461102362204725,0.196850393700787));
#3387=CARTESIAN_POINT('',(1.90779133858268,1.96110236220472,0.196850393700787));
#3388=CARTESIAN_POINT('',(1.84779133858267,0.401102362204725,0.196850393700787));
#3389=CARTESIAN_POINT('Origin',(1.84779133858267,0.461102362204725,0.196850393700787));
#3390=CARTESIAN_POINT('',(0.907791338582674,0.401102362204725,0.196850393700787));
#3391=CARTESIAN_POINT('',(1.90779133858267,0.401102362204725,0.196850393700787));
#3392=CARTESIAN_POINT('',(0.847791338582674,0.461102362204725,0.196850393700787));
#3393=CARTESIAN_POINT('Origin',(0.907791338582674,0.461102362204725,0.196850393700787));
#3394=CARTESIAN_POINT('',(0.847791338582677,1.90110236220472,0.196850393700787));
#3395=CARTESIAN_POINT('',(0.847791338582674,0.401102362204725,0.196850393700787));
#3396=CARTESIAN_POINT('',(0.907791338582677,1.96110236220472,0.196850393700787));
#3397=CARTESIAN_POINT('Origin',(0.907791338582677,1.90110236220472,0.196850393700787));
#3398=CARTESIAN_POINT('',(1.84779133858267,1.96110236220472,0.196850393700787));
#3399=CARTESIAN_POINT('',(0.847791338582677,1.96110236220472,0.196850393700787));
#3400=CARTESIAN_POINT('Origin',(1.84779133858267,1.90110236220472,0.196850393700787));
#3401=CARTESIAN_POINT('Origin',(0.118110236220472,0.118110236220473,0.00590551181102362));
#3402=CARTESIAN_POINT('',(0.118110236220473,2.51330015417112E-16,0.));
#3403=CARTESIAN_POINT('',(0.118110236220473,2.51330015417112E-16,0.));
#3404=CARTESIAN_POINT('',(0.0118110236220472,0.118110236220473,0.0118110236220472));
#3405=CARTESIAN_POINT('Origin',(0.118110236220472,0.118110236220473,0.0118110236220472));
#3406=CARTESIAN_POINT('',(0.,0.118110236220473,0.));
#3407=CARTESIAN_POINT('',(0.0118110236220472,0.118110236220473,0.0118110236220472));
#3408=CARTESIAN_POINT('Origin',(0.118110236220472,0.118110236220473,0.));
#3409=CARTESIAN_POINT('Origin',(1.47637795275591,0.00590551181102535,0.00590551181102362));
#3410=CARTESIAN_POINT('',(5.77559055118111,6.75014881608476E-15,0.));
#3411=CARTESIAN_POINT('',(5.77559055118111,6.75014881608476E-15,0.));
#3412=CARTESIAN_POINT('',(1.47637795275591,1.74838271594513E-15,0.));
#3413=CARTESIAN_POINT('Origin',(5.77559055118111,0.129921259842526,0.00590551181102362));
#3414=CARTESIAN_POINT('',(5.90551181102363,0.129921259842527,0.));
#3415=CARTESIAN_POINT('',(5.90551181102363,0.129921259842527,0.));
#3416=CARTESIAN_POINT('Origin',(5.77559055118111,0.129921259842526,0.));
#3417=CARTESIAN_POINT('Origin',(5.8996062992126,0.590551181102371,0.00590551181102362));
#3418=CARTESIAN_POINT('',(5.90551181102362,2.24409448818898,0.));
#3419=CARTESIAN_POINT('',(5.90551181102362,2.24409448818898,0.));
#3420=CARTESIAN_POINT('',(5.90551181102363,0.590551181102371,0.));
#3421=CARTESIAN_POINT('Origin',(5.78740157480315,2.24409448818898,0.00590551181102362));
#3422=CARTESIAN_POINT('',(5.78740157480315,2.36220472440946,0.));
#3423=CARTESIAN_POINT('',(5.78740157480315,2.36220472440946,0.));
#3424=CARTESIAN_POINT('Origin',(5.78740157480315,2.24409448818898,0.));
#3425=CARTESIAN_POINT('Origin',(4.42913385826772,2.35629921259843,0.00590551181102362));
#3426=CARTESIAN_POINT('',(0.118110236220472,2.36220472440945,0.));
#3427=CARTESIAN_POINT('',(0.118110236220472,2.3503937007874,0.0118110236220472));
#3428=CARTESIAN_POINT('',(0.118110236220472,2.36220472440945,0.));
#3429=CARTESIAN_POINT('',(4.42913385826772,2.35039370078741,0.0118110236220472));
#3430=CARTESIAN_POINT('',(4.42913385826772,2.36220472440945,0.));
#3431=CARTESIAN_POINT('Origin',(0.118110236220472,2.24409448818898,0.00590551181102362));
#3432=CARTESIAN_POINT('',(-1.52983487645199E-16,2.24409448818898,0.));
#3433=CARTESIAN_POINT('',(0.0118110236220472,2.24409448818898,0.0118110236220472));
#3434=CARTESIAN_POINT('',(-1.52983487645199E-16,2.24409448818898,0.));
#3435=CARTESIAN_POINT('Origin',(0.118110236220472,2.24409448818898,0.0118110236220472));
#3436=CARTESIAN_POINT('Origin',(0.118110236220472,2.24409448818898,0.));
#3437=CARTESIAN_POINT('Origin',(0.00590551181102362,1.77165354330709,0.00590551181102362));
#3438=CARTESIAN_POINT('',(0.0118110236220472,1.77165354330709,0.0118110236220472));
#3439=CARTESIAN_POINT('',(0.,1.77165354330709,0.));
#3440=CARTESIAN_POINT('Origin',(5.90551181102362,2.35039370078741,0.));
#3441=CARTESIAN_POINT('',(0.118110236220472,2.3503937007874,0.));
#3442=CARTESIAN_POINT('Origin',(0.118110236220472,2.24409448818898,0.));
#3443=CARTESIAN_POINT('',(0.0118110236220472,2.24409448818898,0.));
#3444=CARTESIAN_POINT('Origin',(0.0118110236220472,2.36220472440945,0.));
#3445=CARTESIAN_POINT('',(0.0118110236220472,0.118110236220473,0.));
#3446=CARTESIAN_POINT('Origin',(0.118110236220472,0.118110236220473,0.));
#3447=CARTESIAN_POINT('Origin',(2.95275590551181,1.18110236220473,0.));
#3448=CARTESIAN_POINT('',(-0.0984251968503935,0.0905511811023622,0.));
#3449=CARTESIAN_POINT('',(-0.433070866141733,0.0905511811023621,0.));
#3450=CARTESIAN_POINT('',(1.47637795275591,0.0905511811023626,0.));
#3451=CARTESIAN_POINT('',(-0.0275590551181102,0.0196850393700798,0.));
#3452=CARTESIAN_POINT('Origin',(-0.0984251968503937,0.0196850393700788,
0.));
#3453=CARTESIAN_POINT('',(0.0196850393700787,-0.0275590551181093,0.));
#3454=CARTESIAN_POINT('Origin',(0.0196850393700787,0.0196850393700797,0.));
#3455=CARTESIAN_POINT('',(5.88582677165355,-0.0275590551181025,0.));
#3456=CARTESIAN_POINT('',(4.4488188976378,-0.0275590551181041,0.));
#3457=CARTESIAN_POINT('',(5.93307086614174,0.0196850393700866,0.));
#3458=CARTESIAN_POINT('Origin',(5.88582677165355,0.0196850393700865,0.));
#3459=CARTESIAN_POINT('',(6.00393700787402,0.0905511811023697,0.));
#3460=CARTESIAN_POINT('Origin',(6.00393700787402,0.019685039370086,0.));
#3461=CARTESIAN_POINT('',(6.33858267716536,0.0905511811023699,0.));
#3462=CARTESIAN_POINT('',(4.70472440944882,0.0905511811023681,0.));
#3463=CARTESIAN_POINT('',(6.44488188976378,0.196850393700795,0.));
#3464=CARTESIAN_POINT('Origin',(6.33858267716536,0.196850393700795,0.));
#3465=CARTESIAN_POINT('',(6.44488188976378,2.16535433070867,0.));
#3466=CARTESIAN_POINT('',(6.44488188976378,1.73228346456694,0.));
#3467=CARTESIAN_POINT('',(6.33858267716536,2.27165354330709,0.));
#3468=CARTESIAN_POINT('Origin',(6.33858267716536,2.16535433070867,0.));
#3469=CARTESIAN_POINT('',(6.00393700787401,2.27165354330709,0.));
#3470=CARTESIAN_POINT('',(4.42913385826772,2.27165354330709,0.));
#3471=CARTESIAN_POINT('',(5.93307086614173,2.34251968503938,0.));
#3472=CARTESIAN_POINT('Origin',(6.00393700787401,2.34251968503938,0.));
#3473=CARTESIAN_POINT('',(5.88582677165354,2.38976377952756,0.));
#3474=CARTESIAN_POINT('Origin',(5.88582677165354,2.34251968503938,0.));
#3475=CARTESIAN_POINT('',(0.0196850393700787,2.38976377952756,0.));
#3476=CARTESIAN_POINT('',(1.45669291338583,2.38976377952756,0.));
#3477=CARTESIAN_POINT('',(-0.02755905511811,2.34251968503937,0.));
#3478=CARTESIAN_POINT('Origin',(0.0196850393700788,2.34251968503937,0.));
#3479=CARTESIAN_POINT('',(-0.0984251968503935,2.27165354330709,0.));
#3480=CARTESIAN_POINT('Origin',(-0.0984251968503936,2.34251968503937,0.));
#3481=CARTESIAN_POINT('',(-0.433070866141737,2.27165354330709,0.));
#3482=CARTESIAN_POINT('',(1.2007874015748,2.27165354330709,0.));
#3483=CARTESIAN_POINT('',(-0.539370078740162,2.16535433070866,0.));
#3484=CARTESIAN_POINT('Origin',(-0.433070866141736,2.16535433070866,0.));
#3485=CARTESIAN_POINT('',(-0.539370078740158,0.196850393700787,0.));
#3486=CARTESIAN_POINT('',(-0.539370078740159,0.629921259842518,0.));
#3487=CARTESIAN_POINT('Origin',(-0.433070866141733,0.196850393700787,0.));
#3488=CARTESIAN_POINT('',(-0.363366139921262,2.04724409448819,0.));
#3489=CARTESIAN_POINT('Origin',(-0.314960629921262,2.04724409448819,0.));
#3490=CARTESIAN_POINT('',(-0.36336613992126,0.31496062992126,0.));
#3491=CARTESIAN_POINT('Origin',(-0.31496062992126,0.31496062992126,0.));
#3492=CARTESIAN_POINT('',(6.17206693094488,2.0472440944882,0.));
#3493=CARTESIAN_POINT('Origin',(6.22047244094488,2.0472440944882,0.));
#3494=CARTESIAN_POINT('',(6.17206693094489,0.314960629921267,0.));
#3495=CARTESIAN_POINT('Origin',(6.22047244094489,0.314960629921267,0.));
#3496=CARTESIAN_POINT('Origin',(1.47637795275591,0.084645669291339,-0.00590551181102362));
#3497=CARTESIAN_POINT('',(-0.0984251968503937,0.078740157480315,-0.0118110236220472));
#3498=CARTESIAN_POINT('',(-0.0984251968503937,0.078740157480315,-0.0118110236220472));
#3499=CARTESIAN_POINT('',(-0.433070866141733,0.078740157480315,-0.0118110236220472));
#3500=CARTESIAN_POINT('',(-0.433070866141733,0.0905511811023621,0.));
#3501=CARTESIAN_POINT('',(1.47637795275591,0.0787401574803154,-0.0118110236220472));
#3502=CARTESIAN_POINT('Origin',(-0.0984251968503937,0.0196850393700788,
-0.00590551181102362));
#3503=CARTESIAN_POINT('',(-0.0393700787401574,0.0196850393700797,-0.0118110236220472));
#3504=CARTESIAN_POINT('Origin',(-0.0984251968503937,0.0196850393700788,
-0.0118110236220472));
#3505=CARTESIAN_POINT('',(-0.0393700787401574,0.0196850393700797,-0.0118110236220472));
#3506=CARTESIAN_POINT('Origin',(0.0196850393700787,0.0196850393700797,-0.00590551181102362));
#3507=CARTESIAN_POINT('',(0.0196850393700787,-0.0393700787401566,-0.0118110236220472));
#3508=CARTESIAN_POINT('Origin',(0.0196850393700787,0.0196850393700797,-0.0118110236220472));
#3509=CARTESIAN_POINT('',(0.0196850393700787,-0.0393700787401566,-0.0118110236220472));
#3510=CARTESIAN_POINT('Origin',(4.4488188976378,-0.0334645669291278,-0.00590551181102362));
#3511=CARTESIAN_POINT('',(5.88582677165355,-0.0393700787401497,-0.0118110236220472));
#3512=CARTESIAN_POINT('',(5.88582677165355,-0.0393700787401497,-0.0118110236220472));
#3513=CARTESIAN_POINT('',(4.4488188976378,-0.0393700787401514,-0.0118110236220472));
#3514=CARTESIAN_POINT('Origin',(5.88582677165355,0.0196850393700865,-0.00590551181102362));
#3515=CARTESIAN_POINT('',(5.94488188976378,0.0196850393700867,-0.0118110236220472));
#3516=CARTESIAN_POINT('Origin',(5.88582677165355,0.0196850393700865,-0.0118110236220472));
#3517=CARTESIAN_POINT('',(5.94488188976378,0.0196850393700867,-0.0118110236220472));
#3518=CARTESIAN_POINT('Origin',(6.00393700787402,0.019685039370086,-0.00590551181102362));
#3519=CARTESIAN_POINT('',(6.00393700787402,0.0787401574803223,-0.0118110236220472));
#3520=CARTESIAN_POINT('Origin',(6.00393700787402,0.019685039370086,-0.0118110236220472));
#3521=CARTESIAN_POINT('',(6.00393700787402,0.0787401574803223,-0.0118110236220472));
#3522=CARTESIAN_POINT('Origin',(4.70472440944882,0.0846456692913445,-0.00590551181102362));
#3523=CARTESIAN_POINT('',(6.33858267716536,0.0787401574803227,-0.0118110236220472));
#3524=CARTESIAN_POINT('',(6.33858267716536,0.0787401574803227,-0.0118110236220472));
#3525=CARTESIAN_POINT('',(4.70472440944882,0.0787401574803209,-0.0118110236220472));
#3526=CARTESIAN_POINT('Origin',(6.33858267716536,0.196850393700795,-0.00590551181102362));
#3527=CARTESIAN_POINT('',(6.45669291338583,0.196850393700795,-0.0118110236220472));
#3528=CARTESIAN_POINT('Origin',(6.33858267716536,0.196850393700795,-0.0118110236220472));
#3529=CARTESIAN_POINT('',(6.45669291338583,0.196850393700795,-0.0118110236220472));
#3530=CARTESIAN_POINT('Origin',(6.45078740157481,1.73228346456694,-0.00590551181102362));
#3531=CARTESIAN_POINT('',(6.45669291338583,2.16535433070867,-0.0118110236220472));
#3532=CARTESIAN_POINT('',(6.45669291338583,2.16535433070867,-0.0118110236220472));
#3533=CARTESIAN_POINT('',(6.45669291338583,1.73228346456694,-0.0118110236220472));
#3534=CARTESIAN_POINT('Origin',(6.33858267716536,2.16535433070867,-0.00590551181102362));
#3535=CARTESIAN_POINT('',(6.33858267716536,2.28346456692914,-0.0118110236220472));
#3536=CARTESIAN_POINT('Origin',(6.33858267716536,2.16535433070867,-0.0118110236220472));
#3537=CARTESIAN_POINT('',(6.33858267716536,2.28346456692914,-0.0118110236220472));
#3538=CARTESIAN_POINT('Origin',(4.42913385826772,2.27755905511812,-0.00590551181102362));
#3539=CARTESIAN_POINT('',(6.00393700787401,2.28346456692914,-0.0118110236220472));
#3540=CARTESIAN_POINT('',(6.00393700787401,2.28346456692914,-0.0118110236220472));
#3541=CARTESIAN_POINT('',(4.42913385826772,2.28346456692914,-0.0118110236220472));
#3542=CARTESIAN_POINT('Origin',(6.00393700787401,2.34251968503938,-0.00590551181102362));
#3543=CARTESIAN_POINT('',(5.94488188976378,2.34251968503938,-0.0118110236220472));
#3544=CARTESIAN_POINT('Origin',(6.00393700787401,2.34251968503938,-0.0118110236220472));
#3545=CARTESIAN_POINT('',(5.94488188976378,2.34251968503938,-0.0118110236220472));
#3546=CARTESIAN_POINT('Origin',(5.88582677165354,2.34251968503938,-0.00590551181102362));
#3547=CARTESIAN_POINT('',(5.88582677165354,2.40157480314961,-0.0118110236220472));
#3548=CARTESIAN_POINT('Origin',(5.88582677165354,2.34251968503938,-0.0118110236220472));
#3549=CARTESIAN_POINT('',(5.88582677165354,2.40157480314961,-0.0118110236220472));
#3550=CARTESIAN_POINT('Origin',(1.45669291338583,2.39566929133858,-0.00590551181102362));
#3551=CARTESIAN_POINT('',(0.0196850393700787,2.40157480314961,-0.0118110236220472));
#3552=CARTESIAN_POINT('',(0.0196850393700787,2.40157480314961,-0.0118110236220472));
#3553=CARTESIAN_POINT('',(1.45669291338583,2.40157480314961,-0.0118110236220472));
#3554=CARTESIAN_POINT('Origin',(0.0196850393700788,2.34251968503937,-0.00590551181102362));
#3555=CARTESIAN_POINT('',(-0.0393700787401574,2.34251968503937,-0.0118110236220472));
#3556=CARTESIAN_POINT('Origin',(0.0196850393700788,2.34251968503937,-0.0118110236220472));
#3557=CARTESIAN_POINT('',(-0.0393700787401574,2.34251968503937,-0.0118110236220472));
#3558=CARTESIAN_POINT('Origin',(-0.0984251968503936,2.34251968503937,-0.00590551181102362));
#3559=CARTESIAN_POINT('',(-0.0984251968503935,2.28346456692913,-0.0118110236220472));
#3560=CARTESIAN_POINT('Origin',(-0.0984251968503936,2.34251968503937,-0.0118110236220472));
#3561=CARTESIAN_POINT('',(-0.0984251968503935,2.28346456692913,-0.0118110236220472));
#3562=CARTESIAN_POINT('Origin',(1.2007874015748,2.27755905511811,-0.00590551181102362));
#3563=CARTESIAN_POINT('',(-0.433070866141737,2.28346456692913,-0.0118110236220472));
#3564=CARTESIAN_POINT('',(-0.433070866141737,2.28346456692913,-0.0118110236220472));
#3565=CARTESIAN_POINT('',(1.2007874015748,2.28346456692914,-0.0118110236220472));
#3566=CARTESIAN_POINT('Origin',(-0.433070866141736,2.16535433070866,-0.00590551181102362));
#3567=CARTESIAN_POINT('',(-0.551181102362209,2.16535433070866,-0.0118110236220472));
#3568=CARTESIAN_POINT('Origin',(-0.433070866141736,2.16535433070866,-0.0118110236220472));
#3569=CARTESIAN_POINT('',(-0.551181102362209,2.16535433070866,-0.0118110236220472));
#3570=CARTESIAN_POINT('Origin',(-0.545275590551182,0.629921259842518,-0.00590551181102362));
#3571=CARTESIAN_POINT('',(-0.551181102362205,0.196850393700787,-0.0118110236220472));
#3572=CARTESIAN_POINT('',(-0.551181102362205,0.196850393700787,-0.0118110236220472));
#3573=CARTESIAN_POINT('',(-0.551181102362206,0.629921259842518,-0.0118110236220472));
#3574=CARTESIAN_POINT('Origin',(-0.433070866141733,0.196850393700787,-0.00590551181102362));
#3575=CARTESIAN_POINT('Origin',(-0.433070866141733,0.196850393700787,-0.0118110236220472));
#3576=CARTESIAN_POINT('Origin',(6.33858267716536,2.16535433070867,0.));
#3577=CARTESIAN_POINT('',(6.33858267716536,2.28346456692914,0.));
#3578=CARTESIAN_POINT('',(6.45669291338583,2.16535433070867,0.));
#3579=CARTESIAN_POINT('Origin',(6.45669291338583,2.28346456692914,0.));
#3580=CARTESIAN_POINT('',(6.45669291338583,0.196850393700795,0.));
#3581=CARTESIAN_POINT('Origin',(6.33858267716536,0.196850393700795,0.));
#3582=CARTESIAN_POINT('',(6.33858267716536,0.0787401574803227,0.));
#3583=CARTESIAN_POINT('Origin',(6.45669291338583,0.0787401574803228,0.));
#3584=CARTESIAN_POINT('',(6.00393700787402,0.0787401574803223,0.));
#3585=CARTESIAN_POINT('Origin',(6.00393700787402,0.019685039370086,0.));
#3586=CARTESIAN_POINT('',(5.94488188976378,0.0196850393700867,0.));
#3587=CARTESIAN_POINT('Origin',(5.88582677165355,0.0196850393700865,0.));
#3588=CARTESIAN_POINT('',(5.88582677165355,-0.0393700787401497,-1.37795275590551));
#3589=CARTESIAN_POINT('',(5.88582677165355,-0.0393700787401497,0.));
#3590=CARTESIAN_POINT('',(5.94488188976378,0.0196850393700867,-1.37795275590551));
#3591=CARTESIAN_POINT('Origin',(5.88582677165355,0.0196850393700865,-1.37795275590551));
#3592=CARTESIAN_POINT('',(5.94488188976378,0.0196850393700867,0.));
#3593=CARTESIAN_POINT('Origin',(5.94488188976378,-0.0393700787401497,0.));
#3594=CARTESIAN_POINT('',(0.0196850393700787,-0.0393700787401566,-1.37795275590551));
#3595=CARTESIAN_POINT('',(0.0196850393700787,-0.0393700787401566,0.));
#3596=CARTESIAN_POINT('',(-0.0393700787401573,-0.0393700787401566,-1.37795275590551));
#3597=CARTESIAN_POINT('Origin',(0.0196850393700787,0.0196850393700797,0.));
#3598=CARTESIAN_POINT('',(-0.0393700787401574,0.0196850393700797,0.));
#3599=CARTESIAN_POINT('',(-0.0393700787401574,0.0196850393700797,-1.37795275590551));
#3600=CARTESIAN_POINT('',(-0.0393700787401574,0.0196850393700797,0.));
#3601=CARTESIAN_POINT('Origin',(0.0196850393700787,0.0196850393700797,-1.37795275590551));
#3602=CARTESIAN_POINT('Origin',(-0.0984251968503937,0.0196850393700788,
0.));
#3603=CARTESIAN_POINT('',(-0.0984251968503937,0.078740157480315,0.));
#3604=CARTESIAN_POINT('Origin',(-8.74191357972564E-17,0.0787401574803151,
0.));
#3605=CARTESIAN_POINT('',(-0.433070866141733,0.078740157480315,0.));
#3606=CARTESIAN_POINT('Origin',(5.81988188976378,0.0856299212598433,-0.969709486152464));
#3607=CARTESIAN_POINT('',(5.86828739976378,0.0856299212598433,-0.984251968503937));
#3608=CARTESIAN_POINT('Origin',(5.81988188976378,0.0856299212598433,-0.984251968503936));
#3609=CARTESIAN_POINT('',(5.81988188976378,0.0856299212598433,-0.955167003800992));
#3610=CARTESIAN_POINT('',(5.84408464476378,0.0856299212598433,-0.969709486152464));
#3611=CARTESIAN_POINT('Origin',(5.81988188976378,0.0856299212598433,-1.18110236220472));
#3612=CARTESIAN_POINT('',(5.86828739976378,0.0856299212598433,-1.37795275590551));
#3613=CARTESIAN_POINT('Origin',(5.81988188976378,0.0856299212598433,-1.37795275590551));
#3614=CARTESIAN_POINT('',(5.86828739976378,0.0856299212598433,-1.18110236220472));
#3615=CARTESIAN_POINT('Origin',(0.0856299212598423,0.0856299212598437,-0.969709486152464));
#3616=CARTESIAN_POINT('',(0.134035431259842,0.0856299212598437,-0.984251968503936));
#3617=CARTESIAN_POINT('Origin',(0.0856299212598423,0.0856299212598437,-0.984251968503936));
#3618=CARTESIAN_POINT('',(0.0856299212598423,0.0856299212598437,-0.955167003800992));
#3619=CARTESIAN_POINT('',(0.109832676259842,0.0856299212598437,-0.969709486152464));
#3620=CARTESIAN_POINT('Origin',(0.0856299212598423,0.0856299212598437,-1.18110236220472));
#3621=CARTESIAN_POINT('',(0.134035431259842,0.0856299212598436,-1.37795275590551));
#3622=CARTESIAN_POINT('Origin',(0.0856299212598423,0.0856299212598437,-1.37795275590551));
#3623=CARTESIAN_POINT('',(0.134035431259842,0.0856299212598436,-1.18110236220472));
#3624=CARTESIAN_POINT('Origin',(0.0856299212598416,2.2765748031496,-0.969709486152464));
#3625=CARTESIAN_POINT('',(0.134035431259842,2.2765748031496,-0.984251968503936));
#3626=CARTESIAN_POINT('Origin',(0.0856299212598416,2.2765748031496,-0.984251968503936));
#3627=CARTESIAN_POINT('',(0.0856299212598416,2.2765748031496,-0.955167003800992));
#3628=CARTESIAN_POINT('',(0.109832676259842,2.2765748031496,-0.969709486152464));
#3629=CARTESIAN_POINT('Origin',(0.0856299212598416,2.2765748031496,-1.18110236220472));
#3630=CARTESIAN_POINT('',(0.134035431259842,2.2765748031496,-1.37795275590551));
#3631=CARTESIAN_POINT('Origin',(0.0856299212598416,2.2765748031496,-1.37795275590551));
#3632=CARTESIAN_POINT('',(0.134035431259842,2.2765748031496,-1.18110236220472));
#3633=CARTESIAN_POINT('Origin',(5.81988188976378,2.27657480314961,-0.969709486152465));
#3634=CARTESIAN_POINT('',(5.86828739976378,2.27657480314961,-0.984251968503937));
#3635=CARTESIAN_POINT('Origin',(5.81988188976378,2.27657480314961,-0.984251968503937));
#3636=CARTESIAN_POINT('',(5.81988188976378,2.27657480314961,-0.955167003800992));
#3637=CARTESIAN_POINT('',(5.84408464476378,2.27657480314961,-0.969709486152465));
#3638=CARTESIAN_POINT('Origin',(5.81988188976378,2.27657480314961,-1.18110236220472));
#3639=CARTESIAN_POINT('',(5.86828739976378,2.27657480314961,-1.37795275590551));
#3640=CARTESIAN_POINT('Origin',(5.81988188976378,2.27657480314961,-1.37795275590551));
#3641=CARTESIAN_POINT('',(5.86828739976378,2.27657480314961,-1.18110236220472));
#3642=CARTESIAN_POINT('Origin',(0.196850393700787,0.314765801047203,0.));
#3643=CARTESIAN_POINT('',(0.156829225802859,0.203642743043287,0.));
#3644=CARTESIAN_POINT('',(0.0787401574803147,0.314765801047203,0.));
#3645=CARTESIAN_POINT('Origin',(0.196850393700787,0.314765801047203,0.));
#3646=CARTESIAN_POINT('',(0.156829225802859,0.203642743043287,-1.37795275590551));
#3647=CARTESIAN_POINT('',(0.156829225802859,0.203642743043287,0.));
#3648=CARTESIAN_POINT('',(0.0787401574803147,0.314765801047203,-1.37795275590551));
#3649=CARTESIAN_POINT('Origin',(0.196850393700787,0.314765801047203,-1.37795275590551));
#3650=CARTESIAN_POINT('',(0.0787401574803147,0.314765801047203,0.));
#3651=CARTESIAN_POINT('Origin',(0.0787401574803147,2.1515748031496,0.));
#3652=CARTESIAN_POINT('',(0.0787401574803147,2.03346456692913,-1.37795275590551));
#3653=CARTESIAN_POINT('',(0.0787401574803147,0.0787401574803157,-1.37795275590551));
#3654=CARTESIAN_POINT('',(0.0787401574803147,2.03346456692913,0.));
#3655=CARTESIAN_POINT('',(0.0787401574803147,2.03346456692913,0.));
#3656=CARTESIAN_POINT('',(0.0787401574803147,1.66633858267717,0.));
#3657=CARTESIAN_POINT('Origin',(0.116808057904931,0.0925196850393714,0.));
#3658=CARTESIAN_POINT('',(0.222774107692622,0.14468503937008,0.));
#3659=CARTESIAN_POINT('Origin',(0.116808057904931,0.0925196850393714,0.));
#3660=CARTESIAN_POINT('',(0.222774107692622,0.14468503937008,-1.37795275590551));
#3661=CARTESIAN_POINT('',(0.222774107692622,0.14468503937008,0.));
#3662=CARTESIAN_POINT('Origin',(0.116808057904931,0.0925196850393714,-1.37795275590551));
#3663=CARTESIAN_POINT('Origin',(2.95275590551181,1.18110236220473,-1.37795275590551));
#3664=CARTESIAN_POINT('',(-0.0393700787401574,2.34251968503937,-1.37795275590551));
#3665=CARTESIAN_POINT('',(-0.0393700787401574,2.40157480314961,-1.37795275590551));
#3666=CARTESIAN_POINT('',(0.019685039370079,2.40157480314961,-1.37795275590551));
#3667=CARTESIAN_POINT('Origin',(0.0196850393700788,2.34251968503937,-1.37795275590551));
#3668=CARTESIAN_POINT('',(5.88582677165354,2.40157480314961,-1.37795275590551));
#3669=CARTESIAN_POINT('',(5.94488188976378,2.40157480314961,-1.37795275590551));
#3670=CARTESIAN_POINT('',(5.94488188976378,2.34251968503938,-1.37795275590551));
#3671=CARTESIAN_POINT('Origin',(5.88582677165354,2.34251968503938,-1.37795275590551));
#3672=CARTESIAN_POINT('',(5.94488188976378,-0.0393700787401496,-1.37795275590551));
#3673=CARTESIAN_POINT('',(0.328740157480313,0.0787401574803154,-1.37795275590551));
#3674=CARTESIAN_POINT('Origin',(0.328740157480313,0.196850393700788,-1.37795275590551));
#3675=CARTESIAN_POINT('',(5.57677165354331,0.0787401574803094,-1.37795275590551));
#3676=CARTESIAN_POINT('',(5.82677165354331,0.0787401574803091,-1.37795275590551));
#3677=CARTESIAN_POINT('',(5.68647630472721,0.153090624406655,-1.37795275590551));
#3678=CARTESIAN_POINT('Origin',(5.57677165354331,0.196850393700782,-1.37795275590551));
#3679=CARTESIAN_POINT('',(5.75242118661697,0.219035506296422,-1.37795275590551));
#3680=CARTESIAN_POINT('Origin',(5.7961809559111,0.109330855112527,-1.37795275590551));
#3681=CARTESIAN_POINT('',(5.82677165354331,0.328740157480316,-1.37795275590551));
#3682=CARTESIAN_POINT('Origin',(5.70866141732283,0.328740157480316,-1.37795275590551));
#3683=CARTESIAN_POINT('',(5.82677165354331,2.03346456692913,-1.37795275590551));
#3684=CARTESIAN_POINT('',(5.82677165354331,2.28346456692914,-1.37795275590551));
#3685=CARTESIAN_POINT('',(5.75242118661697,2.14316921811303,-1.37795275590551));
#3686=CARTESIAN_POINT('Origin',(5.70866141732283,2.03346456692913,-1.37795275590551));
#3687=CARTESIAN_POINT('',(5.68647630472721,2.20911410000279,-1.37795275590551));
#3688=CARTESIAN_POINT('Origin',(5.7961809559111,2.25287386929692,-1.37795275590551));
#3689=CARTESIAN_POINT('',(5.57677165354331,2.28346456692914,-1.37795275590551));
#3690=CARTESIAN_POINT('Origin',(5.57677165354331,2.16535433070867,-1.37795275590551));
#3691=CARTESIAN_POINT('',(0.328740157480313,2.28346456692913,-1.37795275590551));
#3692=CARTESIAN_POINT('',(0.0787401574803147,2.28346456692913,-1.37795275590551));
#3693=CARTESIAN_POINT('',(0.219035506296417,2.20911410000279,-1.37795275590551));
#3694=CARTESIAN_POINT('Origin',(0.328740157480313,2.16535433070866,-1.37795275590551));
#3695=CARTESIAN_POINT('',(0.153090624406654,2.14316921811303,-1.37795275590551));
#3696=CARTESIAN_POINT('Origin',(0.109330855112521,2.25287386929692,-1.37795275590551));
#3697=CARTESIAN_POINT('Origin',(0.196850393700787,2.03346456692913,-1.37795275590551));
#3698=CARTESIAN_POINT('Origin',(0.109330855112521,2.25287386929692,0.));
#3699=CARTESIAN_POINT('',(0.153090624406654,2.14316921811303,0.));
#3700=CARTESIAN_POINT('',(0.219035506296417,2.20911410000279,0.));
#3701=CARTESIAN_POINT('Origin',(0.109330855112521,2.25287386929692,0.));
#3702=CARTESIAN_POINT('',(0.153090624406654,2.14316921811303,0.));
#3703=CARTESIAN_POINT('',(0.219035506296417,2.20911410000279,0.));
#3704=CARTESIAN_POINT('Origin',(0.328740157480313,2.16535433070866,0.));
#3705=CARTESIAN_POINT('',(0.328740157480312,2.28346456692913,0.));
#3706=CARTESIAN_POINT('',(0.328740157480313,2.28346456692913,0.));
#3707=CARTESIAN_POINT('Origin',(0.328740157480313,2.16535433070866,0.));
#3708=CARTESIAN_POINT('Origin',(5.7961809559111,0.109330855112527,0.));
#3709=CARTESIAN_POINT('',(5.75242118661697,0.219035506296422,0.));
#3710=CARTESIAN_POINT('',(5.68647630472721,0.153090624406655,0.));
#3711=CARTESIAN_POINT('Origin',(5.7961809559111,0.109330855112527,0.));
#3712=CARTESIAN_POINT('',(5.75242118661697,0.219035506296421,0.));
#3713=CARTESIAN_POINT('',(5.68647630472721,0.153090624406654,0.));
#3714=CARTESIAN_POINT('Origin',(5.57677165354331,0.196850393700782,0.));
#3715=CARTESIAN_POINT('',(5.57677165354331,0.0787401574803094,0.));
#3716=CARTESIAN_POINT('',(5.57677165354331,0.0787401574803094,0.));
#3717=CARTESIAN_POINT('Origin',(5.57677165354331,0.196850393700782,0.));
#3718=CARTESIAN_POINT('Origin',(5.7961809559111,2.25287386929692,0.));
#3719=CARTESIAN_POINT('',(5.68647630472721,2.20911410000279,0.));
#3720=CARTESIAN_POINT('',(5.75242118661697,2.14316921811303,0.));
#3721=CARTESIAN_POINT('Origin',(5.7961809559111,2.25287386929692,0.));
#3722=CARTESIAN_POINT('',(5.68647630472721,2.20911410000279,0.));
#3723=CARTESIAN_POINT('',(5.75242118661697,2.14316921811303,0.));
#3724=CARTESIAN_POINT('Origin',(5.70866141732283,2.03346456692913,0.));
#3725=CARTESIAN_POINT('',(5.82677165354331,2.03346456692913,0.));
#3726=CARTESIAN_POINT('',(5.82677165354331,2.03346456692913,0.));
#3727=CARTESIAN_POINT('Origin',(5.70866141732283,2.03346456692913,0.));
#3728=CARTESIAN_POINT('Origin',(5.57677165354331,2.16535433070867,0.));
#3729=CARTESIAN_POINT('',(5.57677165354331,2.28346456692914,0.));
#3730=CARTESIAN_POINT('Origin',(5.57677165354331,2.16535433070867,0.));
#3731=CARTESIAN_POINT('',(5.57677165354331,2.28346456692914,0.));
#3732=CARTESIAN_POINT('Origin',(5.70866141732283,0.328740157480316,0.));
#3733=CARTESIAN_POINT('',(5.82677165354331,0.328740157480316,0.));
#3734=CARTESIAN_POINT('Origin',(5.70866141732283,0.328740157480316,0.));
#3735=CARTESIAN_POINT('',(5.82677165354331,0.328740157480316,0.));
#3736=CARTESIAN_POINT('Origin',(0.328740157480313,0.196850393700788,0.));
#3737=CARTESIAN_POINT('',(0.328740157480313,0.0787401574803154,0.));
#3738=CARTESIAN_POINT('Origin',(0.328740157480313,0.196850393700788,0.));
#3739=CARTESIAN_POINT('',(0.328740157480313,0.0787401574803154,0.));
#3740=CARTESIAN_POINT('Origin',(0.196850393700787,2.03346456692913,0.));
#3741=CARTESIAN_POINT('Origin',(0.196850393700787,2.03346456692913,0.));
#3742=CARTESIAN_POINT('Origin',(5.69488188976378,2.28346456692914,0.));
#3743=CARTESIAN_POINT('',(4.3238188976378,2.28346456692914,0.));
#3744=CARTESIAN_POINT('Origin',(0.210629921259841,0.0787401574803156,0.));
#3745=CARTESIAN_POINT('',(1.58169291338583,0.078740157480314,0.));
#3746=CARTESIAN_POINT('Origin',(5.82677165354331,0.210629921259843,0.));
#3747=CARTESIAN_POINT('',(5.82677165354331,0.695866141732285,0.));
#3748=CARTESIAN_POINT('',(5.8267716535433,1.68110236220473,-0.563976377952756));
#3749=CARTESIAN_POINT('Origin',(5.8267716535433,1.68110236220473,-0.688976377952756));
#3750=CARTESIAN_POINT('',(5.8267716535433,0.681102362204731,-0.563976377952756));
#3751=CARTESIAN_POINT('Origin',(5.82677165354331,0.681102362204731,-0.688976377952756));
#3752=CARTESIAN_POINT('Origin',(6.22047244094489,0.314960629921267,-7.58607376032097));
#3753=CARTESIAN_POINT('',(6.17206693094489,0.314960629921267,-7.58607376032097));
#3754=CARTESIAN_POINT('Origin',(6.22047244094488,2.0472440944882,-7.58607376032097));
#3755=CARTESIAN_POINT('',(6.17206693094488,2.0472440944882,-7.58607376032097));
#3756=CARTESIAN_POINT('Origin',(-0.31496062992126,0.31496062992126,-7.58607376032097));
#3757=CARTESIAN_POINT('',(-0.36336613992126,0.31496062992126,-7.58607376032097));
#3758=CARTESIAN_POINT('Origin',(-0.314960629921262,2.04724409448819,-7.58607376032097));
#3759=CARTESIAN_POINT('',(-0.363366139921262,2.04724409448819,-7.58607376032097));
#3760=CARTESIAN_POINT('Origin',(6.00393700787401,2.34251968503938,0.));
#3761=CARTESIAN_POINT('',(5.94488188976378,2.34251968503938,0.));
#3762=CARTESIAN_POINT('',(6.00393700787401,2.28346456692914,0.));
#3763=CARTESIAN_POINT('Origin',(5.94488188976378,2.40157480314961,0.));
#3764=CARTESIAN_POINT('',(5.94488188976378,2.34251968503938,0.));
#3765=CARTESIAN_POINT('',(5.94488188976378,0.681102362204732,-0.563976377952756));
#3766=CARTESIAN_POINT('Origin',(5.94488188976378,0.681102362204732,-0.688976377952756));
#3767=CARTESIAN_POINT('',(5.94488188976378,1.68110236220473,-0.563976377952756));
#3768=CARTESIAN_POINT('Origin',(5.94488188976378,1.68110236220473,-0.688976377952756));
#3769=CARTESIAN_POINT('Origin',(-0.0984251968503936,2.34251968503937,0.));
#3770=CARTESIAN_POINT('',(-0.0984251968503935,2.28346456692913,0.));
#3771=CARTESIAN_POINT('',(-0.0393700787401574,2.34251968503937,0.));
#3772=CARTESIAN_POINT('Origin',(-0.551181102362209,2.28346456692913,0.));
#3773=CARTESIAN_POINT('',(-0.433070866141737,2.28346456692913,0.));
#3774=CARTESIAN_POINT('Origin',(-0.0393700787401574,-0.0393700787401566,
0.));
#3775=CARTESIAN_POINT('',(-0.0393700787401574,2.34251968503937,0.));
#3776=CARTESIAN_POINT('Origin',(5.88582677165354,2.34251968503938,0.));
#3777=CARTESIAN_POINT('',(5.88582677165354,2.40157480314961,0.));
#3778=CARTESIAN_POINT('Origin',(-0.0393700787401573,2.40157480314961,0.));
#3779=CARTESIAN_POINT('',(0.0196850393700787,2.40157480314961,0.));
#3780=CARTESIAN_POINT('Origin',(0.0196850393700788,2.34251968503937,0.));
#3781=CARTESIAN_POINT('Origin',(-0.433070866141733,0.196850393700787,0.));
#3782=CARTESIAN_POINT('',(-0.551181102362205,0.196850393700787,0.));
#3783=CARTESIAN_POINT('Origin',(-0.551181102362205,0.078740157480315,0.));
#3784=CARTESIAN_POINT('',(-0.551181102362209,2.16535433070866,0.));
#3785=CARTESIAN_POINT('Origin',(-0.433070866141736,2.16535433070866,0.));
#3786=CARTESIAN_POINT('Origin',(5.90551181102362,2.28346456692914,0.));
#3787=CARTESIAN_POINT('Origin',(-0.707147011178927,0.681102362204716,-0.688976377952756));
#3788=CARTESIAN_POINT('',(-0.707147011178927,0.681102362204716,-0.563976377952756));
#3789=CARTESIAN_POINT('Origin',(-0.70714701117893,1.68110236220472,-0.688976377952756));
#3790=CARTESIAN_POINT('',(-0.70714701117893,1.68110236220472,-0.563976377952756));
#3791=CARTESIAN_POINT('Origin',(0.669291338582676,1.18110236220472,6.36347632883647));
#3792=CARTESIAN_POINT('',(0.620885828582676,1.18110236220472,0.));
#3793=CARTESIAN_POINT('Origin',(0.669291338582676,1.18110236220472,0.));
#3794=CARTESIAN_POINT('',(0.620885828582676,1.18110236220472,6.36347632883647));
#3795=CARTESIAN_POINT('Origin',(2.08629133858268,1.18110236220472,6.36347632883647));
#3796=CARTESIAN_POINT('',(2.03788582858268,1.18110236220472,0.));
#3797=CARTESIAN_POINT('Origin',(2.08629133858268,1.18110236220472,0.));
#3798=CARTESIAN_POINT('',(2.03788582858268,1.18110236220472,6.36347632883647));
#3799=CARTESIAN_POINT('Origin',(0.907791338582674,0.461102362204725,0.));
#3800=CARTESIAN_POINT('',(0.907791338582674,0.401102362204725,0.));
#3801=CARTESIAN_POINT('',(0.847791338582674,0.461102362204725,0.));
#3802=CARTESIAN_POINT('Origin',(0.907791338582674,0.461102362204725,0.));
#3803=CARTESIAN_POINT('',(0.847791338582674,0.461102362204725,0.));
#3804=CARTESIAN_POINT('',(0.907791338582674,0.401102362204725,0.));
#3805=CARTESIAN_POINT('Origin',(0.847791338582674,0.401102362204725,0.));
#3806=CARTESIAN_POINT('',(0.847791338582677,1.90110236220472,0.));
#3807=CARTESIAN_POINT('',(0.847791338582674,0.401102362204725,0.));
#3808=CARTESIAN_POINT('',(0.847791338582677,1.90110236220472,0.));
#3809=CARTESIAN_POINT('Origin',(1.84779133858267,0.461102362204725,0.));
#3810=CARTESIAN_POINT('',(1.90779133858267,0.461102362204725,0.));
#3811=CARTESIAN_POINT('',(1.84779133858267,0.401102362204725,0.));
#3812=CARTESIAN_POINT('Origin',(1.84779133858267,0.461102362204725,0.));
#3813=CARTESIAN_POINT('',(1.84779133858267,0.401102362204725,0.));
#3814=CARTESIAN_POINT('',(1.90779133858267,0.461102362204725,0.));
#3815=CARTESIAN_POINT('Origin',(1.90779133858267,0.401102362204725,0.));
#3816=CARTESIAN_POINT('',(1.90779133858267,0.401102362204725,0.));
#3817=CARTESIAN_POINT('Origin',(1.84779133858267,1.90110236220472,0.));
#3818=CARTESIAN_POINT('',(1.84779133858267,1.96110236220472,0.));
#3819=CARTESIAN_POINT('',(1.90779133858268,1.90110236220472,0.));
#3820=CARTESIAN_POINT('Origin',(1.84779133858267,1.90110236220472,0.));
#3821=CARTESIAN_POINT('',(1.90779133858268,1.90110236220472,0.));
#3822=CARTESIAN_POINT('',(1.84779133858267,1.96110236220472,0.));
#3823=CARTESIAN_POINT('Origin',(1.90779133858268,1.96110236220472,0.));
#3824=CARTESIAN_POINT('',(1.90779133858268,1.96110236220472,0.));
#3825=CARTESIAN_POINT('Origin',(0.907791338582677,1.90110236220472,0.));
#3826=CARTESIAN_POINT('',(0.907791338582677,1.96110236220472,0.));
#3827=CARTESIAN_POINT('Origin',(0.907791338582677,1.90110236220472,0.));
#3828=CARTESIAN_POINT('',(0.907791338582677,1.96110236220472,0.));
#3829=CARTESIAN_POINT('Origin',(0.847791338582677,1.96110236220472,0.));
#3830=CARTESIAN_POINT('',(0.847791338582677,1.96110236220472,0.));
#3831=CARTESIAN_POINT('Origin',(2.95275590551181,1.18110236220473,0.));
#3832=UNCERTAINTY_MEASURE_WITH_UNIT(LENGTH_MEASURE(0.000393700787401575),
#3838,'DISTANCE_ACCURACY_VALUE',
'Maximum model space distance between geometric entities at asserted c
onnectivities');
#3833=UNCERTAINTY_MEASURE_WITH_UNIT(LENGTH_MEASURE(0.000393700787401575),
#3838,'DISTANCE_ACCURACY_VALUE',
'Maximum model space distance between geometric entities at asserted c
onnectivities');
#3834=(
GEOMETRIC_REPRESENTATION_CONTEXT(3)
GLOBAL_UNCERTAINTY_ASSIGNED_CONTEXT((#3832))
GLOBAL_UNIT_ASSIGNED_CONTEXT((#3838,#3842,#3843))
REPRESENTATION_CONTEXT('','3D')
);
#3835=(
GEOMETRIC_REPRESENTATION_CONTEXT(3)
GLOBAL_UNCERTAINTY_ASSIGNED_CONTEXT((#3833))
GLOBAL_UNIT_ASSIGNED_CONTEXT((#3838,#3842,#3843))
REPRESENTATION_CONTEXT('','3D')
);
#3836=DIMENSIONAL_EXPONENTS(1.,0.,0.,0.,0.,0.,0.);
#3837=DIMENSIONAL_EXPONENTS(0.,1.,0.,0.,0.,0.,0.);
#3838=(
CONVERSION_BASED_UNIT('inch',#3841)
LENGTH_UNIT()
NAMED_UNIT(#3836)
);
#3839=(
LENGTH_UNIT()
NAMED_UNIT(*)
SI_UNIT(.MILLI.,.METRE.)
);
#3840=(
LENGTH_UNIT()
NAMED_UNIT(*)
SI_UNIT(.CENTI.,.METRE.)
);
#3841=LENGTH_MEASURE_WITH_UNIT(LENGTH_MEASURE(25.4),#3839);
#3842=(
NAMED_UNIT(*)
PLANE_ANGLE_UNIT()
SI_UNIT($,.RADIAN.)
);
#3843=(
NAMED_UNIT(*)
SI_UNIT($,.STERADIAN.)
SOLID_ANGLE_UNIT()
);
#3844=SHAPE_DEFINITION_REPRESENTATION(#3845,#3846);
#3845=PRODUCT_DEFINITION_SHAPE('',$,#3848);
#3846=SHAPE_REPRESENTATION('',(#2244),#3834);
#3847=PRODUCT_DEFINITION_CONTEXT('part definition',#3852,'design');
#3848=PRODUCT_DEFINITION('Junction Box Modbay','Junction Box Modbay',#3849,
#3847);
#3849=PRODUCT_DEFINITION_FORMATION('',$,#3854);
#3850=PRODUCT_RELATED_PRODUCT_CATEGORY('Junction Box Modbay',
'Junction Box Modbay',(#3854));
#3851=APPLICATION_PROTOCOL_DEFINITION('international standard',
'automotive_design',2009,#3852);
#3852=APPLICATION_CONTEXT(
'Core Data for Automotive Mechanical Design Process');
#3853=PRODUCT_CONTEXT('part definition',#3852,'mechanical');
#3854=PRODUCT('Junction Box Modbay','Junction Box Modbay',$,(#3853));
#3855=PRESENTATION_STYLE_ASSIGNMENT((#3856));
#3856=SURFACE_STYLE_USAGE(.BOTH.,#3859);
#3857=SURFACE_STYLE_RENDERING_WITH_PROPERTIES($,#3863,(#3858));
#3858=SURFACE_STYLE_TRANSPARENT(0.);
#3859=SURFACE_SIDE_STYLE('',(#3860,#3857));
#3860=SURFACE_STYLE_FILL_AREA(#3861);
#3861=FILL_AREA_STYLE('',(#3862));
#3862=FILL_AREA_STYLE_COLOUR('',#3863);
#3863=COLOUR_RGB('',0.0196078431372549,0.0196078431372549,0.0196078431372549);
ENDSEC;
END-ISO-10303-21;
