ISO-10303-21;
HEADER;
/* Generated by software containing ST-Developer
 * from STEP Tools, Inc. (www.steptools.com) 
 */

FILE_DESCRIPTION(
/* description */ (''),
/* implementation_level */ '2;1');

FILE_NAME(
/* name */ 'Side.stp',
/* time_stamp */ '2026-10-09T23:26:16-04:00',
/* author */ ('JoshuaEah'),
/* organization */ (''),
/* preprocessor_version */ 'ST-DEVELOPER v20.1',
/* originating_system */ 'Autodesk Inventor 2026',
/* authorisation */ '');

FILE_SCHEMA (('AUTOMOTIVE_DESIGN { 1 0 10303 214 3 1 1 }'));
ENDSEC;

DATA;
#10=MECHANICAL_DESIGN_GEOMETRIC_PRESENTATION_REPRESENTATION('',(#13),#2357);
#11=SHAPE_REPRESENTATION_RELATIONSHIP('SRR','None',#2368,#12);
#12=ADVANCED_BREP_SHAPE_REPRESENTATION('',(#14),#2356);
#13=STYLED_ITEM('',(#2377),#14);
#14=MANIFOLD_SOLID_BREP('Solid1',#1353);
#15=TOROIDAL_SURFACE('',#1485,1.125,0.125);
#16=TOROIDAL_SURFACE('',#1501,1.125,0.125);
#17=SPHERICAL_SURFACE('',#1468,0.125);
#18=SPHERICAL_SURFACE('',#1472,0.125);
#19=SPHERICAL_SURFACE('',#1490,0.125);
#20=SPHERICAL_SURFACE('',#1509,0.125);
#21=SPHERICAL_SURFACE('',#1513,0.125);
#22=SPHERICAL_SURFACE('',#1518,0.125);
#23=SPHERICAL_SURFACE('',#1523,0.125);
#24=SPHERICAL_SURFACE('',#1524,0.125);
#25=FACE_BOUND('',#213,.T.);
#26=FACE_BOUND('',#214,.T.);
#27=FACE_BOUND('',#254,.T.);
#28=FACE_BOUND('',#255,.T.);
#29=FACE_BOUND('',#256,.T.);
#30=FACE_BOUND('',#257,.T.);
#31=FACE_BOUND('',#258,.T.);
#32=FACE_BOUND('',#259,.T.);
#33=FACE_BOUND('',#260,.T.);
#34=FACE_BOUND('',#261,.T.);
#35=FACE_BOUND('',#266,.T.);
#36=FACE_BOUND('',#267,.T.);
#37=FACE_BOUND('',#269,.T.);
#38=FACE_BOUND('',#270,.T.);
#39=FACE_BOUND('',#272,.T.);
#40=FACE_BOUND('',#273,.T.);
#41=ELLIPSE('',#1449,0.125477860350458,0.125);
#42=PLANE('',#1418);
#43=PLANE('',#1423);
#44=PLANE('',#1427);
#45=PLANE('',#1432);
#46=PLANE('',#1436);
#47=PLANE('',#1441);
#48=PLANE('',#1445);
#49=PLANE('',#1448);
#50=PLANE('',#1452);
#51=PLANE('',#1455);
#52=PLANE('',#1459);
#53=PLANE('',#1462);
#54=PLANE('',#1476);
#55=PLANE('',#1479);
#56=PLANE('',#1494);
#57=PLANE('',#1497);
#58=PLANE('',#1526);
#59=PLANE('',#1528);
#60=PLANE('',#1529);
#61=PLANE('',#1530);
#62=PLANE('',#1531);
#63=PLANE('',#1532);
#64=PLANE('',#1533);
#65=PLANE('',#1534);
#66=CYLINDRICAL_SURFACE('',#1378,0.1085);
#67=CYLINDRICAL_SURFACE('',#1383,0.1085);
#68=CYLINDRICAL_SURFACE('',#1388,0.1085);
#69=CYLINDRICAL_SURFACE('',#1393,0.1085);
#70=CYLINDRICAL_SURFACE('',#1398,0.1085);
#71=CYLINDRICAL_SURFACE('',#1403,0.1085);
#72=CYLINDRICAL_SURFACE('',#1408,0.1085);
#73=CYLINDRICAL_SURFACE('',#1413,0.1085);
#74=CYLINDRICAL_SURFACE('',#1415,0.015748031496063);
#75=CYLINDRICAL_SURFACE('',#1420,0.015748031496063);
#76=CYLINDRICAL_SURFACE('',#1424,0.015748031496063);
#77=CYLINDRICAL_SURFACE('',#1429,0.015748031496063);
#78=CYLINDRICAL_SURFACE('',#1433,0.015748031496063);
#79=CYLINDRICAL_SURFACE('',#1438,0.015748031496063);
#80=CYLINDRICAL_SURFACE('',#1442,0.015748031496063);
#81=CYLINDRICAL_SURFACE('',#1450,0.015748031496063);
#82=CYLINDRICAL_SURFACE('',#1457,0.125);
#83=CYLINDRICAL_SURFACE('',#1460,0.125);
#84=CYLINDRICAL_SURFACE('',#1463,0.125);
#85=CYLINDRICAL_SURFACE('',#1465,0.125);
#86=CYLINDRICAL_SURFACE('',#1470,0.125);
#87=CYLINDRICAL_SURFACE('',#1474,0.125);
#88=CYLINDRICAL_SURFACE('',#1477,0.125);
#89=CYLINDRICAL_SURFACE('',#1480,0.125);
#90=CYLINDRICAL_SURFACE('',#1482,0.125);
#91=CYLINDRICAL_SURFACE('',#1488,0.125);
#92=CYLINDRICAL_SURFACE('',#1492,0.125);
#93=CYLINDRICAL_SURFACE('',#1495,1.);
#94=CYLINDRICAL_SURFACE('',#1498,0.125);
#95=CYLINDRICAL_SURFACE('',#1504,0.125);
#96=CYLINDRICAL_SURFACE('',#1506,0.125);
#97=CYLINDRICAL_SURFACE('',#1510,0.125);
#98=CYLINDRICAL_SURFACE('',#1515,0.125);
#99=CYLINDRICAL_SURFACE('',#1520,0.125);
#100=CYLINDRICAL_SURFACE('',#1525,0.125);
#101=CYLINDRICAL_SURFACE('',#1527,0.125);
#102=FACE_OUTER_BOUND('',#180,.T.);
#103=FACE_OUTER_BOUND('',#181,.T.);
#104=FACE_OUTER_BOUND('',#182,.T.);
#105=FACE_OUTER_BOUND('',#183,.T.);
#106=FACE_OUTER_BOUND('',#184,.T.);
#107=FACE_OUTER_BOUND('',#185,.T.);
#108=FACE_OUTER_BOUND('',#186,.T.);
#109=FACE_OUTER_BOUND('',#187,.T.);
#110=FACE_OUTER_BOUND('',#188,.T.);
#111=FACE_OUTER_BOUND('',#189,.T.);
#112=FACE_OUTER_BOUND('',#190,.T.);
#113=FACE_OUTER_BOUND('',#191,.T.);
#114=FACE_OUTER_BOUND('',#192,.T.);
#115=FACE_OUTER_BOUND('',#193,.T.);
#116=FACE_OUTER_BOUND('',#194,.T.);
#117=FACE_OUTER_BOUND('',#195,.T.);
#118=FACE_OUTER_BOUND('',#196,.T.);
#119=FACE_OUTER_BOUND('',#197,.T.);
#120=FACE_OUTER_BOUND('',#198,.T.);
#121=FACE_OUTER_BOUND('',#199,.T.);
#122=FACE_OUTER_BOUND('',#200,.T.);
#123=FACE_OUTER_BOUND('',#201,.T.);
#124=FACE_OUTER_BOUND('',#202,.T.);
#125=FACE_OUTER_BOUND('',#203,.T.);
#126=FACE_OUTER_BOUND('',#204,.T.);
#127=FACE_OUTER_BOUND('',#205,.T.);
#128=FACE_OUTER_BOUND('',#206,.T.);
#129=FACE_OUTER_BOUND('',#207,.T.);
#130=FACE_OUTER_BOUND('',#208,.T.);
#131=FACE_OUTER_BOUND('',#209,.T.);
#132=FACE_OUTER_BOUND('',#210,.T.);
#133=FACE_OUTER_BOUND('',#211,.T.);
#134=FACE_OUTER_BOUND('',#212,.T.);
#135=FACE_OUTER_BOUND('',#215,.T.);
#136=FACE_OUTER_BOUND('',#216,.T.);
#137=FACE_OUTER_BOUND('',#217,.T.);
#138=FACE_OUTER_BOUND('',#218,.T.);
#139=FACE_OUTER_BOUND('',#219,.T.);
#140=FACE_OUTER_BOUND('',#220,.T.);
#141=FACE_OUTER_BOUND('',#221,.T.);
#142=FACE_OUTER_BOUND('',#222,.T.);
#143=FACE_OUTER_BOUND('',#223,.T.);
#144=FACE_OUTER_BOUND('',#224,.T.);
#145=FACE_OUTER_BOUND('',#225,.T.);
#146=FACE_OUTER_BOUND('',#226,.T.);
#147=FACE_OUTER_BOUND('',#227,.T.);
#148=FACE_OUTER_BOUND('',#228,.T.);
#149=FACE_OUTER_BOUND('',#229,.T.);
#150=FACE_OUTER_BOUND('',#230,.T.);
#151=FACE_OUTER_BOUND('',#231,.T.);
#152=FACE_OUTER_BOUND('',#232,.T.);
#153=FACE_OUTER_BOUND('',#233,.T.);
#154=FACE_OUTER_BOUND('',#234,.T.);
#155=FACE_OUTER_BOUND('',#235,.T.);
#156=FACE_OUTER_BOUND('',#236,.T.);
#157=FACE_OUTER_BOUND('',#237,.T.);
#158=FACE_OUTER_BOUND('',#238,.T.);
#159=FACE_OUTER_BOUND('',#239,.T.);
#160=FACE_OUTER_BOUND('',#240,.T.);
#161=FACE_OUTER_BOUND('',#241,.T.);
#162=FACE_OUTER_BOUND('',#242,.T.);
#163=FACE_OUTER_BOUND('',#243,.T.);
#164=FACE_OUTER_BOUND('',#244,.T.);
#165=FACE_OUTER_BOUND('',#245,.T.);
#166=FACE_OUTER_BOUND('',#246,.T.);
#167=FACE_OUTER_BOUND('',#247,.T.);
#168=FACE_OUTER_BOUND('',#248,.T.);
#169=FACE_OUTER_BOUND('',#249,.T.);
#170=FACE_OUTER_BOUND('',#250,.T.);
#171=FACE_OUTER_BOUND('',#251,.T.);
#172=FACE_OUTER_BOUND('',#252,.T.);
#173=FACE_OUTER_BOUND('',#253,.T.);
#174=FACE_OUTER_BOUND('',#262,.T.);
#175=FACE_OUTER_BOUND('',#263,.T.);
#176=FACE_OUTER_BOUND('',#264,.T.);
#177=FACE_OUTER_BOUND('',#265,.T.);
#178=FACE_OUTER_BOUND('',#268,.T.);
#179=FACE_OUTER_BOUND('',#271,.T.);
#180=EDGE_LOOP('',(#883,#884,#885,#886));
#181=EDGE_LOOP('',(#887,#888,#889,#890));
#182=EDGE_LOOP('',(#891,#892,#893,#894));
#183=EDGE_LOOP('',(#895,#896,#897,#898));
#184=EDGE_LOOP('',(#899,#900,#901,#902));
#185=EDGE_LOOP('',(#903,#904,#905,#906));
#186=EDGE_LOOP('',(#907,#908,#909,#910));
#187=EDGE_LOOP('',(#911,#912,#913,#914));
#188=EDGE_LOOP('',(#915,#916,#917,#918));
#189=EDGE_LOOP('',(#919,#920,#921,#922));
#190=EDGE_LOOP('',(#923,#924,#925,#926));
#191=EDGE_LOOP('',(#927,#928,#929,#930));
#192=EDGE_LOOP('',(#931,#932,#933,#934));
#193=EDGE_LOOP('',(#935,#936,#937,#938));
#194=EDGE_LOOP('',(#939,#940,#941,#942));
#195=EDGE_LOOP('',(#943,#944,#945,#946));
#196=EDGE_LOOP('',(#947,#948,#949,#950));
#197=EDGE_LOOP('',(#951,#952,#953,#954,#955));
#198=EDGE_LOOP('',(#956,#957,#958,#959));
#199=EDGE_LOOP('',(#960,#961,#962,#963));
#200=EDGE_LOOP('',(#964,#965,#966,#967));
#201=EDGE_LOOP('',(#968,#969,#970,#971,#972));
#202=EDGE_LOOP('',(#973,#974,#975,#976));
#203=EDGE_LOOP('',(#977,#978,#979,#980));
#204=EDGE_LOOP('',(#981,#982,#983,#984));
#205=EDGE_LOOP('',(#985,#986,#987,#988,#989));
#206=EDGE_LOOP('',(#990,#991,#992,#993));
#207=EDGE_LOOP('',(#994,#995,#996,#997));
#208=EDGE_LOOP('',(#998,#999,#1000,#1001));
#209=EDGE_LOOP('',(#1002,#1003,#1004,#1005,#1006,#1007,#1008,#1009,#1010,
#1011,#1012,#1013,#1014,#1015,#1016,#1017,#1018,#1019,#1020,#1021,#1022,
#1023,#1024,#1025,#1026,#1027,#1028,#1029,#1030));
#210=EDGE_LOOP('',(#1031,#1032,#1033,#1034,#1035));
#211=EDGE_LOOP('',(#1036,#1037,#1038,#1039));
#212=EDGE_LOOP('',(#1040,#1041,#1042,#1043,#1044,#1045,#1046,#1047,#1048,
#1049));
#213=EDGE_LOOP('',(#1050));
#214=EDGE_LOOP('',(#1051));
#215=EDGE_LOOP('',(#1052,#1053,#1054,#1055,#1056));
#216=EDGE_LOOP('',(#1057,#1058,#1059,#1060));
#217=EDGE_LOOP('',(#1061,#1062,#1063,#1064,#1065,#1066,#1067,#1068,#1069,
#1070));
#218=EDGE_LOOP('',(#1071,#1072,#1073,#1074));
#219=EDGE_LOOP('',(#1075,#1076,#1077,#1078,#1079,#1080,#1081,#1082,#1083,
#1084,#1085,#1086));
#220=EDGE_LOOP('',(#1087,#1088,#1089,#1090));
#221=EDGE_LOOP('',(#1091,#1092,#1093,#1094));
#222=EDGE_LOOP('',(#1095,#1096,#1097));
#223=EDGE_LOOP('',(#1098,#1099,#1100,#1101));
#224=EDGE_LOOP('',(#1102,#1103,#1104));
#225=EDGE_LOOP('',(#1105,#1106,#1107,#1108));
#226=EDGE_LOOP('',(#1109,#1110,#1111,#1112));
#227=EDGE_LOOP('',(#1113,#1114,#1115,#1116));
#228=EDGE_LOOP('',(#1117,#1118,#1119,#1120,#1121,#1122));
#229=EDGE_LOOP('',(#1123,#1124,#1125,#1126));
#230=EDGE_LOOP('',(#1127,#1128,#1129,#1130));
#231=EDGE_LOOP('',(#1131,#1132,#1133,#1134));
#232=EDGE_LOOP('',(#1135,#1136,#1137,#1138));
#233=EDGE_LOOP('',(#1139,#1140,#1141));
#234=EDGE_LOOP('',(#1142,#1143,#1144,#1145));
#235=EDGE_LOOP('',(#1146,#1147,#1148,#1149));
#236=EDGE_LOOP('',(#1150,#1151,#1152,#1153));
#237=EDGE_LOOP('',(#1154,#1155,#1156,#1157,#1158));
#238=EDGE_LOOP('',(#1159,#1160,#1161,#1162));
#239=EDGE_LOOP('',(#1163,#1164,#1165,#1166));
#240=EDGE_LOOP('',(#1167,#1168,#1169,#1170));
#241=EDGE_LOOP('',(#1171,#1172,#1173,#1174));
#242=EDGE_LOOP('',(#1175,#1176,#1177));
#243=EDGE_LOOP('',(#1178,#1179,#1180,#1181));
#244=EDGE_LOOP('',(#1182,#1183,#1184));
#245=EDGE_LOOP('',(#1185,#1186,#1187,#1188));
#246=EDGE_LOOP('',(#1189,#1190,#1191));
#247=EDGE_LOOP('',(#1192,#1193,#1194,#1195));
#248=EDGE_LOOP('',(#1196,#1197,#1198));
#249=EDGE_LOOP('',(#1199,#1200,#1201));
#250=EDGE_LOOP('',(#1202,#1203,#1204,#1205));
#251=EDGE_LOOP('',(#1206,#1207,#1208,#1209));
#252=EDGE_LOOP('',(#1210,#1211,#1212,#1213));
#253=EDGE_LOOP('',(#1214,#1215,#1216,#1217,#1218,#1219,#1220));
#254=EDGE_LOOP('',(#1221));
#255=EDGE_LOOP('',(#1222));
#256=EDGE_LOOP('',(#1223));
#257=EDGE_LOOP('',(#1224));
#258=EDGE_LOOP('',(#1225));
#259=EDGE_LOOP('',(#1226));
#260=EDGE_LOOP('',(#1227));
#261=EDGE_LOOP('',(#1228));
#262=EDGE_LOOP('',(#1229,#1230,#1231,#1232,#1233));
#263=EDGE_LOOP('',(#1234,#1235,#1236,#1237,#1238));
#264=EDGE_LOOP('',(#1239,#1240,#1241,#1242));
#265=EDGE_LOOP('',(#1243,#1244,#1245,#1246,#1247,#1248));
#266=EDGE_LOOP('',(#1249));
#267=EDGE_LOOP('',(#1250));
#268=EDGE_LOOP('',(#1251,#1252,#1253,#1254,#1255,#1256));
#269=EDGE_LOOP('',(#1257));
#270=EDGE_LOOP('',(#1258));
#271=EDGE_LOOP('',(#1259,#1260,#1261,#1262,#1263,#1264));
#272=EDGE_LOOP('',(#1265));
#273=EDGE_LOOP('',(#1266));
#274=LINE('',#1972,#384);
#275=LINE('',#1976,#385);
#276=LINE('',#1982,#386);
#277=LINE('',#1986,#387);
#278=LINE('',#1992,#388);
#279=LINE('',#1996,#389);
#280=LINE('',#2002,#390);
#281=LINE('',#2006,#391);
#282=LINE('',#2012,#392);
#283=LINE('',#2016,#393);
#284=LINE('',#2022,#394);
#285=LINE('',#2026,#395);
#286=LINE('',#2032,#396);
#287=LINE('',#2036,#397);
#288=LINE('',#2042,#398);
#289=LINE('',#2046,#399);
#290=LINE('',#2053,#400);
#291=LINE('',#2056,#401);
#292=LINE('',#2059,#402);
#293=LINE('',#2063,#403);
#294=LINE('',#2064,#404);
#295=LINE('',#2070,#405);
#296=LINE('',#2073,#406);
#297=LINE('',#2075,#407);
#298=LINE('',#2076,#408);
#299=LINE('',#2082,#409);
#300=LINE('',#2085,#410);
#301=LINE('',#2088,#411);
#302=LINE('',#2092,#412);
#303=LINE('',#2093,#413);
#304=LINE('',#2099,#414);
#305=LINE('',#2102,#415);
#306=LINE('',#2104,#416);
#307=LINE('',#2105,#417);
#308=LINE('',#2111,#418);
#309=LINE('',#2114,#419);
#310=LINE('',#2117,#420);
#311=LINE('',#2121,#421);
#312=LINE('',#2122,#422);
#313=LINE('',#2128,#423);
#314=LINE('',#2131,#424);
#315=LINE('',#2133,#425);
#316=LINE('',#2134,#426);
#317=LINE('',#2140,#427);
#318=LINE('',#2143,#428);
#319=LINE('',#2146,#429);
#320=LINE('',#2148,#430);
#321=LINE('',#2150,#431);
#322=LINE('',#2151,#432);
#323=LINE('',#2153,#433);
#324=LINE('',#2154,#434);
#325=LINE('',#2156,#435);
#326=LINE('',#2158,#436);
#327=LINE('',#2162,#437);
#328=LINE('',#2163,#438);
#329=LINE('',#2165,#439);
#330=LINE('',#2167,#440);
#331=LINE('',#2169,#441);
#332=LINE('',#2172,#442);
#333=LINE('',#2175,#443);
#334=LINE('',#2177,#444);
#335=LINE('',#2183,#445);
#336=LINE('',#2184,#446);
#337=LINE('',#2187,#447);
#338=LINE('',#2189,#448);
#339=LINE('',#2193,#449);
#340=LINE('',#2196,#450);
#341=LINE('',#2197,#451);
#342=LINE('',#2201,#452);
#343=LINE('',#2205,#453);
#344=LINE('',#2208,#454);
#345=LINE('',#2209,#455);
#346=LINE('',#2211,#456);
#347=LINE('',#2213,#457);
#348=LINE('',#2215,#458);
#349=LINE('',#2216,#459);
#350=LINE('',#2220,#460);
#351=LINE('',#2223,#461);
#352=LINE('',#2224,#462);
#353=LINE('',#2226,#463);
#354=LINE('',#2228,#464);
#355=LINE('',#2230,#465);
#356=LINE('',#2232,#466);
#357=LINE('',#2234,#467);
#358=LINE('',#2236,#468);
#359=LINE('',#2237,#469);
#360=LINE('',#2245,#470);
#361=LINE('',#2250,#471);
#362=LINE('',#2256,#472);
#363=LINE('',#2260,#473);
#364=LINE('',#2261,#474);
#365=LINE('',#2264,#475);
#366=LINE('',#2268,#476);
#367=LINE('',#2269,#477);
#368=LINE('',#2277,#478);
#369=LINE('',#2287,#479);
#370=LINE('',#2291,#480);
#371=LINE('',#2292,#481);
#372=LINE('',#2296,#482);
#373=LINE('',#2302,#483);
#374=LINE('',#2310,#484);
#375=LINE('',#2315,#485);
#376=LINE('',#2322,#486);
#377=LINE('',#2324,#487);
#378=LINE('',#2331,#488);
#379=LINE('',#2337,#489);
#380=LINE('',#2341,#490);
#381=LINE('',#2343,#491);
#382=LINE('',#2347,#492);
#383=LINE('',#2349,#493);
#384=VECTOR('',#1541,0.1565);
#385=VECTOR('',#1546,0.1085);
#386=VECTOR('',#1553,0.1565);
#387=VECTOR('',#1558,0.1085);
#388=VECTOR('',#1565,0.1565);
#389=VECTOR('',#1570,0.1085);
#390=VECTOR('',#1577,0.1565);
#391=VECTOR('',#1582,0.1085);
#392=VECTOR('',#1589,0.1565);
#393=VECTOR('',#1594,0.1085);
#394=VECTOR('',#1601,0.1565);
#395=VECTOR('',#1606,0.1085);
#396=VECTOR('',#1613,0.1565);
#397=VECTOR('',#1618,0.1085);
#398=VECTOR('',#1625,0.1565);
#399=VECTOR('',#1630,0.1085);
#400=VECTOR('',#1637,0.393700787401575);
#401=VECTOR('',#1640,0.393700787401575);
#402=VECTOR('',#1643,0.393700787401575);
#403=VECTOR('',#1646,0.393700787401575);
#404=VECTOR('',#1647,0.393700787401575);
#405=VECTOR('',#1652,0.393700787401575);
#406=VECTOR('',#1655,0.393700787401575);
#407=VECTOR('',#1658,0.393700787401575);
#408=VECTOR('',#1659,0.393700787401575);
#409=VECTOR('',#1664,0.393700787401575);
#410=VECTOR('',#1667,0.393700787401575);
#411=VECTOR('',#1670,0.393700787401575);
#412=VECTOR('',#1673,0.393700787401575);
#413=VECTOR('',#1674,0.393700787401575);
#414=VECTOR('',#1679,0.393700787401575);
#415=VECTOR('',#1682,0.393700787401575);
#416=VECTOR('',#1685,0.393700787401575);
#417=VECTOR('',#1686,0.393700787401575);
#418=VECTOR('',#1691,0.393700787401575);
#419=VECTOR('',#1694,0.393700787401575);
#420=VECTOR('',#1697,0.393700787401575);
#421=VECTOR('',#1700,0.393700787401575);
#422=VECTOR('',#1701,0.393700787401575);
#423=VECTOR('',#1706,0.393700787401575);
#424=VECTOR('',#1709,0.393700787401575);
#425=VECTOR('',#1712,0.393700787401575);
#426=VECTOR('',#1713,0.393700787401575);
#427=VECTOR('',#1718,0.393700787401575);
#428=VECTOR('',#1721,0.393700787401575);
#429=VECTOR('',#1724,0.393700787401575);
#430=VECTOR('',#1725,0.393700787401575);
#431=VECTOR('',#1726,0.393700787401575);
#432=VECTOR('',#1727,0.393700787401575);
#433=VECTOR('',#1728,0.393700787401575);
#434=VECTOR('',#1729,0.393700787401575);
#435=VECTOR('',#1730,0.393700787401575);
#436=VECTOR('',#1731,0.393700787401575);
#437=VECTOR('',#1734,0.393700787401575);
#438=VECTOR('',#1735,0.393700787401575);
#439=VECTOR('',#1736,0.393700787401575);
#440=VECTOR('',#1737,0.393700787401575);
#441=VECTOR('',#1738,0.393700787401575);
#442=VECTOR('',#1741,0.393700787401575);
#443=VECTOR('',#1744,0.393700787401575);
#444=VECTOR('',#1745,0.393700787401575);
#445=VECTOR('',#1752,0.393700787401575);
#446=VECTOR('',#1753,0.393700787401575);
#447=VECTOR('',#1756,0.393700787401575);
#448=VECTOR('',#1757,0.393700787401575);
#449=VECTOR('',#1760,0.393700787401575);
#450=VECTOR('',#1763,0.393700787401575);
#451=VECTOR('',#1764,0.393700787401575);
#452=VECTOR('',#1769,0.393700787401575);
#453=VECTOR('',#1774,0.393700787401575);
#454=VECTOR('',#1777,0.393700787401575);
#455=VECTOR('',#1778,0.393700787401575);
#456=VECTOR('',#1779,0.393700787401575);
#457=VECTOR('',#1780,0.393700787401575);
#458=VECTOR('',#1781,0.393700787401575);
#459=VECTOR('',#1782,0.393700787401575);
#460=VECTOR('',#1787,0.393700787401575);
#461=VECTOR('',#1790,0.393700787401575);
#462=VECTOR('',#1791,0.393700787401575);
#463=VECTOR('',#1792,0.393700787401575);
#464=VECTOR('',#1793,0.393700787401575);
#465=VECTOR('',#1794,0.393700787401575);
#466=VECTOR('',#1795,0.393700787401575);
#467=VECTOR('',#1796,0.393700787401575);
#468=VECTOR('',#1797,0.393700787401575);
#469=VECTOR('',#1798,0.393700787401575);
#470=VECTOR('',#1809,0.393700787401575);
#471=VECTOR('',#1816,0.393700787401575);
#472=VECTOR('',#1825,0.393700787401575);
#473=VECTOR('',#1830,0.393700787401575);
#474=VECTOR('',#1831,0.393700787401575);
#475=VECTOR('',#1834,0.393700787401575);
#476=VECTOR('',#1839,0.393700787401575);
#477=VECTOR('',#1840,0.393700787401575);
#478=VECTOR('',#1851,0.393700787401575);
#479=VECTOR('',#1868,0.393700787401575);
#480=VECTOR('',#1873,0.393700787401575);
#481=VECTOR('',#1874,0.393700787401575);
#482=VECTOR('',#1881,0.393700787401575);
#483=VECTOR('',#1888,0.393700787401575);
#484=VECTOR('',#1899,0.393700787401575);
#485=VECTOR('',#1906,0.393700787401575);
#486=VECTOR('',#1913,0.393700787401575);
#487=VECTOR('',#1916,0.393700787401575);
#488=VECTOR('',#1927,0.393700787401575);
#489=VECTOR('',#1938,0.393700787401575);
#490=VECTOR('',#1945,0.393700787401575);
#491=VECTOR('',#1948,0.393700787401575);
#492=VECTOR('',#1955,0.393700787401575);
#493=VECTOR('',#1958,0.393700787401575);
#494=CIRCLE('',#1376,0.2045);
#495=CIRCLE('',#1377,0.1085);
#496=CIRCLE('',#1379,0.1085);
#497=CIRCLE('',#1381,0.2045);
#498=CIRCLE('',#1382,0.1085);
#499=CIRCLE('',#1384,0.1085);
#500=CIRCLE('',#1386,0.2045);
#501=CIRCLE('',#1387,0.1085);
#502=CIRCLE('',#1389,0.1085);
#503=CIRCLE('',#1391,0.2045);
#504=CIRCLE('',#1392,0.1085);
#505=CIRCLE('',#1394,0.1085);
#506=CIRCLE('',#1396,0.2045);
#507=CIRCLE('',#1397,0.1085);
#508=CIRCLE('',#1399,0.1085);
#509=CIRCLE('',#1401,0.2045);
#510=CIRCLE('',#1402,0.1085);
#511=CIRCLE('',#1404,0.1085);
#512=CIRCLE('',#1406,0.2045);
#513=CIRCLE('',#1407,0.1085);
#514=CIRCLE('',#1409,0.1085);
#515=CIRCLE('',#1411,0.2045);
#516=CIRCLE('',#1412,0.1085);
#517=CIRCLE('',#1414,0.1085);
#518=CIRCLE('',#1416,0.015748031496063);
#519=CIRCLE('',#1417,0.015748031496063);
#520=CIRCLE('',#1419,0.125);
#521=CIRCLE('',#1421,0.015748031496063);
#522=CIRCLE('',#1422,0.015748031496063);
#523=CIRCLE('',#1425,0.015748031496063);
#524=CIRCLE('',#1426,0.015748031496063);
#525=CIRCLE('',#1428,0.125);
#526=CIRCLE('',#1430,0.015748031496063);
#527=CIRCLE('',#1431,0.015748031496063);
#528=CIRCLE('',#1434,0.015748031496063);
#529=CIRCLE('',#1435,0.015748031496063);
#530=CIRCLE('',#1437,0.125);
#531=CIRCLE('',#1439,0.015748031496063);
#532=CIRCLE('',#1440,0.015748031496063);
#533=CIRCLE('',#1443,0.015748031496063);
#534=CIRCLE('',#1444,0.015748031496063);
#535=CIRCLE('',#1446,1.125);
#536=CIRCLE('',#1447,0.015748031496063);
#537=CIRCLE('',#1451,0.015748031496063);
#538=CIRCLE('',#1453,0.125);
#539=CIRCLE('',#1454,0.125);
#540=CIRCLE('',#1456,0.125);
#541=CIRCLE('',#1458,0.125);
#542=CIRCLE('',#1461,0.125);
#543=CIRCLE('',#1464,0.125);
#544=CIRCLE('',#1466,0.125);
#545=CIRCLE('',#1467,0.125);
#546=CIRCLE('',#1469,0.125);
#547=CIRCLE('',#1471,0.125);
#548=CIRCLE('',#1473,0.125);
#549=CIRCLE('',#1475,0.125);
#550=CIRCLE('',#1478,0.125);
#551=CIRCLE('',#1481,0.125);
#552=CIRCLE('',#1483,0.125);
#553=CIRCLE('',#1484,0.125);
#554=CIRCLE('',#1486,0.125);
#555=CIRCLE('',#1487,1.);
#556=CIRCLE('',#1489,0.125);
#557=CIRCLE('',#1491,0.125);
#558=CIRCLE('',#1493,0.125);
#559=CIRCLE('',#1496,1.);
#560=CIRCLE('',#1499,0.125);
#561=CIRCLE('',#1500,0.125);
#562=CIRCLE('',#1502,0.125);
#563=CIRCLE('',#1503,1.125);
#564=CIRCLE('',#1505,0.125);
#565=CIRCLE('',#1507,0.125);
#566=CIRCLE('',#1508,0.125);
#567=CIRCLE('',#1511,0.125);
#568=CIRCLE('',#1512,0.125);
#569=CIRCLE('',#1514,0.125);
#570=CIRCLE('',#1516,0.125);
#571=CIRCLE('',#1517,0.125);
#572=CIRCLE('',#1519,0.125);
#573=CIRCLE('',#1521,0.125);
#574=CIRCLE('',#1522,0.125);
#575=VERTEX_POINT('',#1969);
#576=VERTEX_POINT('',#1971);
#577=VERTEX_POINT('',#1975);
#578=VERTEX_POINT('',#1979);
#579=VERTEX_POINT('',#1981);
#580=VERTEX_POINT('',#1985);
#581=VERTEX_POINT('',#1989);
#582=VERTEX_POINT('',#1991);
#583=VERTEX_POINT('',#1995);
#584=VERTEX_POINT('',#1999);
#585=VERTEX_POINT('',#2001);
#586=VERTEX_POINT('',#2005);
#587=VERTEX_POINT('',#2009);
#588=VERTEX_POINT('',#2011);
#589=VERTEX_POINT('',#2015);
#590=VERTEX_POINT('',#2019);
#591=VERTEX_POINT('',#2021);
#592=VERTEX_POINT('',#2025);
#593=VERTEX_POINT('',#2029);
#594=VERTEX_POINT('',#2031);
#595=VERTEX_POINT('',#2035);
#596=VERTEX_POINT('',#2039);
#597=VERTEX_POINT('',#2041);
#598=VERTEX_POINT('',#2045);
#599=VERTEX_POINT('',#2049);
#600=VERTEX_POINT('',#2050);
#601=VERTEX_POINT('',#2052);
#602=VERTEX_POINT('',#2054);
#603=VERTEX_POINT('',#2058);
#604=VERTEX_POINT('',#2060);
#605=VERTEX_POINT('',#2062);
#606=VERTEX_POINT('',#2066);
#607=VERTEX_POINT('',#2067);
#608=VERTEX_POINT('',#2069);
#609=VERTEX_POINT('',#2071);
#610=VERTEX_POINT('',#2078);
#611=VERTEX_POINT('',#2079);
#612=VERTEX_POINT('',#2081);
#613=VERTEX_POINT('',#2083);
#614=VERTEX_POINT('',#2087);
#615=VERTEX_POINT('',#2089);
#616=VERTEX_POINT('',#2091);
#617=VERTEX_POINT('',#2095);
#618=VERTEX_POINT('',#2096);
#619=VERTEX_POINT('',#2098);
#620=VERTEX_POINT('',#2100);
#621=VERTEX_POINT('',#2107);
#622=VERTEX_POINT('',#2108);
#623=VERTEX_POINT('',#2110);
#624=VERTEX_POINT('',#2112);
#625=VERTEX_POINT('',#2116);
#626=VERTEX_POINT('',#2118);
#627=VERTEX_POINT('',#2120);
#628=VERTEX_POINT('',#2124);
#629=VERTEX_POINT('',#2125);
#630=VERTEX_POINT('',#2127);
#631=VERTEX_POINT('',#2129);
#632=VERTEX_POINT('',#2136);
#633=VERTEX_POINT('',#2137);
#634=VERTEX_POINT('',#2139);
#635=VERTEX_POINT('',#2141);
#636=VERTEX_POINT('',#2145);
#637=VERTEX_POINT('',#2147);
#638=VERTEX_POINT('',#2149);
#639=VERTEX_POINT('',#2152);
#640=VERTEX_POINT('',#2155);
#641=VERTEX_POINT('',#2157);
#642=VERTEX_POINT('',#2159);
#643=VERTEX_POINT('',#2161);
#644=VERTEX_POINT('',#2164);
#645=VERTEX_POINT('',#2166);
#646=VERTEX_POINT('',#2168);
#647=VERTEX_POINT('',#2170);
#648=VERTEX_POINT('',#2174);
#649=VERTEX_POINT('',#2176);
#650=VERTEX_POINT('',#2180);
#651=VERTEX_POINT('',#2181);
#652=VERTEX_POINT('',#2186);
#653=VERTEX_POINT('',#2188);
#654=VERTEX_POINT('',#2190);
#655=VERTEX_POINT('',#2192);
#656=VERTEX_POINT('',#2194);
#657=VERTEX_POINT('',#2199);
#658=VERTEX_POINT('',#2203);
#659=VERTEX_POINT('',#2207);
#660=VERTEX_POINT('',#2210);
#661=VERTEX_POINT('',#2212);
#662=VERTEX_POINT('',#2214);
#663=VERTEX_POINT('',#2218);
#664=VERTEX_POINT('',#2222);
#665=VERTEX_POINT('',#2225);
#666=VERTEX_POINT('',#2227);
#667=VERTEX_POINT('',#2229);
#668=VERTEX_POINT('',#2231);
#669=VERTEX_POINT('',#2233);
#670=VERTEX_POINT('',#2235);
#671=VERTEX_POINT('',#2241);
#672=VERTEX_POINT('',#2243);
#673=VERTEX_POINT('',#2249);
#674=VERTEX_POINT('',#2255);
#675=VERTEX_POINT('',#2259);
#676=VERTEX_POINT('',#2263);
#677=VERTEX_POINT('',#2267);
#678=VERTEX_POINT('',#2273);
#679=VERTEX_POINT('',#2275);
#680=VERTEX_POINT('',#2286);
#681=VERTEX_POINT('',#2290);
#682=VERTEX_POINT('',#2298);
#683=VERTEX_POINT('',#2300);
#684=VERTEX_POINT('',#2304);
#685=VERTEX_POINT('',#2308);
#686=VERTEX_POINT('',#2312);
#687=VERTEX_POINT('',#2318);
#688=VERTEX_POINT('',#2319);
#689=VERTEX_POINT('',#2321);
#690=VERTEX_POINT('',#2328);
#691=EDGE_CURVE('',#575,#575,#494,.T.);
#692=EDGE_CURVE('',#575,#576,#274,.T.);
#693=EDGE_CURVE('',#576,#576,#495,.T.);
#694=EDGE_CURVE('',#576,#577,#275,.T.);
#695=EDGE_CURVE('',#577,#577,#496,.T.);
#696=EDGE_CURVE('',#578,#578,#497,.T.);
#697=EDGE_CURVE('',#578,#579,#276,.T.);
#698=EDGE_CURVE('',#579,#579,#498,.T.);
#699=EDGE_CURVE('',#579,#580,#277,.T.);
#700=EDGE_CURVE('',#580,#580,#499,.T.);
#701=EDGE_CURVE('',#581,#581,#500,.T.);
#702=EDGE_CURVE('',#581,#582,#278,.T.);
#703=EDGE_CURVE('',#582,#582,#501,.T.);
#704=EDGE_CURVE('',#582,#583,#279,.T.);
#705=EDGE_CURVE('',#583,#583,#502,.T.);
#706=EDGE_CURVE('',#584,#584,#503,.T.);
#707=EDGE_CURVE('',#584,#585,#280,.T.);
#708=EDGE_CURVE('',#585,#585,#504,.T.);
#709=EDGE_CURVE('',#585,#586,#281,.T.);
#710=EDGE_CURVE('',#586,#586,#505,.T.);
#711=EDGE_CURVE('',#587,#587,#506,.T.);
#712=EDGE_CURVE('',#587,#588,#282,.T.);
#713=EDGE_CURVE('',#588,#588,#507,.T.);
#714=EDGE_CURVE('',#588,#589,#283,.T.);
#715=EDGE_CURVE('',#589,#589,#508,.T.);
#716=EDGE_CURVE('',#590,#590,#509,.T.);
#717=EDGE_CURVE('',#590,#591,#284,.T.);
#718=EDGE_CURVE('',#591,#591,#510,.T.);
#719=EDGE_CURVE('',#591,#592,#285,.T.);
#720=EDGE_CURVE('',#592,#592,#511,.T.);
#721=EDGE_CURVE('',#593,#593,#512,.T.);
#722=EDGE_CURVE('',#593,#594,#286,.T.);
#723=EDGE_CURVE('',#594,#594,#513,.T.);
#724=EDGE_CURVE('',#594,#595,#287,.T.);
#725=EDGE_CURVE('',#595,#595,#514,.T.);
#726=EDGE_CURVE('',#596,#596,#515,.T.);
#727=EDGE_CURVE('',#596,#597,#288,.T.);
#728=EDGE_CURVE('',#597,#597,#516,.T.);
#729=EDGE_CURVE('',#597,#598,#289,.T.);
#730=EDGE_CURVE('',#598,#598,#517,.T.);
#731=EDGE_CURVE('',#599,#600,#518,.T.);
#732=EDGE_CURVE('',#599,#601,#290,.T.);
#733=EDGE_CURVE('',#601,#602,#519,.T.);
#734=EDGE_CURVE('',#602,#600,#291,.T.);
#735=EDGE_CURVE('',#602,#603,#292,.T.);
#736=EDGE_CURVE('',#604,#603,#520,.T.);
#737=EDGE_CURVE('',#604,#605,#293,.T.);
#738=EDGE_CURVE('',#600,#605,#294,.T.);
#739=EDGE_CURVE('',#606,#607,#521,.T.);
#740=EDGE_CURVE('',#606,#608,#295,.T.);
#741=EDGE_CURVE('',#608,#609,#522,.T.);
#742=EDGE_CURVE('',#609,#607,#296,.T.);
#743=EDGE_CURVE('',#607,#599,#297,.T.);
#744=EDGE_CURVE('',#609,#601,#298,.T.);
#745=EDGE_CURVE('',#610,#611,#523,.T.);
#746=EDGE_CURVE('',#610,#612,#299,.T.);
#747=EDGE_CURVE('',#612,#613,#524,.T.);
#748=EDGE_CURVE('',#613,#611,#300,.T.);
#749=EDGE_CURVE('',#613,#614,#301,.T.);
#750=EDGE_CURVE('',#615,#614,#525,.T.);
#751=EDGE_CURVE('',#615,#616,#302,.T.);
#752=EDGE_CURVE('',#611,#616,#303,.T.);
#753=EDGE_CURVE('',#617,#618,#526,.T.);
#754=EDGE_CURVE('',#617,#619,#304,.T.);
#755=EDGE_CURVE('',#619,#620,#527,.T.);
#756=EDGE_CURVE('',#620,#618,#305,.T.);
#757=EDGE_CURVE('',#618,#610,#306,.T.);
#758=EDGE_CURVE('',#620,#612,#307,.T.);
#759=EDGE_CURVE('',#621,#622,#528,.T.);
#760=EDGE_CURVE('',#621,#623,#308,.T.);
#761=EDGE_CURVE('',#623,#624,#529,.T.);
#762=EDGE_CURVE('',#624,#622,#309,.T.);
#763=EDGE_CURVE('',#624,#625,#310,.T.);
#764=EDGE_CURVE('',#626,#625,#530,.T.);
#765=EDGE_CURVE('',#626,#627,#311,.T.);
#766=EDGE_CURVE('',#622,#627,#312,.T.);
#767=EDGE_CURVE('',#628,#629,#531,.T.);
#768=EDGE_CURVE('',#628,#630,#313,.T.);
#769=EDGE_CURVE('',#630,#631,#532,.T.);
#770=EDGE_CURVE('',#631,#629,#314,.T.);
#771=EDGE_CURVE('',#629,#621,#315,.T.);
#772=EDGE_CURVE('',#631,#623,#316,.T.);
#773=EDGE_CURVE('',#632,#633,#533,.T.);
#774=EDGE_CURVE('',#633,#634,#317,.T.);
#775=EDGE_CURVE('',#634,#635,#534,.F.);
#776=EDGE_CURVE('',#635,#632,#318,.T.);
#777=EDGE_CURVE('',#636,#632,#319,.T.);
#778=EDGE_CURVE('',#637,#636,#320,.T.);
#779=EDGE_CURVE('',#638,#637,#321,.T.);
#780=EDGE_CURVE('',#603,#638,#322,.T.);
#781=EDGE_CURVE('',#639,#608,#323,.T.);
#782=EDGE_CURVE('',#614,#639,#324,.T.);
#783=EDGE_CURVE('',#640,#619,#325,.T.);
#784=EDGE_CURVE('',#641,#640,#326,.T.);
#785=EDGE_CURVE('',#642,#641,#535,.T.);
#786=EDGE_CURVE('',#643,#642,#327,.T.);
#787=EDGE_CURVE('',#625,#643,#328,.T.);
#788=EDGE_CURVE('',#644,#630,#329,.T.);
#789=EDGE_CURVE('',#645,#644,#330,.T.);
#790=EDGE_CURVE('',#646,#645,#331,.T.);
#791=EDGE_CURVE('',#647,#646,#536,.T.);
#792=EDGE_CURVE('',#633,#647,#332,.T.);
#793=EDGE_CURVE('',#648,#635,#333,.T.);
#794=EDGE_CURVE('',#649,#648,#334,.T.);
#795=EDGE_CURVE('',#636,#649,#41,.T.);
#796=EDGE_CURVE('',#650,#651,#537,.T.);
#797=EDGE_CURVE('',#650,#647,#335,.T.);
#798=EDGE_CURVE('',#646,#651,#336,.T.);
#799=EDGE_CURVE('',#651,#652,#337,.T.);
#800=EDGE_CURVE('',#652,#653,#338,.T.);
#801=EDGE_CURVE('',#654,#653,#538,.T.);
#802=EDGE_CURVE('',#654,#655,#339,.T.);
#803=EDGE_CURVE('',#656,#655,#539,.T.);
#804=EDGE_CURVE('',#656,#648,#340,.T.);
#805=EDGE_CURVE('',#634,#650,#341,.T.);
#806=EDGE_CURVE('',#657,#645,#540,.T.);
#807=EDGE_CURVE('',#657,#652,#342,.T.);
#808=EDGE_CURVE('',#644,#658,#541,.T.);
#809=EDGE_CURVE('',#658,#657,#343,.T.);
#810=EDGE_CURVE('',#658,#659,#344,.T.);
#811=EDGE_CURVE('',#627,#659,#345,.T.);
#812=EDGE_CURVE('',#660,#626,#346,.T.);
#813=EDGE_CURVE('',#661,#660,#347,.T.);
#814=EDGE_CURVE('',#662,#661,#348,.T.);
#815=EDGE_CURVE('',#653,#662,#349,.T.);
#816=EDGE_CURVE('',#639,#663,#542,.T.);
#817=EDGE_CURVE('',#663,#615,#350,.T.);
#818=EDGE_CURVE('',#663,#664,#351,.T.);
#819=EDGE_CURVE('',#605,#664,#352,.T.);
#820=EDGE_CURVE('',#665,#604,#353,.T.);
#821=EDGE_CURVE('',#666,#665,#354,.T.);
#822=EDGE_CURVE('',#667,#666,#355,.T.);
#823=EDGE_CURVE('',#668,#667,#356,.T.);
#824=EDGE_CURVE('',#669,#668,#357,.T.);
#825=EDGE_CURVE('',#669,#670,#358,.T.);
#826=EDGE_CURVE('',#616,#670,#359,.T.);
#827=EDGE_CURVE('',#638,#665,#543,.T.);
#828=EDGE_CURVE('',#671,#638,#544,.T.);
#829=EDGE_CURVE('',#637,#672,#545,.T.);
#830=EDGE_CURVE('',#672,#671,#360,.T.);
#831=EDGE_CURVE('',#671,#665,#546,.T.);
#832=EDGE_CURVE('',#649,#673,#361,.T.);
#833=EDGE_CURVE('',#673,#637,#547,.T.);
#834=EDGE_CURVE('',#673,#672,#548,.T.);
#835=EDGE_CURVE('',#671,#674,#362,.T.);
#836=EDGE_CURVE('',#666,#674,#549,.T.);
#837=EDGE_CURVE('',#675,#672,#363,.T.);
#838=EDGE_CURVE('',#674,#675,#364,.T.);
#839=EDGE_CURVE('',#673,#676,#365,.T.);
#840=EDGE_CURVE('',#675,#676,#550,.T.);
#841=EDGE_CURVE('',#677,#656,#366,.T.);
#842=EDGE_CURVE('',#676,#677,#367,.T.);
#843=EDGE_CURVE('',#643,#660,#551,.T.);
#844=EDGE_CURVE('',#678,#643,#552,.T.);
#845=EDGE_CURVE('',#642,#679,#553,.T.);
#846=EDGE_CURVE('',#679,#678,#368,.T.);
#847=EDGE_CURVE('',#641,#668,#554,.T.);
#848=EDGE_CURVE('',#668,#679,#555,.T.);
#849=EDGE_CURVE('',#640,#669,#556,.T.);
#850=EDGE_CURVE('',#678,#660,#557,.T.);
#851=EDGE_CURVE('',#678,#680,#369,.T.);
#852=EDGE_CURVE('',#661,#680,#558,.T.);
#853=EDGE_CURVE('',#681,#679,#370,.T.);
#854=EDGE_CURVE('',#680,#681,#371,.T.);
#855=EDGE_CURVE('',#681,#667,#559,.T.);
#856=EDGE_CURVE('',#670,#617,#372,.T.);
#857=EDGE_CURVE('',#682,#667,#560,.T.);
#858=EDGE_CURVE('',#666,#683,#561,.T.);
#859=EDGE_CURVE('',#683,#682,#373,.T.);
#860=EDGE_CURVE('',#684,#681,#562,.T.);
#861=EDGE_CURVE('',#682,#684,#563,.T.);
#862=EDGE_CURVE('',#685,#680,#564,.T.);
#863=EDGE_CURVE('',#684,#685,#374,.T.);
#864=EDGE_CURVE('',#686,#662,#565,.T.);
#865=EDGE_CURVE('',#661,#685,#566,.T.);
#866=EDGE_CURVE('',#685,#686,#375,.T.);
#867=EDGE_CURVE('',#687,#688,#567,.T.);
#868=EDGE_CURVE('',#688,#689,#376,.T.);
#869=EDGE_CURVE('',#689,#686,#568,.T.);
#870=EDGE_CURVE('',#686,#687,#377,.T.);
#871=EDGE_CURVE('',#689,#662,#569,.T.);
#872=EDGE_CURVE('',#690,#676,#570,.T.);
#873=EDGE_CURVE('',#677,#687,#571,.T.);
#874=EDGE_CURVE('',#687,#690,#378,.T.);
#875=EDGE_CURVE('',#677,#688,#572,.T.);
#876=EDGE_CURVE('',#683,#674,#573,.T.);
#877=EDGE_CURVE('',#675,#690,#574,.T.);
#878=EDGE_CURVE('',#690,#683,#379,.T.);
#879=EDGE_CURVE('',#689,#654,#380,.T.);
#880=EDGE_CURVE('',#655,#688,#381,.T.);
#881=EDGE_CURVE('',#659,#628,#382,.T.);
#882=EDGE_CURVE('',#664,#606,#383,.T.);
#883=ORIENTED_EDGE('',*,*,#691,.F.);
#884=ORIENTED_EDGE('',*,*,#692,.T.);
#885=ORIENTED_EDGE('',*,*,#693,.F.);
#886=ORIENTED_EDGE('',*,*,#692,.F.);
#887=ORIENTED_EDGE('',*,*,#693,.T.);
#888=ORIENTED_EDGE('',*,*,#694,.T.);
#889=ORIENTED_EDGE('',*,*,#695,.F.);
#890=ORIENTED_EDGE('',*,*,#694,.F.);
#891=ORIENTED_EDGE('',*,*,#696,.F.);
#892=ORIENTED_EDGE('',*,*,#697,.T.);
#893=ORIENTED_EDGE('',*,*,#698,.F.);
#894=ORIENTED_EDGE('',*,*,#697,.F.);
#895=ORIENTED_EDGE('',*,*,#698,.T.);
#896=ORIENTED_EDGE('',*,*,#699,.T.);
#897=ORIENTED_EDGE('',*,*,#700,.F.);
#898=ORIENTED_EDGE('',*,*,#699,.F.);
#899=ORIENTED_EDGE('',*,*,#701,.F.);
#900=ORIENTED_EDGE('',*,*,#702,.T.);
#901=ORIENTED_EDGE('',*,*,#703,.F.);
#902=ORIENTED_EDGE('',*,*,#702,.F.);
#903=ORIENTED_EDGE('',*,*,#703,.T.);
#904=ORIENTED_EDGE('',*,*,#704,.T.);
#905=ORIENTED_EDGE('',*,*,#705,.F.);
#906=ORIENTED_EDGE('',*,*,#704,.F.);
#907=ORIENTED_EDGE('',*,*,#706,.F.);
#908=ORIENTED_EDGE('',*,*,#707,.T.);
#909=ORIENTED_EDGE('',*,*,#708,.F.);
#910=ORIENTED_EDGE('',*,*,#707,.F.);
#911=ORIENTED_EDGE('',*,*,#708,.T.);
#912=ORIENTED_EDGE('',*,*,#709,.T.);
#913=ORIENTED_EDGE('',*,*,#710,.F.);
#914=ORIENTED_EDGE('',*,*,#709,.F.);
#915=ORIENTED_EDGE('',*,*,#711,.F.);
#916=ORIENTED_EDGE('',*,*,#712,.T.);
#917=ORIENTED_EDGE('',*,*,#713,.F.);
#918=ORIENTED_EDGE('',*,*,#712,.F.);
#919=ORIENTED_EDGE('',*,*,#713,.T.);
#920=ORIENTED_EDGE('',*,*,#714,.T.);
#921=ORIENTED_EDGE('',*,*,#715,.F.);
#922=ORIENTED_EDGE('',*,*,#714,.F.);
#923=ORIENTED_EDGE('',*,*,#716,.F.);
#924=ORIENTED_EDGE('',*,*,#717,.T.);
#925=ORIENTED_EDGE('',*,*,#718,.F.);
#926=ORIENTED_EDGE('',*,*,#717,.F.);
#927=ORIENTED_EDGE('',*,*,#718,.T.);
#928=ORIENTED_EDGE('',*,*,#719,.T.);
#929=ORIENTED_EDGE('',*,*,#720,.F.);
#930=ORIENTED_EDGE('',*,*,#719,.F.);
#931=ORIENTED_EDGE('',*,*,#721,.F.);
#932=ORIENTED_EDGE('',*,*,#722,.T.);
#933=ORIENTED_EDGE('',*,*,#723,.F.);
#934=ORIENTED_EDGE('',*,*,#722,.F.);
#935=ORIENTED_EDGE('',*,*,#723,.T.);
#936=ORIENTED_EDGE('',*,*,#724,.T.);
#937=ORIENTED_EDGE('',*,*,#725,.F.);
#938=ORIENTED_EDGE('',*,*,#724,.F.);
#939=ORIENTED_EDGE('',*,*,#726,.F.);
#940=ORIENTED_EDGE('',*,*,#727,.T.);
#941=ORIENTED_EDGE('',*,*,#728,.F.);
#942=ORIENTED_EDGE('',*,*,#727,.F.);
#943=ORIENTED_EDGE('',*,*,#728,.T.);
#944=ORIENTED_EDGE('',*,*,#729,.T.);
#945=ORIENTED_EDGE('',*,*,#730,.F.);
#946=ORIENTED_EDGE('',*,*,#729,.F.);
#947=ORIENTED_EDGE('',*,*,#731,.F.);
#948=ORIENTED_EDGE('',*,*,#732,.T.);
#949=ORIENTED_EDGE('',*,*,#733,.T.);
#950=ORIENTED_EDGE('',*,*,#734,.T.);
#951=ORIENTED_EDGE('',*,*,#734,.F.);
#952=ORIENTED_EDGE('',*,*,#735,.T.);
#953=ORIENTED_EDGE('',*,*,#736,.F.);
#954=ORIENTED_EDGE('',*,*,#737,.T.);
#955=ORIENTED_EDGE('',*,*,#738,.F.);
#956=ORIENTED_EDGE('',*,*,#739,.F.);
#957=ORIENTED_EDGE('',*,*,#740,.T.);
#958=ORIENTED_EDGE('',*,*,#741,.T.);
#959=ORIENTED_EDGE('',*,*,#742,.T.);
#960=ORIENTED_EDGE('',*,*,#732,.F.);
#961=ORIENTED_EDGE('',*,*,#743,.F.);
#962=ORIENTED_EDGE('',*,*,#742,.F.);
#963=ORIENTED_EDGE('',*,*,#744,.T.);
#964=ORIENTED_EDGE('',*,*,#745,.F.);
#965=ORIENTED_EDGE('',*,*,#746,.T.);
#966=ORIENTED_EDGE('',*,*,#747,.T.);
#967=ORIENTED_EDGE('',*,*,#748,.T.);
#968=ORIENTED_EDGE('',*,*,#748,.F.);
#969=ORIENTED_EDGE('',*,*,#749,.T.);
#970=ORIENTED_EDGE('',*,*,#750,.F.);
#971=ORIENTED_EDGE('',*,*,#751,.T.);
#972=ORIENTED_EDGE('',*,*,#752,.F.);
#973=ORIENTED_EDGE('',*,*,#753,.F.);
#974=ORIENTED_EDGE('',*,*,#754,.T.);
#975=ORIENTED_EDGE('',*,*,#755,.T.);
#976=ORIENTED_EDGE('',*,*,#756,.T.);
#977=ORIENTED_EDGE('',*,*,#746,.F.);
#978=ORIENTED_EDGE('',*,*,#757,.F.);
#979=ORIENTED_EDGE('',*,*,#756,.F.);
#980=ORIENTED_EDGE('',*,*,#758,.T.);
#981=ORIENTED_EDGE('',*,*,#759,.F.);
#982=ORIENTED_EDGE('',*,*,#760,.T.);
#983=ORIENTED_EDGE('',*,*,#761,.T.);
#984=ORIENTED_EDGE('',*,*,#762,.T.);
#985=ORIENTED_EDGE('',*,*,#762,.F.);
#986=ORIENTED_EDGE('',*,*,#763,.T.);
#987=ORIENTED_EDGE('',*,*,#764,.F.);
#988=ORIENTED_EDGE('',*,*,#765,.T.);
#989=ORIENTED_EDGE('',*,*,#766,.F.);
#990=ORIENTED_EDGE('',*,*,#767,.F.);
#991=ORIENTED_EDGE('',*,*,#768,.T.);
#992=ORIENTED_EDGE('',*,*,#769,.T.);
#993=ORIENTED_EDGE('',*,*,#770,.T.);
#994=ORIENTED_EDGE('',*,*,#760,.F.);
#995=ORIENTED_EDGE('',*,*,#771,.F.);
#996=ORIENTED_EDGE('',*,*,#770,.F.);
#997=ORIENTED_EDGE('',*,*,#772,.T.);
#998=ORIENTED_EDGE('',*,*,#773,.T.);
#999=ORIENTED_EDGE('',*,*,#774,.T.);
#1000=ORIENTED_EDGE('',*,*,#775,.T.);
#1001=ORIENTED_EDGE('',*,*,#776,.T.);
#1002=ORIENTED_EDGE('',*,*,#773,.F.);
#1003=ORIENTED_EDGE('',*,*,#777,.F.);
#1004=ORIENTED_EDGE('',*,*,#778,.F.);
#1005=ORIENTED_EDGE('',*,*,#779,.F.);
#1006=ORIENTED_EDGE('',*,*,#780,.F.);
#1007=ORIENTED_EDGE('',*,*,#735,.F.);
#1008=ORIENTED_EDGE('',*,*,#733,.F.);
#1009=ORIENTED_EDGE('',*,*,#744,.F.);
#1010=ORIENTED_EDGE('',*,*,#741,.F.);
#1011=ORIENTED_EDGE('',*,*,#781,.F.);
#1012=ORIENTED_EDGE('',*,*,#782,.F.);
#1013=ORIENTED_EDGE('',*,*,#749,.F.);
#1014=ORIENTED_EDGE('',*,*,#747,.F.);
#1015=ORIENTED_EDGE('',*,*,#758,.F.);
#1016=ORIENTED_EDGE('',*,*,#755,.F.);
#1017=ORIENTED_EDGE('',*,*,#783,.F.);
#1018=ORIENTED_EDGE('',*,*,#784,.F.);
#1019=ORIENTED_EDGE('',*,*,#785,.F.);
#1020=ORIENTED_EDGE('',*,*,#786,.F.);
#1021=ORIENTED_EDGE('',*,*,#787,.F.);
#1022=ORIENTED_EDGE('',*,*,#763,.F.);
#1023=ORIENTED_EDGE('',*,*,#761,.F.);
#1024=ORIENTED_EDGE('',*,*,#772,.F.);
#1025=ORIENTED_EDGE('',*,*,#769,.F.);
#1026=ORIENTED_EDGE('',*,*,#788,.F.);
#1027=ORIENTED_EDGE('',*,*,#789,.F.);
#1028=ORIENTED_EDGE('',*,*,#790,.F.);
#1029=ORIENTED_EDGE('',*,*,#791,.F.);
#1030=ORIENTED_EDGE('',*,*,#792,.F.);
#1031=ORIENTED_EDGE('',*,*,#776,.F.);
#1032=ORIENTED_EDGE('',*,*,#793,.F.);
#1033=ORIENTED_EDGE('',*,*,#794,.F.);
#1034=ORIENTED_EDGE('',*,*,#795,.F.);
#1035=ORIENTED_EDGE('',*,*,#777,.T.);
#1036=ORIENTED_EDGE('',*,*,#796,.F.);
#1037=ORIENTED_EDGE('',*,*,#797,.T.);
#1038=ORIENTED_EDGE('',*,*,#791,.T.);
#1039=ORIENTED_EDGE('',*,*,#798,.T.);
#1040=ORIENTED_EDGE('',*,*,#796,.T.);
#1041=ORIENTED_EDGE('',*,*,#799,.T.);
#1042=ORIENTED_EDGE('',*,*,#800,.T.);
#1043=ORIENTED_EDGE('',*,*,#801,.F.);
#1044=ORIENTED_EDGE('',*,*,#802,.T.);
#1045=ORIENTED_EDGE('',*,*,#803,.F.);
#1046=ORIENTED_EDGE('',*,*,#804,.T.);
#1047=ORIENTED_EDGE('',*,*,#793,.T.);
#1048=ORIENTED_EDGE('',*,*,#775,.F.);
#1049=ORIENTED_EDGE('',*,*,#805,.T.);
#1050=ORIENTED_EDGE('',*,*,#695,.T.);
#1051=ORIENTED_EDGE('',*,*,#700,.T.);
#1052=ORIENTED_EDGE('',*,*,#798,.F.);
#1053=ORIENTED_EDGE('',*,*,#790,.T.);
#1054=ORIENTED_EDGE('',*,*,#806,.F.);
#1055=ORIENTED_EDGE('',*,*,#807,.T.);
#1056=ORIENTED_EDGE('',*,*,#799,.F.);
#1057=ORIENTED_EDGE('',*,*,#806,.T.);
#1058=ORIENTED_EDGE('',*,*,#789,.T.);
#1059=ORIENTED_EDGE('',*,*,#808,.T.);
#1060=ORIENTED_EDGE('',*,*,#809,.T.);
#1061=ORIENTED_EDGE('',*,*,#809,.F.);
#1062=ORIENTED_EDGE('',*,*,#810,.T.);
#1063=ORIENTED_EDGE('',*,*,#811,.F.);
#1064=ORIENTED_EDGE('',*,*,#765,.F.);
#1065=ORIENTED_EDGE('',*,*,#812,.F.);
#1066=ORIENTED_EDGE('',*,*,#813,.F.);
#1067=ORIENTED_EDGE('',*,*,#814,.F.);
#1068=ORIENTED_EDGE('',*,*,#815,.F.);
#1069=ORIENTED_EDGE('',*,*,#800,.F.);
#1070=ORIENTED_EDGE('',*,*,#807,.F.);
#1071=ORIENTED_EDGE('',*,*,#816,.T.);
#1072=ORIENTED_EDGE('',*,*,#817,.T.);
#1073=ORIENTED_EDGE('',*,*,#750,.T.);
#1074=ORIENTED_EDGE('',*,*,#782,.T.);
#1075=ORIENTED_EDGE('',*,*,#817,.F.);
#1076=ORIENTED_EDGE('',*,*,#818,.T.);
#1077=ORIENTED_EDGE('',*,*,#819,.F.);
#1078=ORIENTED_EDGE('',*,*,#737,.F.);
#1079=ORIENTED_EDGE('',*,*,#820,.F.);
#1080=ORIENTED_EDGE('',*,*,#821,.F.);
#1081=ORIENTED_EDGE('',*,*,#822,.F.);
#1082=ORIENTED_EDGE('',*,*,#823,.F.);
#1083=ORIENTED_EDGE('',*,*,#824,.F.);
#1084=ORIENTED_EDGE('',*,*,#825,.T.);
#1085=ORIENTED_EDGE('',*,*,#826,.F.);
#1086=ORIENTED_EDGE('',*,*,#751,.F.);
#1087=ORIENTED_EDGE('',*,*,#736,.T.);
#1088=ORIENTED_EDGE('',*,*,#780,.T.);
#1089=ORIENTED_EDGE('',*,*,#827,.T.);
#1090=ORIENTED_EDGE('',*,*,#820,.T.);
#1091=ORIENTED_EDGE('',*,*,#828,.T.);
#1092=ORIENTED_EDGE('',*,*,#779,.T.);
#1093=ORIENTED_EDGE('',*,*,#829,.T.);
#1094=ORIENTED_EDGE('',*,*,#830,.T.);
#1095=ORIENTED_EDGE('',*,*,#828,.F.);
#1096=ORIENTED_EDGE('',*,*,#831,.T.);
#1097=ORIENTED_EDGE('',*,*,#827,.F.);
#1098=ORIENTED_EDGE('',*,*,#795,.T.);
#1099=ORIENTED_EDGE('',*,*,#832,.T.);
#1100=ORIENTED_EDGE('',*,*,#833,.T.);
#1101=ORIENTED_EDGE('',*,*,#778,.T.);
#1102=ORIENTED_EDGE('',*,*,#833,.F.);
#1103=ORIENTED_EDGE('',*,*,#834,.T.);
#1104=ORIENTED_EDGE('',*,*,#829,.F.);
#1105=ORIENTED_EDGE('',*,*,#831,.F.);
#1106=ORIENTED_EDGE('',*,*,#835,.T.);
#1107=ORIENTED_EDGE('',*,*,#836,.F.);
#1108=ORIENTED_EDGE('',*,*,#821,.T.);
#1109=ORIENTED_EDGE('',*,*,#830,.F.);
#1110=ORIENTED_EDGE('',*,*,#837,.F.);
#1111=ORIENTED_EDGE('',*,*,#838,.F.);
#1112=ORIENTED_EDGE('',*,*,#835,.F.);
#1113=ORIENTED_EDGE('',*,*,#834,.F.);
#1114=ORIENTED_EDGE('',*,*,#839,.T.);
#1115=ORIENTED_EDGE('',*,*,#840,.F.);
#1116=ORIENTED_EDGE('',*,*,#837,.T.);
#1117=ORIENTED_EDGE('',*,*,#832,.F.);
#1118=ORIENTED_EDGE('',*,*,#794,.T.);
#1119=ORIENTED_EDGE('',*,*,#804,.F.);
#1120=ORIENTED_EDGE('',*,*,#841,.F.);
#1121=ORIENTED_EDGE('',*,*,#842,.F.);
#1122=ORIENTED_EDGE('',*,*,#839,.F.);
#1123=ORIENTED_EDGE('',*,*,#764,.T.);
#1124=ORIENTED_EDGE('',*,*,#787,.T.);
#1125=ORIENTED_EDGE('',*,*,#843,.T.);
#1126=ORIENTED_EDGE('',*,*,#812,.T.);
#1127=ORIENTED_EDGE('',*,*,#844,.T.);
#1128=ORIENTED_EDGE('',*,*,#786,.T.);
#1129=ORIENTED_EDGE('',*,*,#845,.T.);
#1130=ORIENTED_EDGE('',*,*,#846,.T.);
#1131=ORIENTED_EDGE('',*,*,#847,.T.);
#1132=ORIENTED_EDGE('',*,*,#848,.T.);
#1133=ORIENTED_EDGE('',*,*,#845,.F.);
#1134=ORIENTED_EDGE('',*,*,#785,.T.);
#1135=ORIENTED_EDGE('',*,*,#849,.T.);
#1136=ORIENTED_EDGE('',*,*,#824,.T.);
#1137=ORIENTED_EDGE('',*,*,#847,.F.);
#1138=ORIENTED_EDGE('',*,*,#784,.T.);
#1139=ORIENTED_EDGE('',*,*,#844,.F.);
#1140=ORIENTED_EDGE('',*,*,#850,.T.);
#1141=ORIENTED_EDGE('',*,*,#843,.F.);
#1142=ORIENTED_EDGE('',*,*,#850,.F.);
#1143=ORIENTED_EDGE('',*,*,#851,.T.);
#1144=ORIENTED_EDGE('',*,*,#852,.F.);
#1145=ORIENTED_EDGE('',*,*,#813,.T.);
#1146=ORIENTED_EDGE('',*,*,#846,.F.);
#1147=ORIENTED_EDGE('',*,*,#853,.F.);
#1148=ORIENTED_EDGE('',*,*,#854,.F.);
#1149=ORIENTED_EDGE('',*,*,#851,.F.);
#1150=ORIENTED_EDGE('',*,*,#848,.F.);
#1151=ORIENTED_EDGE('',*,*,#823,.T.);
#1152=ORIENTED_EDGE('',*,*,#855,.F.);
#1153=ORIENTED_EDGE('',*,*,#853,.T.);
#1154=ORIENTED_EDGE('',*,*,#754,.F.);
#1155=ORIENTED_EDGE('',*,*,#856,.F.);
#1156=ORIENTED_EDGE('',*,*,#825,.F.);
#1157=ORIENTED_EDGE('',*,*,#849,.F.);
#1158=ORIENTED_EDGE('',*,*,#783,.T.);
#1159=ORIENTED_EDGE('',*,*,#857,.T.);
#1160=ORIENTED_EDGE('',*,*,#822,.T.);
#1161=ORIENTED_EDGE('',*,*,#858,.T.);
#1162=ORIENTED_EDGE('',*,*,#859,.T.);
#1163=ORIENTED_EDGE('',*,*,#860,.T.);
#1164=ORIENTED_EDGE('',*,*,#855,.T.);
#1165=ORIENTED_EDGE('',*,*,#857,.F.);
#1166=ORIENTED_EDGE('',*,*,#861,.T.);
#1167=ORIENTED_EDGE('',*,*,#862,.T.);
#1168=ORIENTED_EDGE('',*,*,#854,.T.);
#1169=ORIENTED_EDGE('',*,*,#860,.F.);
#1170=ORIENTED_EDGE('',*,*,#863,.T.);
#1171=ORIENTED_EDGE('',*,*,#864,.T.);
#1172=ORIENTED_EDGE('',*,*,#814,.T.);
#1173=ORIENTED_EDGE('',*,*,#865,.T.);
#1174=ORIENTED_EDGE('',*,*,#866,.T.);
#1175=ORIENTED_EDGE('',*,*,#865,.F.);
#1176=ORIENTED_EDGE('',*,*,#852,.T.);
#1177=ORIENTED_EDGE('',*,*,#862,.F.);
#1178=ORIENTED_EDGE('',*,*,#867,.T.);
#1179=ORIENTED_EDGE('',*,*,#868,.T.);
#1180=ORIENTED_EDGE('',*,*,#869,.T.);
#1181=ORIENTED_EDGE('',*,*,#870,.T.);
#1182=ORIENTED_EDGE('',*,*,#869,.F.);
#1183=ORIENTED_EDGE('',*,*,#871,.T.);
#1184=ORIENTED_EDGE('',*,*,#864,.F.);
#1185=ORIENTED_EDGE('',*,*,#872,.T.);
#1186=ORIENTED_EDGE('',*,*,#842,.T.);
#1187=ORIENTED_EDGE('',*,*,#873,.T.);
#1188=ORIENTED_EDGE('',*,*,#874,.T.);
#1189=ORIENTED_EDGE('',*,*,#873,.F.);
#1190=ORIENTED_EDGE('',*,*,#875,.T.);
#1191=ORIENTED_EDGE('',*,*,#867,.F.);
#1192=ORIENTED_EDGE('',*,*,#876,.T.);
#1193=ORIENTED_EDGE('',*,*,#838,.T.);
#1194=ORIENTED_EDGE('',*,*,#877,.T.);
#1195=ORIENTED_EDGE('',*,*,#878,.T.);
#1196=ORIENTED_EDGE('',*,*,#877,.F.);
#1197=ORIENTED_EDGE('',*,*,#840,.T.);
#1198=ORIENTED_EDGE('',*,*,#872,.F.);
#1199=ORIENTED_EDGE('',*,*,#858,.F.);
#1200=ORIENTED_EDGE('',*,*,#836,.T.);
#1201=ORIENTED_EDGE('',*,*,#876,.F.);
#1202=ORIENTED_EDGE('',*,*,#871,.F.);
#1203=ORIENTED_EDGE('',*,*,#879,.T.);
#1204=ORIENTED_EDGE('',*,*,#801,.T.);
#1205=ORIENTED_EDGE('',*,*,#815,.T.);
#1206=ORIENTED_EDGE('',*,*,#868,.F.);
#1207=ORIENTED_EDGE('',*,*,#880,.F.);
#1208=ORIENTED_EDGE('',*,*,#802,.F.);
#1209=ORIENTED_EDGE('',*,*,#879,.F.);
#1210=ORIENTED_EDGE('',*,*,#875,.F.);
#1211=ORIENTED_EDGE('',*,*,#841,.T.);
#1212=ORIENTED_EDGE('',*,*,#803,.T.);
#1213=ORIENTED_EDGE('',*,*,#880,.T.);
#1214=ORIENTED_EDGE('',*,*,#859,.F.);
#1215=ORIENTED_EDGE('',*,*,#878,.F.);
#1216=ORIENTED_EDGE('',*,*,#874,.F.);
#1217=ORIENTED_EDGE('',*,*,#870,.F.);
#1218=ORIENTED_EDGE('',*,*,#866,.F.);
#1219=ORIENTED_EDGE('',*,*,#863,.F.);
#1220=ORIENTED_EDGE('',*,*,#861,.F.);
#1221=ORIENTED_EDGE('',*,*,#691,.T.);
#1222=ORIENTED_EDGE('',*,*,#696,.T.);
#1223=ORIENTED_EDGE('',*,*,#701,.T.);
#1224=ORIENTED_EDGE('',*,*,#706,.T.);
#1225=ORIENTED_EDGE('',*,*,#711,.T.);
#1226=ORIENTED_EDGE('',*,*,#716,.T.);
#1227=ORIENTED_EDGE('',*,*,#721,.T.);
#1228=ORIENTED_EDGE('',*,*,#726,.T.);
#1229=ORIENTED_EDGE('',*,*,#768,.F.);
#1230=ORIENTED_EDGE('',*,*,#881,.F.);
#1231=ORIENTED_EDGE('',*,*,#810,.F.);
#1232=ORIENTED_EDGE('',*,*,#808,.F.);
#1233=ORIENTED_EDGE('',*,*,#788,.T.);
#1234=ORIENTED_EDGE('',*,*,#740,.F.);
#1235=ORIENTED_EDGE('',*,*,#882,.F.);
#1236=ORIENTED_EDGE('',*,*,#818,.F.);
#1237=ORIENTED_EDGE('',*,*,#816,.F.);
#1238=ORIENTED_EDGE('',*,*,#781,.T.);
#1239=ORIENTED_EDGE('',*,*,#774,.F.);
#1240=ORIENTED_EDGE('',*,*,#792,.T.);
#1241=ORIENTED_EDGE('',*,*,#797,.F.);
#1242=ORIENTED_EDGE('',*,*,#805,.F.);
#1243=ORIENTED_EDGE('',*,*,#759,.T.);
#1244=ORIENTED_EDGE('',*,*,#766,.T.);
#1245=ORIENTED_EDGE('',*,*,#811,.T.);
#1246=ORIENTED_EDGE('',*,*,#881,.T.);
#1247=ORIENTED_EDGE('',*,*,#767,.T.);
#1248=ORIENTED_EDGE('',*,*,#771,.T.);
#1249=ORIENTED_EDGE('',*,*,#705,.T.);
#1250=ORIENTED_EDGE('',*,*,#725,.T.);
#1251=ORIENTED_EDGE('',*,*,#745,.T.);
#1252=ORIENTED_EDGE('',*,*,#752,.T.);
#1253=ORIENTED_EDGE('',*,*,#826,.T.);
#1254=ORIENTED_EDGE('',*,*,#856,.T.);
#1255=ORIENTED_EDGE('',*,*,#753,.T.);
#1256=ORIENTED_EDGE('',*,*,#757,.T.);
#1257=ORIENTED_EDGE('',*,*,#710,.T.);
#1258=ORIENTED_EDGE('',*,*,#715,.T.);
#1259=ORIENTED_EDGE('',*,*,#731,.T.);
#1260=ORIENTED_EDGE('',*,*,#738,.T.);
#1261=ORIENTED_EDGE('',*,*,#819,.T.);
#1262=ORIENTED_EDGE('',*,*,#882,.T.);
#1263=ORIENTED_EDGE('',*,*,#739,.T.);
#1264=ORIENTED_EDGE('',*,*,#743,.T.);
#1265=ORIENTED_EDGE('',*,*,#720,.T.);
#1266=ORIENTED_EDGE('',*,*,#730,.T.);
#1267=CONICAL_SURFACE('',#1375,0.1565,0.785398163397448);
#1268=CONICAL_SURFACE('',#1380,0.1565,0.785398163397448);
#1269=CONICAL_SURFACE('',#1385,0.1565,0.785398163397448);
#1270=CONICAL_SURFACE('',#1390,0.1565,0.785398163397448);
#1271=CONICAL_SURFACE('',#1395,0.1565,0.785398163397448);
#1272=CONICAL_SURFACE('',#1400,0.1565,0.785398163397448);
#1273=CONICAL_SURFACE('',#1405,0.1565,0.785398163397448);
#1274=CONICAL_SURFACE('',#1410,0.1565,0.785398163397448);
#1275=ADVANCED_FACE('',(#102),#1267,.F.);
#1276=ADVANCED_FACE('',(#103),#66,.F.);
#1277=ADVANCED_FACE('',(#104),#1268,.F.);
#1278=ADVANCED_FACE('',(#105),#67,.F.);
#1279=ADVANCED_FACE('',(#106),#1269,.F.);
#1280=ADVANCED_FACE('',(#107),#68,.F.);
#1281=ADVANCED_FACE('',(#108),#1270,.F.);
#1282=ADVANCED_FACE('',(#109),#69,.F.);
#1283=ADVANCED_FACE('',(#110),#1271,.F.);
#1284=ADVANCED_FACE('',(#111),#70,.F.);
#1285=ADVANCED_FACE('',(#112),#1272,.F.);
#1286=ADVANCED_FACE('',(#113),#71,.F.);
#1287=ADVANCED_FACE('',(#114),#1273,.F.);
#1288=ADVANCED_FACE('',(#115),#72,.F.);
#1289=ADVANCED_FACE('',(#116),#1274,.F.);
#1290=ADVANCED_FACE('',(#117),#73,.F.);
#1291=ADVANCED_FACE('',(#118),#74,.F.);
#1292=ADVANCED_FACE('',(#119),#42,.T.);
#1293=ADVANCED_FACE('',(#120),#75,.F.);
#1294=ADVANCED_FACE('',(#121),#43,.T.);
#1295=ADVANCED_FACE('',(#122),#76,.F.);
#1296=ADVANCED_FACE('',(#123),#44,.T.);
#1297=ADVANCED_FACE('',(#124),#77,.F.);
#1298=ADVANCED_FACE('',(#125),#45,.T.);
#1299=ADVANCED_FACE('',(#126),#78,.F.);
#1300=ADVANCED_FACE('',(#127),#46,.T.);
#1301=ADVANCED_FACE('',(#128),#79,.F.);
#1302=ADVANCED_FACE('',(#129),#47,.T.);
#1303=ADVANCED_FACE('',(#130),#80,.T.);
#1304=ADVANCED_FACE('',(#131),#48,.T.);
#1305=ADVANCED_FACE('',(#132),#49,.T.);
#1306=ADVANCED_FACE('',(#133),#81,.F.);
#1307=ADVANCED_FACE('',(#134,#25,#26),#50,.T.);
#1308=ADVANCED_FACE('',(#135),#51,.T.);
#1309=ADVANCED_FACE('',(#136),#82,.T.);
#1310=ADVANCED_FACE('',(#137),#52,.T.);
#1311=ADVANCED_FACE('',(#138),#83,.T.);
#1312=ADVANCED_FACE('',(#139),#53,.T.);
#1313=ADVANCED_FACE('',(#140),#84,.T.);
#1314=ADVANCED_FACE('',(#141),#85,.T.);
#1315=ADVANCED_FACE('',(#142),#17,.T.);
#1316=ADVANCED_FACE('',(#143),#86,.T.);
#1317=ADVANCED_FACE('',(#144),#18,.T.);
#1318=ADVANCED_FACE('',(#145),#87,.T.);
#1319=ADVANCED_FACE('',(#146),#54,.T.);
#1320=ADVANCED_FACE('',(#147),#88,.T.);
#1321=ADVANCED_FACE('',(#148),#55,.T.);
#1322=ADVANCED_FACE('',(#149),#89,.T.);
#1323=ADVANCED_FACE('',(#150),#90,.T.);
#1324=ADVANCED_FACE('',(#151),#15,.T.);
#1325=ADVANCED_FACE('',(#152),#91,.T.);
#1326=ADVANCED_FACE('',(#153),#19,.T.);
#1327=ADVANCED_FACE('',(#154),#92,.T.);
#1328=ADVANCED_FACE('',(#155),#56,.T.);
#1329=ADVANCED_FACE('',(#156),#93,.F.);
#1330=ADVANCED_FACE('',(#157),#57,.T.);
#1331=ADVANCED_FACE('',(#158),#94,.T.);
#1332=ADVANCED_FACE('',(#159),#16,.T.);
#1333=ADVANCED_FACE('',(#160),#95,.T.);
#1334=ADVANCED_FACE('',(#161),#96,.T.);
#1335=ADVANCED_FACE('',(#162),#20,.T.);
#1336=ADVANCED_FACE('',(#163),#97,.T.);
#1337=ADVANCED_FACE('',(#164),#21,.T.);
#1338=ADVANCED_FACE('',(#165),#98,.T.);
#1339=ADVANCED_FACE('',(#166),#22,.T.);
#1340=ADVANCED_FACE('',(#167),#99,.T.);
#1341=ADVANCED_FACE('',(#168),#23,.T.);
#1342=ADVANCED_FACE('',(#169),#24,.T.);
#1343=ADVANCED_FACE('',(#170),#100,.T.);
#1344=ADVANCED_FACE('',(#171),#58,.T.);
#1345=ADVANCED_FACE('',(#172),#101,.T.);
#1346=ADVANCED_FACE('',(#173,#27,#28,#29,#30,#31,#32,#33,#34),#59,.T.);
#1347=ADVANCED_FACE('',(#174),#60,.T.);
#1348=ADVANCED_FACE('',(#175),#61,.T.);
#1349=ADVANCED_FACE('',(#176),#62,.T.);
#1350=ADVANCED_FACE('',(#177,#35,#36),#63,.T.);
#1351=ADVANCED_FACE('',(#178,#37,#38),#64,.T.);
#1352=ADVANCED_FACE('',(#179,#39,#40),#65,.T.);
#1353=CLOSED_SHELL('',(#1275,#1276,#1277,#1278,#1279,#1280,#1281,#1282,
#1283,#1284,#1285,#1286,#1287,#1288,#1289,#1290,#1291,#1292,#1293,#1294,
#1295,#1296,#1297,#1298,#1299,#1300,#1301,#1302,#1303,#1304,#1305,#1306,
#1307,#1308,#1309,#1310,#1311,#1312,#1313,#1314,#1315,#1316,#1317,#1318,
#1319,#1320,#1321,#1322,#1323,#1324,#1325,#1326,#1327,#1328,#1329,#1330,
#1331,#1332,#1333,#1334,#1335,#1336,#1337,#1338,#1339,#1340,#1341,#1342,
#1343,#1344,#1345,#1346,#1347,#1348,#1349,#1350,#1351,#1352));
#1354=DERIVED_UNIT_ELEMENT(#1356,1.);
#1355=DERIVED_UNIT_ELEMENT(#2362,-3.);
#1356=(
CONVERSION_BASED_UNIT('gram',#1358)
MASS_UNIT()
NAMED_UNIT(#2359)
);
#1357=(
MASS_UNIT()
NAMED_UNIT(*)
SI_UNIT(.KILO.,.GRAM.)
);
#1358=MASS_MEASURE_WITH_UNIT(MASS_MEASURE(0.001),#1357);
#1359=DERIVED_UNIT((#1354,#1355));
#1360=MEASURE_REPRESENTATION_ITEM('density measure',
POSITIVE_RATIO_MEASURE(0.76),#1359);
#1361=PROPERTY_DEFINITION_REPRESENTATION(#1366,#1363);
#1362=PROPERTY_DEFINITION_REPRESENTATION(#1367,#1364);
#1363=REPRESENTATION('material name',(#1365),#2356);
#1364=REPRESENTATION('density',(#1360),#2356);
#1365=DESCRIPTIVE_REPRESENTATION_ITEM('Wood (Oak)','Wood (Oak)');
#1366=PROPERTY_DEFINITION('material property','material name',#2370);
#1367=PROPERTY_DEFINITION('material property','density of part',#2370);
#1368=DATE_TIME_ROLE('creation_date');
#1369=APPLIED_DATE_AND_TIME_ASSIGNMENT(#1370,#1368,(#2370));
#1370=DATE_AND_TIME(#1371,#1372);
#1371=CALENDAR_DATE(2026,5,10);
#1372=LOCAL_TIME(0,0,0.,#1373);
#1373=COORDINATED_UNIVERSAL_TIME_OFFSET(0,0,.BEHIND.);
#1374=AXIS2_PLACEMENT_3D('',#1967,#1535,#1536);
#1375=AXIS2_PLACEMENT_3D('',#1968,#1537,#1538);
#1376=AXIS2_PLACEMENT_3D('',#1970,#1539,#1540);
#1377=AXIS2_PLACEMENT_3D('',#1973,#1542,#1543);
#1378=AXIS2_PLACEMENT_3D('',#1974,#1544,#1545);
#1379=AXIS2_PLACEMENT_3D('',#1977,#1547,#1548);
#1380=AXIS2_PLACEMENT_3D('',#1978,#1549,#1550);
#1381=AXIS2_PLACEMENT_3D('',#1980,#1551,#1552);
#1382=AXIS2_PLACEMENT_3D('',#1983,#1554,#1555);
#1383=AXIS2_PLACEMENT_3D('',#1984,#1556,#1557);
#1384=AXIS2_PLACEMENT_3D('',#1987,#1559,#1560);
#1385=AXIS2_PLACEMENT_3D('',#1988,#1561,#1562);
#1386=AXIS2_PLACEMENT_3D('',#1990,#1563,#1564);
#1387=AXIS2_PLACEMENT_3D('',#1993,#1566,#1567);
#1388=AXIS2_PLACEMENT_3D('',#1994,#1568,#1569);
#1389=AXIS2_PLACEMENT_3D('',#1997,#1571,#1572);
#1390=AXIS2_PLACEMENT_3D('',#1998,#1573,#1574);
#1391=AXIS2_PLACEMENT_3D('',#2000,#1575,#1576);
#1392=AXIS2_PLACEMENT_3D('',#2003,#1578,#1579);
#1393=AXIS2_PLACEMENT_3D('',#2004,#1580,#1581);
#1394=AXIS2_PLACEMENT_3D('',#2007,#1583,#1584);
#1395=AXIS2_PLACEMENT_3D('',#2008,#1585,#1586);
#1396=AXIS2_PLACEMENT_3D('',#2010,#1587,#1588);
#1397=AXIS2_PLACEMENT_3D('',#2013,#1590,#1591);
#1398=AXIS2_PLACEMENT_3D('',#2014,#1592,#1593);
#1399=AXIS2_PLACEMENT_3D('',#2017,#1595,#1596);
#1400=AXIS2_PLACEMENT_3D('',#2018,#1597,#1598);
#1401=AXIS2_PLACEMENT_3D('',#2020,#1599,#1600);
#1402=AXIS2_PLACEMENT_3D('',#2023,#1602,#1603);
#1403=AXIS2_PLACEMENT_3D('',#2024,#1604,#1605);
#1404=AXIS2_PLACEMENT_3D('',#2027,#1607,#1608);
#1405=AXIS2_PLACEMENT_3D('',#2028,#1609,#1610);
#1406=AXIS2_PLACEMENT_3D('',#2030,#1611,#1612);
#1407=AXIS2_PLACEMENT_3D('',#2033,#1614,#1615);
#1408=AXIS2_PLACEMENT_3D('',#2034,#1616,#1617);
#1409=AXIS2_PLACEMENT_3D('',#2037,#1619,#1620);
#1410=AXIS2_PLACEMENT_3D('',#2038,#1621,#1622);
#1411=AXIS2_PLACEMENT_3D('',#2040,#1623,#1624);
#1412=AXIS2_PLACEMENT_3D('',#2043,#1626,#1627);
#1413=AXIS2_PLACEMENT_3D('',#2044,#1628,#1629);
#1414=AXIS2_PLACEMENT_3D('',#2047,#1631,#1632);
#1415=AXIS2_PLACEMENT_3D('',#2048,#1633,#1634);
#1416=AXIS2_PLACEMENT_3D('',#2051,#1635,#1636);
#1417=AXIS2_PLACEMENT_3D('',#2055,#1638,#1639);
#1418=AXIS2_PLACEMENT_3D('',#2057,#1641,#1642);
#1419=AXIS2_PLACEMENT_3D('',#2061,#1644,#1645);
#1420=AXIS2_PLACEMENT_3D('',#2065,#1648,#1649);
#1421=AXIS2_PLACEMENT_3D('',#2068,#1650,#1651);
#1422=AXIS2_PLACEMENT_3D('',#2072,#1653,#1654);
#1423=AXIS2_PLACEMENT_3D('',#2074,#1656,#1657);
#1424=AXIS2_PLACEMENT_3D('',#2077,#1660,#1661);
#1425=AXIS2_PLACEMENT_3D('',#2080,#1662,#1663);
#1426=AXIS2_PLACEMENT_3D('',#2084,#1665,#1666);
#1427=AXIS2_PLACEMENT_3D('',#2086,#1668,#1669);
#1428=AXIS2_PLACEMENT_3D('',#2090,#1671,#1672);
#1429=AXIS2_PLACEMENT_3D('',#2094,#1675,#1676);
#1430=AXIS2_PLACEMENT_3D('',#2097,#1677,#1678);
#1431=AXIS2_PLACEMENT_3D('',#2101,#1680,#1681);
#1432=AXIS2_PLACEMENT_3D('',#2103,#1683,#1684);
#1433=AXIS2_PLACEMENT_3D('',#2106,#1687,#1688);
#1434=AXIS2_PLACEMENT_3D('',#2109,#1689,#1690);
#1435=AXIS2_PLACEMENT_3D('',#2113,#1692,#1693);
#1436=AXIS2_PLACEMENT_3D('',#2115,#1695,#1696);
#1437=AXIS2_PLACEMENT_3D('',#2119,#1698,#1699);
#1438=AXIS2_PLACEMENT_3D('',#2123,#1702,#1703);
#1439=AXIS2_PLACEMENT_3D('',#2126,#1704,#1705);
#1440=AXIS2_PLACEMENT_3D('',#2130,#1707,#1708);
#1441=AXIS2_PLACEMENT_3D('',#2132,#1710,#1711);
#1442=AXIS2_PLACEMENT_3D('',#2135,#1714,#1715);
#1443=AXIS2_PLACEMENT_3D('',#2138,#1716,#1717);
#1444=AXIS2_PLACEMENT_3D('',#2142,#1719,#1720);
#1445=AXIS2_PLACEMENT_3D('',#2144,#1722,#1723);
#1446=AXIS2_PLACEMENT_3D('',#2160,#1732,#1733);
#1447=AXIS2_PLACEMENT_3D('',#2171,#1739,#1740);
#1448=AXIS2_PLACEMENT_3D('',#2173,#1742,#1743);
#1449=AXIS2_PLACEMENT_3D('',#2178,#1746,#1747);
#1450=AXIS2_PLACEMENT_3D('',#2179,#1748,#1749);
#1451=AXIS2_PLACEMENT_3D('',#2182,#1750,#1751);
#1452=AXIS2_PLACEMENT_3D('',#2185,#1754,#1755);
#1453=AXIS2_PLACEMENT_3D('',#2191,#1758,#1759);
#1454=AXIS2_PLACEMENT_3D('',#2195,#1761,#1762);
#1455=AXIS2_PLACEMENT_3D('',#2198,#1765,#1766);
#1456=AXIS2_PLACEMENT_3D('',#2200,#1767,#1768);
#1457=AXIS2_PLACEMENT_3D('',#2202,#1770,#1771);
#1458=AXIS2_PLACEMENT_3D('',#2204,#1772,#1773);
#1459=AXIS2_PLACEMENT_3D('',#2206,#1775,#1776);
#1460=AXIS2_PLACEMENT_3D('',#2217,#1783,#1784);
#1461=AXIS2_PLACEMENT_3D('',#2219,#1785,#1786);
#1462=AXIS2_PLACEMENT_3D('',#2221,#1788,#1789);
#1463=AXIS2_PLACEMENT_3D('',#2238,#1799,#1800);
#1464=AXIS2_PLACEMENT_3D('',#2239,#1801,#1802);
#1465=AXIS2_PLACEMENT_3D('',#2240,#1803,#1804);
#1466=AXIS2_PLACEMENT_3D('',#2242,#1805,#1806);
#1467=AXIS2_PLACEMENT_3D('',#2244,#1807,#1808);
#1468=AXIS2_PLACEMENT_3D('',#2246,#1810,#1811);
#1469=AXIS2_PLACEMENT_3D('',#2247,#1812,#1813);
#1470=AXIS2_PLACEMENT_3D('',#2248,#1814,#1815);
#1471=AXIS2_PLACEMENT_3D('',#2251,#1817,#1818);
#1472=AXIS2_PLACEMENT_3D('',#2252,#1819,#1820);
#1473=AXIS2_PLACEMENT_3D('',#2253,#1821,#1822);
#1474=AXIS2_PLACEMENT_3D('',#2254,#1823,#1824);
#1475=AXIS2_PLACEMENT_3D('',#2257,#1826,#1827);
#1476=AXIS2_PLACEMENT_3D('',#2258,#1828,#1829);
#1477=AXIS2_PLACEMENT_3D('',#2262,#1832,#1833);
#1478=AXIS2_PLACEMENT_3D('',#2265,#1835,#1836);
#1479=AXIS2_PLACEMENT_3D('',#2266,#1837,#1838);
#1480=AXIS2_PLACEMENT_3D('',#2270,#1841,#1842);
#1481=AXIS2_PLACEMENT_3D('',#2271,#1843,#1844);
#1482=AXIS2_PLACEMENT_3D('',#2272,#1845,#1846);
#1483=AXIS2_PLACEMENT_3D('',#2274,#1847,#1848);
#1484=AXIS2_PLACEMENT_3D('',#2276,#1849,#1850);
#1485=AXIS2_PLACEMENT_3D('',#2278,#1852,#1853);
#1486=AXIS2_PLACEMENT_3D('',#2279,#1854,#1855);
#1487=AXIS2_PLACEMENT_3D('',#2280,#1856,#1857);
#1488=AXIS2_PLACEMENT_3D('',#2281,#1858,#1859);
#1489=AXIS2_PLACEMENT_3D('',#2282,#1860,#1861);
#1490=AXIS2_PLACEMENT_3D('',#2283,#1862,#1863);
#1491=AXIS2_PLACEMENT_3D('',#2284,#1864,#1865);
#1492=AXIS2_PLACEMENT_3D('',#2285,#1866,#1867);
#1493=AXIS2_PLACEMENT_3D('',#2288,#1869,#1870);
#1494=AXIS2_PLACEMENT_3D('',#2289,#1871,#1872);
#1495=AXIS2_PLACEMENT_3D('',#2293,#1875,#1876);
#1496=AXIS2_PLACEMENT_3D('',#2294,#1877,#1878);
#1497=AXIS2_PLACEMENT_3D('',#2295,#1879,#1880);
#1498=AXIS2_PLACEMENT_3D('',#2297,#1882,#1883);
#1499=AXIS2_PLACEMENT_3D('',#2299,#1884,#1885);
#1500=AXIS2_PLACEMENT_3D('',#2301,#1886,#1887);
#1501=AXIS2_PLACEMENT_3D('',#2303,#1889,#1890);
#1502=AXIS2_PLACEMENT_3D('',#2305,#1891,#1892);
#1503=AXIS2_PLACEMENT_3D('',#2306,#1893,#1894);
#1504=AXIS2_PLACEMENT_3D('',#2307,#1895,#1896);
#1505=AXIS2_PLACEMENT_3D('',#2309,#1897,#1898);
#1506=AXIS2_PLACEMENT_3D('',#2311,#1900,#1901);
#1507=AXIS2_PLACEMENT_3D('',#2313,#1902,#1903);
#1508=AXIS2_PLACEMENT_3D('',#2314,#1904,#1905);
#1509=AXIS2_PLACEMENT_3D('',#2316,#1907,#1908);
#1510=AXIS2_PLACEMENT_3D('',#2317,#1909,#1910);
#1511=AXIS2_PLACEMENT_3D('',#2320,#1911,#1912);
#1512=AXIS2_PLACEMENT_3D('',#2323,#1914,#1915);
#1513=AXIS2_PLACEMENT_3D('',#2325,#1917,#1918);
#1514=AXIS2_PLACEMENT_3D('',#2326,#1919,#1920);
#1515=AXIS2_PLACEMENT_3D('',#2327,#1921,#1922);
#1516=AXIS2_PLACEMENT_3D('',#2329,#1923,#1924);
#1517=AXIS2_PLACEMENT_3D('',#2330,#1925,#1926);
#1518=AXIS2_PLACEMENT_3D('',#2332,#1928,#1929);
#1519=AXIS2_PLACEMENT_3D('',#2333,#1930,#1931);
#1520=AXIS2_PLACEMENT_3D('',#2334,#1932,#1933);
#1521=AXIS2_PLACEMENT_3D('',#2335,#1934,#1935);
#1522=AXIS2_PLACEMENT_3D('',#2336,#1936,#1937);
#1523=AXIS2_PLACEMENT_3D('',#2338,#1939,#1940);
#1524=AXIS2_PLACEMENT_3D('',#2339,#1941,#1942);
#1525=AXIS2_PLACEMENT_3D('',#2340,#1943,#1944);
#1526=AXIS2_PLACEMENT_3D('',#2342,#1946,#1947);
#1527=AXIS2_PLACEMENT_3D('',#2344,#1949,#1950);
#1528=AXIS2_PLACEMENT_3D('',#2345,#1951,#1952);
#1529=AXIS2_PLACEMENT_3D('',#2346,#1953,#1954);
#1530=AXIS2_PLACEMENT_3D('',#2348,#1956,#1957);
#1531=AXIS2_PLACEMENT_3D('',#2350,#1959,#1960);
#1532=AXIS2_PLACEMENT_3D('',#2351,#1961,#1962);
#1533=AXIS2_PLACEMENT_3D('',#2352,#1963,#1964);
#1534=AXIS2_PLACEMENT_3D('',#2353,#1965,#1966);
#1535=DIRECTION('axis',(0.,0.,1.));
#1536=DIRECTION('refdir',(1.,0.,0.));
#1537=DIRECTION('center_axis',(1.,0.,0.));
#1538=DIRECTION('ref_axis',(0.,1.,0.));
#1539=DIRECTION('center_axis',(-1.,0.,0.));
#1540=DIRECTION('ref_axis',(0.,1.,0.));
#1541=DIRECTION('',(-0.707106781186547,0.707106781186547,8.65956056235493E-17));
#1542=DIRECTION('center_axis',(1.,0.,0.));
#1543=DIRECTION('ref_axis',(0.,1.,0.));
#1544=DIRECTION('center_axis',(1.,0.,0.));
#1545=DIRECTION('ref_axis',(0.,1.,0.));
#1546=DIRECTION('',(-1.,0.,0.));
#1547=DIRECTION('center_axis',(1.,0.,0.));
#1548=DIRECTION('ref_axis',(0.,1.,0.));
#1549=DIRECTION('center_axis',(1.,0.,0.));
#1550=DIRECTION('ref_axis',(0.,1.,0.));
#1551=DIRECTION('center_axis',(-1.,0.,0.));
#1552=DIRECTION('ref_axis',(0.,1.,0.));
#1553=DIRECTION('',(-0.707106781186547,0.707106781186547,8.65956056235493E-17));
#1554=DIRECTION('center_axis',(1.,0.,0.));
#1555=DIRECTION('ref_axis',(0.,1.,0.));
#1556=DIRECTION('center_axis',(1.,0.,0.));
#1557=DIRECTION('ref_axis',(0.,1.,0.));
#1558=DIRECTION('',(-1.,0.,0.));
#1559=DIRECTION('center_axis',(1.,0.,0.));
#1560=DIRECTION('ref_axis',(0.,1.,0.));
#1561=DIRECTION('center_axis',(1.,0.,0.));
#1562=DIRECTION('ref_axis',(0.,1.,0.));
#1563=DIRECTION('center_axis',(-1.,0.,0.));
#1564=DIRECTION('ref_axis',(0.,1.,0.));
#1565=DIRECTION('',(-0.707106781186547,0.707106781186547,8.65956056235493E-17));
#1566=DIRECTION('center_axis',(1.,0.,0.));
#1567=DIRECTION('ref_axis',(0.,1.,0.));
#1568=DIRECTION('center_axis',(1.,0.,0.));
#1569=DIRECTION('ref_axis',(0.,1.,0.));
#1570=DIRECTION('',(-1.,0.,0.));
#1571=DIRECTION('center_axis',(1.,0.,0.));
#1572=DIRECTION('ref_axis',(0.,1.,0.));
#1573=DIRECTION('center_axis',(1.,0.,0.));
#1574=DIRECTION('ref_axis',(0.,1.,0.));
#1575=DIRECTION('center_axis',(-1.,0.,0.));
#1576=DIRECTION('ref_axis',(0.,1.,0.));
#1577=DIRECTION('',(-0.707106781186547,0.707106781186547,8.65956056235493E-17));
#1578=DIRECTION('center_axis',(1.,0.,0.));
#1579=DIRECTION('ref_axis',(0.,1.,0.));
#1580=DIRECTION('center_axis',(1.,0.,0.));
#1581=DIRECTION('ref_axis',(0.,1.,0.));
#1582=DIRECTION('',(-1.,0.,0.));
#1583=DIRECTION('center_axis',(1.,0.,0.));
#1584=DIRECTION('ref_axis',(0.,1.,0.));
#1585=DIRECTION('center_axis',(1.,0.,0.));
#1586=DIRECTION('ref_axis',(0.,1.,0.));
#1587=DIRECTION('center_axis',(-1.,0.,0.));
#1588=DIRECTION('ref_axis',(0.,1.,0.));
#1589=DIRECTION('',(-0.707106781186547,0.707106781186547,8.65956056235493E-17));
#1590=DIRECTION('center_axis',(1.,0.,0.));
#1591=DIRECTION('ref_axis',(0.,1.,0.));
#1592=DIRECTION('center_axis',(1.,0.,0.));
#1593=DIRECTION('ref_axis',(0.,1.,0.));
#1594=DIRECTION('',(-1.,0.,0.));
#1595=DIRECTION('center_axis',(1.,0.,0.));
#1596=DIRECTION('ref_axis',(0.,1.,0.));
#1597=DIRECTION('center_axis',(1.,0.,0.));
#1598=DIRECTION('ref_axis',(0.,1.,0.));
#1599=DIRECTION('center_axis',(-1.,0.,0.));
#1600=DIRECTION('ref_axis',(0.,1.,0.));
#1601=DIRECTION('',(-0.707106781186547,0.707106781186547,8.65956056235493E-17));
#1602=DIRECTION('center_axis',(1.,0.,0.));
#1603=DIRECTION('ref_axis',(0.,1.,0.));
#1604=DIRECTION('center_axis',(1.,0.,0.));
#1605=DIRECTION('ref_axis',(0.,1.,0.));
#1606=DIRECTION('',(-1.,0.,0.));
#1607=DIRECTION('center_axis',(1.,0.,0.));
#1608=DIRECTION('ref_axis',(0.,1.,0.));
#1609=DIRECTION('center_axis',(1.,0.,0.));
#1610=DIRECTION('ref_axis',(0.,1.,0.));
#1611=DIRECTION('center_axis',(-1.,0.,0.));
#1612=DIRECTION('ref_axis',(0.,1.,0.));
#1613=DIRECTION('',(-0.707106781186547,0.707106781186547,8.65956056235493E-17));
#1614=DIRECTION('center_axis',(1.,0.,0.));
#1615=DIRECTION('ref_axis',(0.,1.,0.));
#1616=DIRECTION('center_axis',(1.,0.,0.));
#1617=DIRECTION('ref_axis',(0.,1.,0.));
#1618=DIRECTION('',(-1.,0.,0.));
#1619=DIRECTION('center_axis',(1.,0.,0.));
#1620=DIRECTION('ref_axis',(0.,1.,0.));
#1621=DIRECTION('center_axis',(1.,0.,0.));
#1622=DIRECTION('ref_axis',(0.,1.,0.));
#1623=DIRECTION('center_axis',(-1.,0.,0.));
#1624=DIRECTION('ref_axis',(0.,1.,0.));
#1625=DIRECTION('',(-0.707106781186547,0.707106781186547,8.65956056235493E-17));
#1626=DIRECTION('center_axis',(1.,0.,0.));
#1627=DIRECTION('ref_axis',(0.,1.,0.));
#1628=DIRECTION('center_axis',(1.,0.,0.));
#1629=DIRECTION('ref_axis',(0.,1.,0.));
#1630=DIRECTION('',(-1.,0.,0.));
#1631=DIRECTION('center_axis',(1.,0.,0.));
#1632=DIRECTION('ref_axis',(0.,1.,0.));
#1633=DIRECTION('center_axis',(1.,0.,0.));
#1634=DIRECTION('ref_axis',(0.,-0.707106781186547,0.707106781186548));
#1635=DIRECTION('center_axis',(-1.,0.,0.));
#1636=DIRECTION('ref_axis',(0.,-0.707106781186547,0.707106781186548));
#1637=DIRECTION('',(-1.,0.,0.));
#1638=DIRECTION('center_axis',(-1.,0.,0.));
#1639=DIRECTION('ref_axis',(0.,-0.707106781186547,0.707106781186548));
#1640=DIRECTION('',(1.,0.,0.));
#1641=DIRECTION('center_axis',(0.,0.,-1.));
#1642=DIRECTION('ref_axis',(0.,-1.,0.));
#1643=DIRECTION('',(0.,1.,0.));
#1644=DIRECTION('center_axis',(0.,0.,1.));
#1645=DIRECTION('ref_axis',(-0.707106781186548,0.707106781186547,0.));
#1646=DIRECTION('',(1.,0.,0.));
#1647=DIRECTION('',(0.,1.,0.));
#1648=DIRECTION('center_axis',(1.,0.,0.));
#1649=DIRECTION('ref_axis',(0.,-0.707106781186539,-0.707106781186556));
#1650=DIRECTION('center_axis',(-1.,0.,0.));
#1651=DIRECTION('ref_axis',(0.,-0.707106781186539,-0.707106781186556));
#1652=DIRECTION('',(-1.,0.,0.));
#1653=DIRECTION('center_axis',(-1.,0.,0.));
#1654=DIRECTION('ref_axis',(0.,-0.707106781186539,-0.707106781186556));
#1655=DIRECTION('',(1.,0.,0.));
#1656=DIRECTION('center_axis',(0.,1.,6.78954781210535E-17));
#1657=DIRECTION('ref_axis',(0.,6.78954781210535E-17,-1.));
#1658=DIRECTION('',(0.,-6.78954781210535E-17,1.));
#1659=DIRECTION('',(0.,-6.78954781210535E-17,1.));
#1660=DIRECTION('center_axis',(-1.,0.,0.));
#1661=DIRECTION('ref_axis',(0.,-0.707106781186555,0.70710678118654));
#1662=DIRECTION('center_axis',(-1.,0.,0.));
#1663=DIRECTION('ref_axis',(0.,-0.707106781186555,0.70710678118654));
#1664=DIRECTION('',(-1.,0.,0.));
#1665=DIRECTION('center_axis',(-1.,0.,0.));
#1666=DIRECTION('ref_axis',(0.,-0.707106781186555,0.70710678118654));
#1667=DIRECTION('',(1.,0.,0.));
#1668=DIRECTION('center_axis',(0.,0.,-1.));
#1669=DIRECTION('ref_axis',(0.,-1.,0.));
#1670=DIRECTION('',(0.,1.,0.));
#1671=DIRECTION('center_axis',(0.,0.,1.));
#1672=DIRECTION('ref_axis',(-0.707106781186548,0.707106781186547,0.));
#1673=DIRECTION('',(1.,0.,0.));
#1674=DIRECTION('',(0.,1.,0.));
#1675=DIRECTION('center_axis',(1.,0.,0.));
#1676=DIRECTION('ref_axis',(0.,-0.707106781186555,-0.70710678118654));
#1677=DIRECTION('center_axis',(-1.,0.,0.));
#1678=DIRECTION('ref_axis',(0.,-0.707106781186555,-0.70710678118654));
#1679=DIRECTION('',(-1.,0.,0.));
#1680=DIRECTION('center_axis',(-1.,0.,0.));
#1681=DIRECTION('ref_axis',(0.,-0.707106781186555,-0.70710678118654));
#1682=DIRECTION('',(1.,0.,0.));
#1683=DIRECTION('center_axis',(0.,1.,1.83880688453542E-16));
#1684=DIRECTION('ref_axis',(0.,1.83880688453542E-16,-1.));
#1685=DIRECTION('',(0.,-1.83880688453542E-16,1.));
#1686=DIRECTION('',(0.,-1.83880688453542E-16,1.));
#1687=DIRECTION('center_axis',(1.,0.,0.));
#1688=DIRECTION('ref_axis',(0.,-0.707106781186547,0.707106781186547));
#1689=DIRECTION('center_axis',(-1.,0.,0.));
#1690=DIRECTION('ref_axis',(0.,-0.707106781186547,0.707106781186547));
#1691=DIRECTION('',(-1.,0.,0.));
#1692=DIRECTION('center_axis',(-1.,0.,0.));
#1693=DIRECTION('ref_axis',(0.,-0.707106781186547,0.707106781186547));
#1694=DIRECTION('',(1.,0.,0.));
#1695=DIRECTION('center_axis',(0.,0.,-1.));
#1696=DIRECTION('ref_axis',(0.,-1.,0.));
#1697=DIRECTION('',(0.,1.,0.));
#1698=DIRECTION('center_axis',(0.,0.,1.));
#1699=DIRECTION('ref_axis',(-0.707106781186546,0.707106781186549,0.));
#1700=DIRECTION('',(1.,0.,0.));
#1701=DIRECTION('',(0.,1.,0.));
#1702=DIRECTION('center_axis',(1.,0.,0.));
#1703=DIRECTION('ref_axis',(0.,-0.707106781186547,-0.707106781186547));
#1704=DIRECTION('center_axis',(-1.,0.,0.));
#1705=DIRECTION('ref_axis',(0.,-0.707106781186547,-0.707106781186547));
#1706=DIRECTION('',(-1.,0.,0.));
#1707=DIRECTION('center_axis',(-1.,0.,0.));
#1708=DIRECTION('ref_axis',(0.,-0.707106781186547,-0.707106781186547));
#1709=DIRECTION('',(1.,0.,0.));
#1710=DIRECTION('center_axis',(0.,1.,4.44089209850063E-16));
#1711=DIRECTION('ref_axis',(0.,4.44089209850063E-16,-1.));
#1712=DIRECTION('',(0.,-4.44089209850063E-16,1.));
#1713=DIRECTION('',(0.,-4.44089209850063E-16,1.));
#1714=DIRECTION('center_axis',(1.,0.,0.));
#1715=DIRECTION('ref_axis',(0.,0.707106781186555,-0.70710678118654));
#1716=DIRECTION('center_axis',(1.,0.,0.));
#1717=DIRECTION('ref_axis',(0.,0.707106781186555,-0.70710678118654));
#1718=DIRECTION('',(1.,0.,0.));
#1719=DIRECTION('center_axis',(1.,0.,0.));
#1720=DIRECTION('ref_axis',(0.,0.707106781186555,-0.70710678118654));
#1721=DIRECTION('',(-1.,0.,0.));
#1722=DIRECTION('center_axis',(-1.,0.,0.));
#1723=DIRECTION('ref_axis',(0.,0.,1.));
#1724=DIRECTION('',(0.,1.,0.));
#1725=DIRECTION('',(0.,-0.0871902788306391,-0.99619167597277));
#1726=DIRECTION('',(0.,-1.,2.33672831199672E-16));
#1727=DIRECTION('',(0.,9.5812127259992E-17,1.));
#1728=DIRECTION('',(0.,-1.,-4.44089209850063E-16));
#1729=DIRECTION('',(0.,9.5812127259992E-17,1.));
#1730=DIRECTION('',(0.,-1.,0.));
#1731=DIRECTION('',(0.,9.5812127259992E-17,1.));
#1732=DIRECTION('center_axis',(-1.,0.,0.));
#1733=DIRECTION('ref_axis',(0.,-0.707106781186548,-0.707106781186547));
#1734=DIRECTION('',(0.,-1.,0.));
#1735=DIRECTION('',(0.,-6.76192173353731E-17,1.));
#1736=DIRECTION('',(0.,-1.,-1.77635683940025E-15));
#1737=DIRECTION('',(0.,-6.76192173353731E-17,1.));
#1738=DIRECTION('',(0.,1.,0.));
#1739=DIRECTION('center_axis',(-1.,0.,0.));
#1740=DIRECTION('ref_axis',(0.,-0.707106781186547,0.707106781186547));
#1741=DIRECTION('',(0.,-4.44089209850063E-16,1.));
#1742=DIRECTION('center_axis',(0.,0.,-1.));
#1743=DIRECTION('ref_axis',(0.,-1.,0.));
#1744=DIRECTION('',(0.,1.,0.));
#1745=DIRECTION('',(1.,0.,0.));
#1746=DIRECTION('center_axis',(0.,0.,1.));
#1747=DIRECTION('ref_axis',(1.7504329295794E-14,-1.,0.));
#1748=DIRECTION('center_axis',(1.,0.,0.));
#1749=DIRECTION('ref_axis',(0.,-0.707106781186547,0.707106781186547));
#1750=DIRECTION('center_axis',(-1.,0.,0.));
#1751=DIRECTION('ref_axis',(0.,-0.707106781186547,0.707106781186547));
#1752=DIRECTION('',(-1.,0.,0.));
#1753=DIRECTION('',(1.,0.,0.));
#1754=DIRECTION('center_axis',(-1.,0.,0.));
#1755=DIRECTION('ref_axis',(0.,0.,1.));
#1756=DIRECTION('',(0.,1.,0.));
#1757=DIRECTION('',(0.,6.76192173353731E-17,-1.));
#1758=DIRECTION('center_axis',(1.,0.,0.));
#1759=DIRECTION('ref_axis',(0.,0.707106781186546,-0.707106781186549));
#1760=DIRECTION('',(0.,-1.,3.92565047381271E-16));
#1761=DIRECTION('center_axis',(1.,0.,0.));
#1762=DIRECTION('ref_axis',(0.,-0.737289047399545,-0.675577427527498));
#1763=DIRECTION('',(0.,0.0871902788306391,0.99619167597277));
#1764=DIRECTION('',(0.,-4.44089209850063E-16,1.));
#1765=DIRECTION('center_axis',(0.,0.,-1.));
#1766=DIRECTION('ref_axis',(0.,-1.,0.));
#1767=DIRECTION('center_axis',(0.,0.,1.));
#1768=DIRECTION('ref_axis',(-0.707106781186546,0.707106781186549,0.));
#1769=DIRECTION('',(1.,0.,0.));
#1770=DIRECTION('center_axis',(0.,-6.76192173353731E-17,1.));
#1771=DIRECTION('ref_axis',(-0.707106781186546,0.707106781186549,0.));
#1772=DIRECTION('center_axis',(0.,1.77635683940025E-15,-1.));
#1773=DIRECTION('ref_axis',(-0.707106781186546,0.707106781186549,0.));
#1774=DIRECTION('',(0.,6.76192173353731E-17,-1.));
#1775=DIRECTION('center_axis',(0.,1.,6.76192173353731E-17));
#1776=DIRECTION('ref_axis',(0.,6.76192173353731E-17,-1.));
#1777=DIRECTION('',(1.,0.,0.));
#1778=DIRECTION('',(0.,6.76192173353731E-17,-1.));
#1779=DIRECTION('',(0.,6.76192173353731E-17,-1.));
#1780=DIRECTION('',(-1.,0.,0.));
#1781=DIRECTION('',(0.,-6.76192173353731E-17,1.));
#1782=DIRECTION('',(1.,0.,0.));
#1783=DIRECTION('center_axis',(0.,9.5812127259992E-17,1.));
#1784=DIRECTION('ref_axis',(-0.707106781186548,0.707106781186547,0.));
#1785=DIRECTION('center_axis',(0.,4.44089209850063E-16,-1.));
#1786=DIRECTION('ref_axis',(-0.707106781186548,0.707106781186547,0.));
#1787=DIRECTION('',(0.,-9.5812127259992E-17,-1.));
#1788=DIRECTION('center_axis',(0.,1.,-9.5812127259992E-17));
#1789=DIRECTION('ref_axis',(0.,-9.5812127259992E-17,-1.));
#1790=DIRECTION('',(1.,0.,0.));
#1791=DIRECTION('',(0.,5.55111512312578E-17,-1.));
#1792=DIRECTION('',(0.,-9.5812127259992E-17,-1.));
#1793=DIRECTION('',(-1.,0.,0.));
#1794=DIRECTION('',(0.,9.5812127259992E-17,1.));
#1795=DIRECTION('',(1.,0.,0.));
#1796=DIRECTION('',(0.,-9.5812127259992E-17,-1.));
#1797=DIRECTION('',(1.,0.,0.));
#1798=DIRECTION('',(0.,5.55111512312578E-17,-1.));
#1799=DIRECTION('center_axis',(0.,9.5812127259992E-17,1.));
#1800=DIRECTION('ref_axis',(-0.707106781186548,0.707106781186547,0.));
#1801=DIRECTION('center_axis',(0.,6.99353086378052E-16,-1.));
#1802=DIRECTION('ref_axis',(-1.,0.,0.));
#1803=DIRECTION('center_axis',(0.,-1.,2.33672831199672E-16));
#1804=DIRECTION('ref_axis',(-0.707106781186547,2.47258654910831E-16,0.707106781186548));
#1805=DIRECTION('center_axis',(0.,-1.,6.9935308637805E-16));
#1806=DIRECTION('ref_axis',(0.,6.9935308637805E-16,1.));
#1807=DIRECTION('center_axis',(0.,1.,-8.74191357972563E-17));
#1808=DIRECTION('ref_axis',(-1.,0.,0.));
#1809=DIRECTION('',(0.,1.,-2.33672831199672E-16));
#1810=DIRECTION('center_axis',(-0.816496580927726,-0.408248290463863,-0.408248290463863));
#1811=DIRECTION('ref_axis',(-0.577350269189626,0.577350269189626,0.577350269189625));
#1812=DIRECTION('center_axis',(-1.,0.,0.));
#1813=DIRECTION('ref_axis',(0.,0.707106781186547,0.707106781186548));
#1814=DIRECTION('center_axis',(0.,-0.0871902788306391,-0.99619167597277));
#1815=DIRECTION('ref_axis',(-0.707106781186548,-0.704413889441937,0.0616528374146925));
#1816=DIRECTION('',(0.,0.0871902788306391,0.99619167597277));
#1817=DIRECTION('center_axis',(0.,-0.0871902788306335,-0.99619167597277));
#1818=DIRECTION('ref_axis',(0.,-0.99619167597277,0.0871902788306335));
#1819=DIRECTION('center_axis',(0.378519067525288,-0.829079461094813,-0.411522250565533));
#1820=DIRECTION('ref_axis',(-0.561268287644292,-0.559130796138734,0.610205426142795));
#1821=DIRECTION('center_axis',(-1.,0.,0.));
#1822=DIRECTION('ref_axis',(0.,-0.675577427527504,0.737289047399539));
#1823=DIRECTION('center_axis',(-1.,0.,0.));
#1824=DIRECTION('ref_axis',(0.,0.707106781186547,0.707106781186548));
#1825=DIRECTION('',(1.,0.,0.));
#1826=DIRECTION('center_axis',(1.,0.,0.));
#1827=DIRECTION('ref_axis',(0.,0.707106781186547,0.707106781186548));
#1828=DIRECTION('center_axis',(0.,2.33672831199672E-16,1.));
#1829=DIRECTION('ref_axis',(0.,1.,-2.33672831199672E-16));
#1830=DIRECTION('',(-1.,0.,0.));
#1831=DIRECTION('',(0.,-1.,2.33672831199672E-16));
#1832=DIRECTION('center_axis',(-1.,0.,0.));
#1833=DIRECTION('ref_axis',(0.,-0.675577427527504,0.737289047399539));
#1834=DIRECTION('',(1.,0.,0.));
#1835=DIRECTION('center_axis',(1.,0.,0.));
#1836=DIRECTION('ref_axis',(0.,-0.675577427527504,0.737289047399539));
#1837=DIRECTION('center_axis',(0.,-0.99619167597277,0.0871902788306391));
#1838=DIRECTION('ref_axis',(0.,0.0871902788306391,0.99619167597277));
#1839=DIRECTION('',(-1.,0.,0.));
#1840=DIRECTION('',(0.,-0.0871902788306391,-0.99619167597277));
#1841=DIRECTION('center_axis',(0.,-6.76192173353731E-17,1.));
#1842=DIRECTION('ref_axis',(-0.707106781186546,0.707106781186549,0.));
#1843=DIRECTION('center_axis',(0.,0.,-1.));
#1844=DIRECTION('ref_axis',(-1.,0.,0.));
#1845=DIRECTION('center_axis',(0.,-1.,0.));
#1846=DIRECTION('ref_axis',(-0.707106781186545,0.,0.70710678118655));
#1847=DIRECTION('center_axis',(0.,-1.,0.));
#1848=DIRECTION('ref_axis',(0.,0.,1.));
#1849=DIRECTION('center_axis',(0.,1.,0.));
#1850=DIRECTION('ref_axis',(-1.,0.,0.));
#1851=DIRECTION('',(0.,1.,0.));
#1852=DIRECTION('center_axis',(-1.,0.,0.));
#1853=DIRECTION('ref_axis',(0.,0.,1.));
#1854=DIRECTION('center_axis',(0.,0.,-1.));
#1855=DIRECTION('ref_axis',(-1.,0.,0.));
#1856=DIRECTION('center_axis',(1.,0.,0.));
#1857=DIRECTION('ref_axis',(0.,-0.707106781186548,-0.707106781186547));
#1858=DIRECTION('center_axis',(0.,9.5812127259992E-17,1.));
#1859=DIRECTION('ref_axis',(-0.707106781186548,0.707106781186547,0.));
#1860=DIRECTION('center_axis',(0.,0.,-1.));
#1861=DIRECTION('ref_axis',(-0.707106781186548,0.707106781186547,0.));
#1862=DIRECTION('center_axis',(-0.408248290463862,-0.816496580927725,0.408248290463866));
#1863=DIRECTION('ref_axis',(-0.577350269189624,0.577350269189625,0.577350269189629));
#1864=DIRECTION('center_axis',(-1.,0.,0.));
#1865=DIRECTION('ref_axis',(0.,0.707106781186545,0.70710678118655));
#1866=DIRECTION('center_axis',(-1.,0.,0.));
#1867=DIRECTION('ref_axis',(0.,0.707106781186546,0.707106781186549));
#1868=DIRECTION('',(1.,0.,0.));
#1869=DIRECTION('center_axis',(1.,0.,0.));
#1870=DIRECTION('ref_axis',(0.,0.707106781186545,0.70710678118655));
#1871=DIRECTION('center_axis',(0.,0.,1.));
#1872=DIRECTION('ref_axis',(0.,1.,0.));
#1873=DIRECTION('',(-1.,0.,0.));
#1874=DIRECTION('',(0.,-1.,0.));
#1875=DIRECTION('center_axis',(-1.,0.,0.));
#1876=DIRECTION('ref_axis',(0.,-0.707106781186548,-0.707106781186548));
#1877=DIRECTION('center_axis',(-1.,0.,0.));
#1878=DIRECTION('ref_axis',(0.,-0.707106781186548,-0.707106781186547));
#1879=DIRECTION('center_axis',(0.,0.,1.));
#1880=DIRECTION('ref_axis',(0.,1.,0.));
#1881=DIRECTION('',(0.,-1.,0.));
#1882=DIRECTION('center_axis',(0.,9.5812127259992E-17,1.));
#1883=DIRECTION('ref_axis',(0.707106781186548,0.707106781186547,0.));
#1884=DIRECTION('center_axis',(0.,0.,1.));
#1885=DIRECTION('ref_axis',(1.,0.,0.));
#1886=DIRECTION('center_axis',(0.,6.99353086378052E-16,-1.));
#1887=DIRECTION('ref_axis',(0.,1.,6.99353086378052E-16));
#1888=DIRECTION('',(0.,-9.5812127259992E-17,-1.));
#1889=DIRECTION('center_axis',(1.,0.,0.));
#1890=DIRECTION('ref_axis',(0.,0.,-1.));
#1891=DIRECTION('center_axis',(0.,-1.,0.));
#1892=DIRECTION('ref_axis',(1.,0.,0.));
#1893=DIRECTION('center_axis',(1.,0.,0.));
#1894=DIRECTION('ref_axis',(0.,-0.707106781186548,-0.707106781186547));
#1895=DIRECTION('center_axis',(0.,-1.,0.));
#1896=DIRECTION('ref_axis',(0.707106781186545,0.,0.70710678118655));
#1897=DIRECTION('center_axis',(0.,-1.,0.));
#1898=DIRECTION('ref_axis',(1.,0.,0.));
#1899=DIRECTION('',(0.,1.,0.));
#1900=DIRECTION('center_axis',(0.,-6.76192173353731E-17,1.));
#1901=DIRECTION('ref_axis',(0.707106781186547,0.707106781186548,0.));
#1902=DIRECTION('center_axis',(0.,0.,1.));
#1903=DIRECTION('ref_axis',(1.,0.,0.));
#1904=DIRECTION('center_axis',(0.,0.,-1.));
#1905=DIRECTION('ref_axis',(0.,1.,0.));
#1906=DIRECTION('',(0.,6.76192173353731E-17,-1.));
#1907=DIRECTION('center_axis',(0.408248290463862,-0.816496580927725,0.408248290463866));
#1908=DIRECTION('ref_axis',(0.577350269189624,0.577350269189625,0.577350269189629));
#1909=DIRECTION('center_axis',(0.,1.,-3.92565047381271E-16));
#1910=DIRECTION('ref_axis',(0.707106781186545,0.,-0.70710678118655));
#1911=DIRECTION('center_axis',(0.,1.,0.));
#1912=DIRECTION('ref_axis',(1.,0.,0.));
#1913=DIRECTION('',(0.,1.,-3.92565047381271E-16));
#1914=DIRECTION('center_axis',(0.,-1.,0.));
#1915=DIRECTION('ref_axis',(0.,0.,-1.));
#1916=DIRECTION('',(0.,-1.,3.92565047381271E-16));
#1917=DIRECTION('center_axis',(-0.816496580927727,0.408248290463864,-0.40824829046386));
#1918=DIRECTION('ref_axis',(0.577350269189625,0.57735026918963,-0.577350269189623));
#1919=DIRECTION('center_axis',(1.,0.,0.));
#1920=DIRECTION('ref_axis',(0.,0.707106781186545,-0.70710678118655));
#1921=DIRECTION('center_axis',(0.,-0.0871902788306391,-0.99619167597277));
#1922=DIRECTION('ref_axis',(0.707106781186548,-0.704413889441937,0.0616528374146925));
#1923=DIRECTION('center_axis',(0.,-0.0871902788306334,-0.99619167597277));
#1924=DIRECTION('ref_axis',(1.,0.,0.));
#1925=DIRECTION('center_axis',(0.,0.0871902788306414,0.996191675972769));
#1926=DIRECTION('ref_axis',(0.,-0.996191675972769,0.0871902788306414));
#1927=DIRECTION('',(0.,0.0871902788306391,0.99619167597277));
#1928=DIRECTION('center_axis',(-0.384711694900973,0.383246588109724,-0.839713620533022));
#1929=DIRECTION('ref_axis',(0.594898898659782,-0.592633330890241,-0.543029497809572));
#1930=DIRECTION('center_axis',(1.,0.,0.));
#1931=DIRECTION('ref_axis',(0.,-0.737289047399547,-0.675577427527496));
#1932=DIRECTION('center_axis',(0.,-1.,2.33672831199672E-16));
#1933=DIRECTION('ref_axis',(0.707106781186548,0.,0.707106781186547));
#1934=DIRECTION('center_axis',(0.,-1.,0.));
#1935=DIRECTION('ref_axis',(1.,0.,0.));
#1936=DIRECTION('center_axis',(0.,1.,-2.6225740739177E-16));
#1937=DIRECTION('ref_axis',(0.,2.6225740739177E-16,1.));
#1938=DIRECTION('',(0.,1.,-2.33672831199672E-16));
#1939=DIRECTION('center_axis',(-0.378519067525286,-0.829079461094814,-0.411522250565533));
#1940=DIRECTION('ref_axis',(0.561268287644291,-0.559130796138733,0.610205426142797));
#1941=DIRECTION('center_axis',(0.408248290463863,-0.816496580927726,0.408248290463863));
#1942=DIRECTION('ref_axis',(0.577350269189626,0.577350269189626,0.577350269189626));
#1943=DIRECTION('center_axis',(-1.,0.,0.));
#1944=DIRECTION('ref_axis',(0.,0.707106781186546,-0.707106781186549));
#1945=DIRECTION('',(-1.,0.,0.));
#1946=DIRECTION('center_axis',(0.,-3.92565047381271E-16,-1.));
#1947=DIRECTION('ref_axis',(0.,-1.,3.92565047381271E-16));
#1948=DIRECTION('',(1.,0.,0.));
#1949=DIRECTION('center_axis',(-1.,0.,0.));
#1950=DIRECTION('ref_axis',(0.,-0.737289047399545,-0.675577427527498));
#1951=DIRECTION('center_axis',(1.,0.,0.));
#1952=DIRECTION('ref_axis',(0.,0.,-1.));
#1953=DIRECTION('center_axis',(0.,-1.77635683940025E-15,1.));
#1954=DIRECTION('ref_axis',(0.,1.,1.77635683940025E-15));
#1955=DIRECTION('',(0.,-1.,-1.77635683940025E-15));
#1956=DIRECTION('center_axis',(0.,-4.44089209850063E-16,1.));
#1957=DIRECTION('ref_axis',(0.,1.,4.44089209850063E-16));
#1958=DIRECTION('',(0.,-1.,-4.44089209850063E-16));
#1959=DIRECTION('center_axis',(0.,1.,4.44089209850063E-16));
#1960=DIRECTION('ref_axis',(0.,4.44089209850063E-16,-1.));
#1961=DIRECTION('center_axis',(-1.,0.,0.));
#1962=DIRECTION('ref_axis',(0.,0.,1.));
#1963=DIRECTION('center_axis',(-1.,0.,0.));
#1964=DIRECTION('ref_axis',(0.,0.,1.));
#1965=DIRECTION('center_axis',(-1.,0.,0.));
#1966=DIRECTION('ref_axis',(0.,0.,1.));
#1967=CARTESIAN_POINT('',(0.,0.,0.));
#1968=CARTESIAN_POINT('Origin',(-0.048,1.96850393700788,-10.8799212598425));
#1969=CARTESIAN_POINT('',(6.55643518479423E-17,1.76400393700788,-10.8799212598425));
#1970=CARTESIAN_POINT('Origin',(0.,1.96850393700788,-10.8799212598425));
#1971=CARTESIAN_POINT('',(-0.095999999999999,1.86000393700787,-10.8799212598425));
#1972=CARTESIAN_POINT('',(-0.048,1.81200393700788,-10.8799212598425));
#1973=CARTESIAN_POINT('Origin',(-0.0959999999999981,1.96850393700788,-10.8799212598425));
#1974=CARTESIAN_POINT('Origin',(-12.0492910409282,1.96850393700788,-10.8799212598425));
#1975=CARTESIAN_POINT('',(-0.5,1.86000393700788,-10.8799212598425));
#1976=CARTESIAN_POINT('',(-12.0492910409282,1.86000393700788,-10.8799212598425));
#1977=CARTESIAN_POINT('Origin',(-0.5,1.96850393700788,-10.8799212598425));
#1978=CARTESIAN_POINT('Origin',(-0.048,1.96850393700788,-10.0925196850394));
#1979=CARTESIAN_POINT('',(6.55643518479423E-17,1.76400393700788,-10.0925196850394));
#1980=CARTESIAN_POINT('Origin',(0.,1.96850393700788,-10.0925196850394));
#1981=CARTESIAN_POINT('',(-0.095999999999999,1.86000393700787,-10.0925196850394));
#1982=CARTESIAN_POINT('',(-0.048,1.81200393700788,-10.0925196850394));
#1983=CARTESIAN_POINT('Origin',(-0.0959999999999981,1.96850393700788,-10.0925196850394));
#1984=CARTESIAN_POINT('Origin',(-12.0492910409282,1.96850393700788,-10.0925196850394));
#1985=CARTESIAN_POINT('',(-0.5,1.86000393700788,-10.0925196850394));
#1986=CARTESIAN_POINT('',(-12.0492910409282,1.86000393700788,-10.0925196850394));
#1987=CARTESIAN_POINT('Origin',(-0.5,1.96850393700788,-10.0925196850394));
#1988=CARTESIAN_POINT('Origin',(-0.048,1.96850393700788,-7.73031496062992));
#1989=CARTESIAN_POINT('',(6.55643518479423E-17,1.76400393700788,-7.73031496062992));
#1990=CARTESIAN_POINT('Origin',(0.,1.96850393700788,-7.73031496062992));
#1991=CARTESIAN_POINT('',(-0.095999999999999,1.86000393700787,-7.73031496062992));
#1992=CARTESIAN_POINT('',(-0.048,1.81200393700788,-7.73031496062992));
#1993=CARTESIAN_POINT('Origin',(-0.0959999999999981,1.96850393700788,-7.73031496062992));
#1994=CARTESIAN_POINT('Origin',(-12.0492910409282,1.96850393700788,-7.73031496062992));
#1995=CARTESIAN_POINT('',(-0.5,1.86000393700788,-7.73031496062992));
#1996=CARTESIAN_POINT('',(-12.0492910409282,1.86000393700788,-7.73031496062992));
#1997=CARTESIAN_POINT('Origin',(-0.5,1.96850393700788,-7.73031496062992));
#1998=CARTESIAN_POINT('Origin',(-0.048,0.393700787401575,-4.58070866141732));
#1999=CARTESIAN_POINT('',(-5.46369598732853E-18,0.189200787401575,-4.58070866141732));
#2000=CARTESIAN_POINT('Origin',(0.,0.393700787401575,-4.58070866141732));
#2001=CARTESIAN_POINT('',(-0.0959999999999993,0.285200787401574,-4.58070866141732));
#2002=CARTESIAN_POINT('',(-0.048,0.237200787401575,-4.58070866141732));
#2003=CARTESIAN_POINT('Origin',(-0.0959999999999981,0.393700787401575,-4.58070866141732));
#2004=CARTESIAN_POINT('Origin',(-12.0492910409282,0.393700787401575,-4.58070866141732));
#2005=CARTESIAN_POINT('',(-0.5,0.285200787401575,-4.58070866141732));
#2006=CARTESIAN_POINT('',(-12.0492910409282,0.285200787401575,-4.58070866141732));
#2007=CARTESIAN_POINT('Origin',(-0.5,0.393700787401575,-4.58070866141732));
#2008=CARTESIAN_POINT('Origin',(-0.048,0.393700787401575,-3.79330708661417));
#2009=CARTESIAN_POINT('',(-5.46369598732853E-18,0.189200787401575,-3.79330708661417));
#2010=CARTESIAN_POINT('Origin',(0.,0.393700787401575,-3.79330708661417));
#2011=CARTESIAN_POINT('',(-0.0959999999999993,0.285200787401574,-3.79330708661417));
#2012=CARTESIAN_POINT('',(-0.048,0.237200787401575,-3.79330708661417));
#2013=CARTESIAN_POINT('Origin',(-0.0959999999999981,0.393700787401575,-3.79330708661417));
#2014=CARTESIAN_POINT('Origin',(-12.0492910409282,0.393700787401575,-3.79330708661417));
#2015=CARTESIAN_POINT('',(-0.5,0.285200787401575,-3.79330708661417));
#2016=CARTESIAN_POINT('',(-12.0492910409282,0.285200787401575,-3.79330708661417));
#2017=CARTESIAN_POINT('Origin',(-0.5,0.393700787401575,-3.79330708661417));
#2018=CARTESIAN_POINT('Origin',(-0.048,0.393700787401575,-1.43110236220472));
#2019=CARTESIAN_POINT('',(6.55643518479423E-17,0.189200787401575,-1.43110236220472));
#2020=CARTESIAN_POINT('Origin',(0.,0.393700787401575,-1.43110236220472));
#2021=CARTESIAN_POINT('',(-0.095999999999999,0.285200787401574,-1.43110236220472));
#2022=CARTESIAN_POINT('',(-0.048,0.237200787401575,-1.43110236220472));
#2023=CARTESIAN_POINT('Origin',(-0.0959999999999981,0.393700787401575,-1.43110236220472));
#2024=CARTESIAN_POINT('Origin',(-12.0492910409282,0.393700787401575,-1.43110236220472));
#2025=CARTESIAN_POINT('',(-0.5,0.285200787401575,-1.43110236220472));
#2026=CARTESIAN_POINT('',(-12.0492910409282,0.285200787401575,-1.43110236220472));
#2027=CARTESIAN_POINT('Origin',(-0.5,0.393700787401575,-1.43110236220472));
#2028=CARTESIAN_POINT('Origin',(-0.048,1.96850393700788,-6.94291338582677));
#2029=CARTESIAN_POINT('',(6.55643518479423E-17,1.76400393700788,-6.94291338582677));
#2030=CARTESIAN_POINT('Origin',(0.,1.96850393700788,-6.94291338582677));
#2031=CARTESIAN_POINT('',(-0.095999999999999,1.86000393700787,-6.94291338582677));
#2032=CARTESIAN_POINT('',(-0.048,1.81200393700788,-6.94291338582677));
#2033=CARTESIAN_POINT('Origin',(-0.0959999999999981,1.96850393700788,-6.94291338582677));
#2034=CARTESIAN_POINT('Origin',(-12.0492910409282,1.96850393700788,-6.94291338582677));
#2035=CARTESIAN_POINT('',(-0.5,1.86000393700788,-6.94291338582677));
#2036=CARTESIAN_POINT('',(-12.0492910409282,1.86000393700788,-6.94291338582677));
#2037=CARTESIAN_POINT('Origin',(-0.5,1.96850393700788,-6.94291338582677));
#2038=CARTESIAN_POINT('Origin',(-0.048,0.393700787401575,-0.643700787401575));
#2039=CARTESIAN_POINT('',(6.55643518479423E-17,0.189200787401575,-0.643700787401575));
#2040=CARTESIAN_POINT('Origin',(0.,0.393700787401575,-0.643700787401575));
#2041=CARTESIAN_POINT('',(-0.095999999999999,0.285200787401574,-0.643700787401575));
#2042=CARTESIAN_POINT('',(-0.048,0.237200787401575,-0.643700787401575));
#2043=CARTESIAN_POINT('Origin',(-0.0959999999999981,0.393700787401575,-0.643700787401575));
#2044=CARTESIAN_POINT('Origin',(-12.0492910409282,0.393700787401575,-0.643700787401575));
#2045=CARTESIAN_POINT('',(-0.5,0.285200787401575,-0.643700787401575));
#2046=CARTESIAN_POINT('',(-12.0492910409282,0.285200787401575,-0.643700787401575));
#2047=CARTESIAN_POINT('Origin',(-0.5,0.393700787401575,-0.643700787401575));
#2048=CARTESIAN_POINT('Origin',(0.,0.015748031496063,-0.265748031496063));
#2049=CARTESIAN_POINT('',(-0.5,-1.03038761755451E-17,-0.265748031496063));
#2050=CARTESIAN_POINT('',(-0.5,0.015748031496063,-0.25));
#2051=CARTESIAN_POINT('Origin',(-0.5,0.015748031496063,-0.265748031496063));
#2052=CARTESIAN_POINT('',(-1.,-6.96256327588695E-18,-0.265748031496063));
#2053=CARTESIAN_POINT('',(0.,1.63910879619856E-17,-0.265748031496063));
#2054=CARTESIAN_POINT('',(-1.,0.015748031496063,-0.25));
#2055=CARTESIAN_POINT('Origin',(-1.,0.015748031496063,-0.265748031496063));
#2056=CARTESIAN_POINT('',(0.,0.015748031496063,-0.25));
#2057=CARTESIAN_POINT('Origin',(0.,0.78740157480315,-0.25));
#2058=CARTESIAN_POINT('',(-1.,0.66240157480315,-0.25));
#2059=CARTESIAN_POINT('',(-1.,0.688362381744501,-0.25));
#2060=CARTESIAN_POINT('',(-0.875,0.78740157480315,-0.25));
#2061=CARTESIAN_POINT('Origin',(-0.875,0.66240157480315,-0.25));
#2062=CARTESIAN_POINT('',(-0.5,0.78740157480315,-0.25));
#2063=CARTESIAN_POINT('',(0.,0.78740157480315,-0.25));
#2064=CARTESIAN_POINT('',(-0.5,0.684055118110237,-0.25));
#2065=CARTESIAN_POINT('Origin',(0.,0.0157480314960631,-1.80905511811024));
#2066=CARTESIAN_POINT('',(-0.5,0.0157480314960631,-1.8248031496063));
#2067=CARTESIAN_POINT('',(-0.5,9.44796963577344E-17,-1.80905511811024));
#2068=CARTESIAN_POINT('Origin',(-0.5,0.0157480314960631,-1.80905511811024));
#2069=CARTESIAN_POINT('',(-1.,0.0157480314960631,-1.8248031496063));
#2070=CARTESIAN_POINT('',(0.,0.0157480314960631,-1.8248031496063));
#2071=CARTESIAN_POINT('',(-1.,9.78210092573925E-17,-1.80905511811024));
#2072=CARTESIAN_POINT('Origin',(-1.,0.0157480314960631,-1.80905511811024));
#2073=CARTESIAN_POINT('',(0.,1.22933159714892E-16,-1.80905511811024));
#2074=CARTESIAN_POINT('Origin',(0.,1.69738695302634E-17,-0.25));
#2075=CARTESIAN_POINT('',(-0.5,1.74838271594513E-16,-2.99261811023622));
#2076=CARTESIAN_POINT('',(-1.,1.74838271594513E-16,-2.94340551181102));
#2077=CARTESIAN_POINT('Origin',(0.,0.0157480314961085,-3.41535433070866));
#2078=CARTESIAN_POINT('',(-0.5,4.555207472979E-14,-3.41535433070866));
#2079=CARTESIAN_POINT('',(-0.5,0.0157480314961085,-3.3996062992126));
#2080=CARTESIAN_POINT('Origin',(-0.5,0.0157480314961085,-3.41535433070866));
#2081=CARTESIAN_POINT('',(-1.,4.55611239762691E-14,-3.41535433070866));
#2082=CARTESIAN_POINT('',(0.,4.55481015983643E-14,-3.41535433070866));
#2083=CARTESIAN_POINT('',(-1.,0.0157480314961085,-3.3996062992126));
#2084=CARTESIAN_POINT('Origin',(-1.,0.0157480314961085,-3.41535433070866));
#2085=CARTESIAN_POINT('',(0.,0.0157480314961085,-3.3996062992126));
#2086=CARTESIAN_POINT('Origin',(0.,0.78740157480315,-3.3996062992126));
#2087=CARTESIAN_POINT('',(-1.,0.66240157480315,-3.3996062992126));
#2088=CARTESIAN_POINT('',(-1.,0.688362381744501,-3.3996062992126));
#2089=CARTESIAN_POINT('',(-0.875,0.78740157480315,-3.3996062992126));
#2090=CARTESIAN_POINT('Origin',(-0.875,0.66240157480315,-3.3996062992126));
#2091=CARTESIAN_POINT('',(-0.5,0.78740157480315,-3.3996062992126));
#2092=CARTESIAN_POINT('',(0.,0.78740157480315,-3.3996062992126));
#2093=CARTESIAN_POINT('',(-0.5,0.684055118110238,-3.3996062992126));
#2094=CARTESIAN_POINT('Origin',(0.,0.0157480314961088,-4.95866141732283));
#2095=CARTESIAN_POINT('',(-0.5,0.0157480314961088,-4.9744094488189));
#2096=CARTESIAN_POINT('',(-0.5,4.58358590993719E-14,-4.95866141732283));
#2097=CARTESIAN_POINT('Origin',(-0.5,0.0157480314961088,-4.95866141732283));
#2098=CARTESIAN_POINT('',(-1.,0.0157480314961088,-4.9744094488189));
#2099=CARTESIAN_POINT('',(0.,0.0157480314961088,-4.9744094488189));
#2100=CARTESIAN_POINT('',(-1.,4.58449083458509E-14,-4.95866141732283));
#2101=CARTESIAN_POINT('Origin',(-1.,0.0157480314961088,-4.95866141732283));
#2102=CARTESIAN_POINT('',(0.,4.58294819417117E-14,-4.95866141732283));
#2103=CARTESIAN_POINT('Origin',(0.,4.55440038263738E-14,-3.3996062992126));
#2104=CARTESIAN_POINT('',(-0.5,4.57639175898637E-14,-4.56742125984252));
#2105=CARTESIAN_POINT('',(-1.,4.57639175898637E-14,-4.51820866141732));
#2106=CARTESIAN_POINT('Origin',(0.,1.59055118110236,-6.56496062992126));
#2107=CARTESIAN_POINT('',(-0.5,1.5748031496063,-6.56496062992126));
#2108=CARTESIAN_POINT('',(-0.5,1.59055118110236,-6.5492125984252));
#2109=CARTESIAN_POINT('Origin',(-0.5,1.59055118110236,-6.56496062992126));
#2110=CARTESIAN_POINT('',(-1.,1.5748031496063,-6.56496062992126));
#2111=CARTESIAN_POINT('',(0.,1.5748031496063,-6.56496062992126));
#2112=CARTESIAN_POINT('',(-1.,1.59055118110236,-6.5492125984252));
#2113=CARTESIAN_POINT('Origin',(-1.,1.59055118110236,-6.56496062992126));
#2114=CARTESIAN_POINT('',(0.,1.59055118110236,-6.5492125984252));
#2115=CARTESIAN_POINT('Origin',(0.,2.36220472440945,-6.5492125984252));
#2116=CARTESIAN_POINT('',(-1.,2.23720472440945,-6.5492125984252));
#2117=CARTESIAN_POINT('',(-1.,1.47576395654765,-6.5492125984252));
#2118=CARTESIAN_POINT('',(-0.875,2.36220472440945,-6.5492125984252));
#2119=CARTESIAN_POINT('Origin',(-0.875,2.23720472440945,-6.5492125984252));
#2120=CARTESIAN_POINT('',(-0.5,2.36220472440945,-6.5492125984252));
#2121=CARTESIAN_POINT('',(0.,2.36220472440945,-6.5492125984252));
#2122=CARTESIAN_POINT('',(-0.5,1.47145669291339,-6.5492125984252));
#2123=CARTESIAN_POINT('Origin',(0.,1.59055118110236,-8.10826771653543));
#2124=CARTESIAN_POINT('',(-0.5,1.59055118110236,-8.12401574803149));
#2125=CARTESIAN_POINT('',(-0.5,1.5748031496063,-8.10826771653543));
#2126=CARTESIAN_POINT('Origin',(-0.5,1.59055118110236,-8.10826771653543));
#2127=CARTESIAN_POINT('',(-1.,1.59055118110236,-8.12401574803149));
#2128=CARTESIAN_POINT('',(0.,1.59055118110236,-8.12401574803149));
#2129=CARTESIAN_POINT('',(-1.,1.5748031496063,-8.10826771653543));
#2130=CARTESIAN_POINT('Origin',(-1.,1.59055118110236,-8.10826771653543));
#2131=CARTESIAN_POINT('',(0.,1.5748031496063,-8.10826771653543));
#2132=CARTESIAN_POINT('Origin',(0.,1.5748031496063,-6.5492125984252));
#2133=CARTESIAN_POINT('',(-0.5,1.5748031496063,-6.14222440944882));
#2134=CARTESIAN_POINT('',(-1.,1.5748031496063,-6.09301181102362));
#2135=CARTESIAN_POINT('Origin',(0.,1.55905511811024,-11.257874015748));
#2136=CARTESIAN_POINT('',(-1.,1.55905511811024,-11.2736220472441));
#2137=CARTESIAN_POINT('',(-1.,1.5748031496063,-11.257874015748));
#2138=CARTESIAN_POINT('Origin',(-1.,1.55905511811024,-11.257874015748));
#2139=CARTESIAN_POINT('',(-0.5,1.5748031496063,-11.257874015748));
#2140=CARTESIAN_POINT('',(0.,1.5748031496063,-11.257874015748));
#2141=CARTESIAN_POINT('',(-0.5,1.55905511811024,-11.2736220472441));
#2142=CARTESIAN_POINT('Origin',(-0.5,1.55905511811024,-11.257874015748));
#2143=CARTESIAN_POINT('',(0.,1.55905511811024,-11.2736220472441));
#2144=CARTESIAN_POINT('Origin',(-1.,0.589323188685851,-5.63681102362205));
#2145=CARTESIAN_POINT('',(-1.,-1.05808048668729,-11.2736220472441));
#2146=CARTESIAN_POINT('',(-1.,1.08206316914608,-11.2736220472441));
#2147=CARTESIAN_POINT('',(-1.,-0.0823129829813131,-0.125));
#2148=CARTESIAN_POINT('',(-1.,-0.807493822366677,-8.41054657078106));
#2149=CARTESIAN_POINT('',(-1.,0.66240157480315,-0.125));
#2150=CARTESIAN_POINT('',(-1.,0.196236397492555,-0.125));
#2151=CARTESIAN_POINT('',(-1.,0.66240157480315,-2.81840551181102));
#2152=CARTESIAN_POINT('',(-1.,0.66240157480315,-1.8248031496063));
#2153=CARTESIAN_POINT('',(-1.,0.294661594342925,-1.8248031496063));
#2154=CARTESIAN_POINT('',(-1.,0.66240157480315,-2.81840551181102));
#2155=CARTESIAN_POINT('',(-1.,0.662401574803149,-4.9744094488189));
#2156=CARTESIAN_POINT('',(-1.,0.294661594342949,-4.9744094488189));
#2157=CARTESIAN_POINT('',(-1.,0.662401574803149,-5.2992125984252));
#2158=CARTESIAN_POINT('',(-1.,0.66240157480315,-2.81840551181102));
#2159=CARTESIAN_POINT('',(-1.,1.78740157480315,-6.4242125984252));
#2160=CARTESIAN_POINT('Origin',(-1.,1.78740157480315,-5.2992125984252));
#2161=CARTESIAN_POINT('',(-1.,2.23720472440945,-6.4242125984252));
#2162=CARTESIAN_POINT('',(-1.,0.688362381744501,-6.4242125984252));
#2163=CARTESIAN_POINT('',(-1.,2.23720472440945,-6.88041338582677));
#2164=CARTESIAN_POINT('',(-1.,2.23720472440945,-8.12401574803149));
#2165=CARTESIAN_POINT('',(-1.,1.08206316914608,-8.1240157480315));
#2166=CARTESIAN_POINT('',(-1.,2.23720472440945,-9.69881889763779));
#2167=CARTESIAN_POINT('',(-1.,2.23720472440945,-6.88041338582677));
#2168=CARTESIAN_POINT('',(-1.,1.59055118110236,-9.69881889763779));
#2169=CARTESIAN_POINT('',(-1.,1.47576395654765,-9.69881889763779));
#2170=CARTESIAN_POINT('',(-1.,1.5748031496063,-9.71456692913386));
#2171=CARTESIAN_POINT('Origin',(-1.,1.59055118110236,-9.71456692913386));
#2172=CARTESIAN_POINT('',(-1.,1.5748031496063,-7.66781496062992));
#2173=CARTESIAN_POINT('Origin',(0.,1.5748031496063,-11.2736220472441));
#2174=CARTESIAN_POINT('',(-0.5,-1.18355834703775,-11.2736220472441));
#2175=CARTESIAN_POINT('',(-0.5,1.07775590551181,-11.2736220472441));
#2176=CARTESIAN_POINT('',(-0.875,-1.18355834703775,-11.2736220472441));
#2177=CARTESIAN_POINT('',(0.,-1.18355834703775,-11.2736220472441));
#2178=CARTESIAN_POINT('Origin',(-0.875,-1.05808048668729,-11.2736220472441));
#2179=CARTESIAN_POINT('Origin',(0.,1.59055118110236,-9.71456692913386));
#2180=CARTESIAN_POINT('',(-0.5,1.5748031496063,-9.71456692913386));
#2181=CARTESIAN_POINT('',(-0.5,1.59055118110236,-9.69881889763779));
#2182=CARTESIAN_POINT('Origin',(-0.5,1.59055118110236,-9.71456692913386));
#2183=CARTESIAN_POINT('',(0.,1.5748031496063,-9.71456692913386));
#2184=CARTESIAN_POINT('',(0.,1.59055118110236,-9.69881889763779));
#2185=CARTESIAN_POINT('Origin',(-0.5,0.580708661417325,-5.73523622047244));
#2186=CARTESIAN_POINT('',(-0.5,2.36220472440945,-9.69881889763779));
#2187=CARTESIAN_POINT('',(-0.5,1.47145669291339,-9.69881889763779));
#2188=CARTESIAN_POINT('',(-0.5,2.36220472440945,-11.3454724409449));
#2189=CARTESIAN_POINT('',(-0.5,2.36220472440945,-11.4704724409449));
#2190=CARTESIAN_POINT('',(-0.5,2.23720472440945,-11.4704724409449));
#2191=CARTESIAN_POINT('Origin',(-0.5,2.23720472440945,-11.3454724409449));
#2192=CARTESIAN_POINT('',(-0.5,-1.06436909159331,-11.4704724409449));
#2193=CARTESIAN_POINT('',(-0.5,-1.2007874015748,-11.4704724409449));
#2194=CARTESIAN_POINT('',(-0.5,-1.18889305108991,-11.3345736560911));
#2195=CARTESIAN_POINT('Origin',(-0.5,-1.06436909159331,-11.3454724409449));
#2196=CARTESIAN_POINT('',(-0.5,-0.196850393700743,-1.55287579767916E-31));
#2197=CARTESIAN_POINT('',(-0.5,1.5748031496063,-7.71702755905512));
#2198=CARTESIAN_POINT('Origin',(0.,2.36220472440945,-9.69881889763779));
#2199=CARTESIAN_POINT('',(-0.875,2.36220472440945,-9.69881889763779));
#2200=CARTESIAN_POINT('Origin',(-0.875,2.23720472440945,-9.69881889763779));
#2201=CARTESIAN_POINT('',(0.,2.36220472440945,-9.69881889763779));
#2202=CARTESIAN_POINT('Origin',(-0.875,2.23720472440945,-6.88041338582677));
#2203=CARTESIAN_POINT('',(-0.875,2.36220472440945,-8.12401574803149));
#2204=CARTESIAN_POINT('Origin',(-0.875,2.23720472440945,-8.12401574803149));
#2205=CARTESIAN_POINT('',(-0.875,2.36220472440945,-6.88041338582677));
#2206=CARTESIAN_POINT('Origin',(0.,2.36220472440945,-8.12401574803149));
#2207=CARTESIAN_POINT('',(-0.5,2.36220472440945,-8.12401574803149));
#2208=CARTESIAN_POINT('',(0.,2.36220472440945,-8.12401574803149));
#2209=CARTESIAN_POINT('',(-0.5,2.36220472440945,-11.4704724409449));
#2210=CARTESIAN_POINT('',(-0.875,2.36220472440945,-6.4242125984252));
#2211=CARTESIAN_POINT('',(-0.875,2.36220472440945,-6.88041338582677));
#2212=CARTESIAN_POINT('',(-0.125,2.36220472440945,-6.4242125984252));
#2213=CARTESIAN_POINT('',(0.,2.36220472440945,-6.4242125984252));
#2214=CARTESIAN_POINT('',(-0.125,2.36220472440945,-11.3454724409449));
#2215=CARTESIAN_POINT('',(-0.125,2.36220472440945,-6.92962598425197));
#2216=CARTESIAN_POINT('',(0.,2.36220472440945,-11.3454724409449));
#2217=CARTESIAN_POINT('Origin',(-0.875,0.66240157480315,-2.81840551181102));
#2218=CARTESIAN_POINT('',(-0.875,0.78740157480315,-1.8248031496063));
#2219=CARTESIAN_POINT('Origin',(-0.875,0.66240157480315,-1.8248031496063));
#2220=CARTESIAN_POINT('',(-0.875,0.78740157480315,-2.81840551181102));
#2221=CARTESIAN_POINT('Origin',(0.,0.78740157480315,-3.49676543189026E-16));
#2222=CARTESIAN_POINT('',(-0.5,0.78740157480315,-1.8248031496063));
#2223=CARTESIAN_POINT('',(0.,0.78740157480315,-1.8248031496063));
#2224=CARTESIAN_POINT('',(-0.5,0.78740157480315,-6.2992125984252));
#2225=CARTESIAN_POINT('',(-0.875,0.78740157480315,-0.125));
#2226=CARTESIAN_POINT('',(-0.875,0.78740157480315,-2.81840551181102));
#2227=CARTESIAN_POINT('',(-0.125,0.78740157480315,-0.125));
#2228=CARTESIAN_POINT('',(0.,0.78740157480315,-0.125));
#2229=CARTESIAN_POINT('',(-0.125,0.787401574803149,-5.2992125984252));
#2230=CARTESIAN_POINT('',(-0.125,0.78740157480315,-2.86761811023622));
#2231=CARTESIAN_POINT('',(-0.875,0.787401574803149,-5.2992125984252));
#2232=CARTESIAN_POINT('',(0.,0.787401574803149,-5.2992125984252));
#2233=CARTESIAN_POINT('',(-0.875,0.78740157480315,-4.9744094488189));
#2234=CARTESIAN_POINT('',(-0.875,0.78740157480315,-2.81840551181102));
#2235=CARTESIAN_POINT('',(-0.5,0.78740157480315,-4.9744094488189));
#2236=CARTESIAN_POINT('',(0.,0.78740157480315,-4.9744094488189));
#2237=CARTESIAN_POINT('',(-0.5,0.78740157480315,-6.2992125984252));
#2238=CARTESIAN_POINT('Origin',(-0.875,0.66240157480315,-2.81840551181102));
#2239=CARTESIAN_POINT('Origin',(-0.875,0.66240157480315,-0.125));
#2240=CARTESIAN_POINT('Origin',(-0.875,0.196236397492555,-0.125));
#2241=CARTESIAN_POINT('',(-0.875,0.66240157480315,-1.96693055543827E-16));
#2242=CARTESIAN_POINT('Origin',(-0.875,0.66240157480315,-0.125));
#2243=CARTESIAN_POINT('',(-0.875,-0.0823129829813131,-2.18547839493141E-17));
#2244=CARTESIAN_POINT('Origin',(-0.875,-0.0823129829813131,-0.125));
#2245=CARTESIAN_POINT('',(-0.875,0.196236397492555,-8.74191357972564E-17));
#2246=CARTESIAN_POINT('Origin',(-0.875,0.66240157480315,-0.125));
#2247=CARTESIAN_POINT('Origin',(-0.875,0.66240157480315,-0.125));
#2248=CARTESIAN_POINT('Origin',(-0.875,-0.807493822366677,-8.41054657078106));
#2249=CARTESIAN_POINT('',(-0.875,-0.206836942477909,-0.11410121514617));
#2250=CARTESIAN_POINT('',(-0.875,-0.932017781863274,-8.39964778592723));
#2251=CARTESIAN_POINT('Origin',(-0.875,-0.0823129829813131,-0.125));
#2252=CARTESIAN_POINT('Origin',(-0.875,-0.0823129829813131,-0.125));
#2253=CARTESIAN_POINT('Origin',(-0.875,-0.0823129829813131,-0.125));
#2254=CARTESIAN_POINT('Origin',(0.,0.66240157480315,-0.125));
#2255=CARTESIAN_POINT('',(-0.125,0.66240157480315,-1.96693055543827E-16));
#2256=CARTESIAN_POINT('',(0.,0.66240157480315,-1.96693055543827E-16));
#2257=CARTESIAN_POINT('Origin',(-0.125,0.66240157480315,-0.125));
#2258=CARTESIAN_POINT('Origin',(0.,-0.196850393700743,-1.16465684825937E-31));
#2259=CARTESIAN_POINT('',(-0.125,-0.0823129829813131,-2.18547839493141E-17));
#2260=CARTESIAN_POINT('',(0.,-0.0823129829813131,-2.18547839493141E-17));
#2261=CARTESIAN_POINT('',(-0.125,0.191929133858292,-8.74191357972564E-17));
#2262=CARTESIAN_POINT('Origin',(0.,-0.0823129829813131,-0.125));
#2263=CARTESIAN_POINT('',(-0.125,-0.206836942477909,-0.11410121514617));
#2264=CARTESIAN_POINT('',(0.,-0.206836942477909,-0.11410121514617));
#2265=CARTESIAN_POINT('Origin',(-0.125,-0.0823129829813131,-0.125));
#2266=CARTESIAN_POINT('Origin',(0.,-1.18355834703775,-11.2736220472441));
#2267=CARTESIAN_POINT('',(-0.125,-1.18889305108991,-11.3345736560911));
#2268=CARTESIAN_POINT('',(0.,-1.18889305108991,-11.3345736560911));
#2269=CARTESIAN_POINT('',(-0.125,-0.936325045497537,-8.44886038435242));
#2270=CARTESIAN_POINT('Origin',(-0.875,2.23720472440945,-6.88041338582677));
#2271=CARTESIAN_POINT('Origin',(-0.875,2.23720472440945,-6.4242125984252));
#2272=CARTESIAN_POINT('Origin',(-0.875,0.688362381744501,-6.4242125984252));
#2273=CARTESIAN_POINT('',(-0.875,2.23720472440945,-6.2992125984252));
#2274=CARTESIAN_POINT('Origin',(-0.875,2.23720472440945,-6.4242125984252));
#2275=CARTESIAN_POINT('',(-0.875,1.78740157480315,-6.2992125984252));
#2276=CARTESIAN_POINT('Origin',(-0.875,1.78740157480315,-6.4242125984252));
#2277=CARTESIAN_POINT('',(-0.875,0.688362381744501,-6.2992125984252));
#2278=CARTESIAN_POINT('Origin',(-0.875,1.78740157480315,-5.2992125984252));
#2279=CARTESIAN_POINT('Origin',(-0.875,0.662401574803149,-5.2992125984252));
#2280=CARTESIAN_POINT('Origin',(-0.875,1.78740157480315,-5.2992125984252));
#2281=CARTESIAN_POINT('Origin',(-0.875,0.66240157480315,-2.81840551181102));
#2282=CARTESIAN_POINT('Origin',(-0.875,0.66240157480315,-4.9744094488189));
#2283=CARTESIAN_POINT('Origin',(-0.875,2.23720472440945,-6.4242125984252));
#2284=CARTESIAN_POINT('Origin',(-0.875,2.23720472440945,-6.4242125984252));
#2285=CARTESIAN_POINT('Origin',(0.,2.23720472440945,-6.4242125984252));
#2286=CARTESIAN_POINT('',(-0.125,2.23720472440945,-6.2992125984252));
#2287=CARTESIAN_POINT('',(0.,2.23720472440945,-6.2992125984252));
#2288=CARTESIAN_POINT('Origin',(-0.125,2.23720472440945,-6.4242125984252));
#2289=CARTESIAN_POINT('Origin',(0.,0.78740157480315,-6.2992125984252));
#2290=CARTESIAN_POINT('',(-0.125,1.78740157480315,-6.2992125984252));
#2291=CARTESIAN_POINT('',(0.,1.78740157480315,-6.2992125984252));
#2292=CARTESIAN_POINT('',(-0.125,0.684055118110238,-6.2992125984252));
#2293=CARTESIAN_POINT('Origin',(0.,1.78740157480315,-5.2992125984252));
#2294=CARTESIAN_POINT('Origin',(-0.125,1.78740157480315,-5.2992125984252));
#2295=CARTESIAN_POINT('Origin',(0.,4.58076271577624E-14,-4.9744094488189));
#2296=CARTESIAN_POINT('',(-0.5,0.290354330708685,-4.9744094488189));
#2297=CARTESIAN_POINT('Origin',(-0.125,0.66240157480315,-2.86761811023622));
#2298=CARTESIAN_POINT('',(0.,0.662401574803149,-5.2992125984252));
#2299=CARTESIAN_POINT('Origin',(-0.125,0.662401574803149,-5.2992125984252));
#2300=CARTESIAN_POINT('',(0.,0.66240157480315,-0.125));
#2301=CARTESIAN_POINT('Origin',(-0.125,0.66240157480315,-0.125));
#2302=CARTESIAN_POINT('',(0.,0.66240157480315,-2.86761811023622));
#2303=CARTESIAN_POINT('Origin',(-0.125,1.78740157480315,-5.2992125984252));
#2304=CARTESIAN_POINT('',(0.,1.78740157480315,-6.42421259842519));
#2305=CARTESIAN_POINT('Origin',(-0.125,1.78740157480315,-6.42421259842519));
#2306=CARTESIAN_POINT('Origin',(0.,1.78740157480315,-5.2992125984252));
#2307=CARTESIAN_POINT('Origin',(-0.125,0.684055118110238,-6.4242125984252));
#2308=CARTESIAN_POINT('',(0.,2.23720472440945,-6.4242125984252));
#2309=CARTESIAN_POINT('Origin',(-0.125,2.23720472440945,-6.4242125984252));
#2310=CARTESIAN_POINT('',(0.,0.684055118110238,-6.4242125984252));
#2311=CARTESIAN_POINT('Origin',(-0.125,2.23720472440945,-6.92962598425197));
#2312=CARTESIAN_POINT('',(0.,2.23720472440945,-11.3454724409449));
#2313=CARTESIAN_POINT('Origin',(-0.125,2.23720472440945,-11.3454724409449));
#2314=CARTESIAN_POINT('Origin',(-0.125,2.23720472440945,-6.4242125984252));
#2315=CARTESIAN_POINT('',(0.,2.23720472440945,-6.92962598425197));
#2316=CARTESIAN_POINT('Origin',(-0.125,2.23720472440945,-6.4242125984252));
#2317=CARTESIAN_POINT('Origin',(-0.125,1.47145669291339,-11.3454724409449));
#2318=CARTESIAN_POINT('',(0.,-1.06436909159331,-11.3454724409449));
#2319=CARTESIAN_POINT('',(-0.125,-1.06436909159331,-11.4704724409449));
#2320=CARTESIAN_POINT('Origin',(-0.125,-1.06436909159331,-11.3454724409449));
#2321=CARTESIAN_POINT('',(-0.125,2.23720472440945,-11.4704724409449));
#2322=CARTESIAN_POINT('',(-0.125,1.47145669291339,-11.4704724409449));
#2323=CARTESIAN_POINT('Origin',(-0.125,2.23720472440945,-11.3454724409449));
#2324=CARTESIAN_POINT('',(0.,1.47145669291339,-11.3454724409449));
#2325=CARTESIAN_POINT('Origin',(-0.125,2.23720472440945,-11.3454724409449));
#2326=CARTESIAN_POINT('Origin',(-0.125,2.23720472440945,-11.3454724409449));
#2327=CARTESIAN_POINT('Origin',(-0.125,-0.81180108600094,-8.45975916920625));
#2328=CARTESIAN_POINT('',(0.,-0.082312982981313,-0.125));
#2329=CARTESIAN_POINT('Origin',(-0.125,-0.082312982981313,-0.125));
#2330=CARTESIAN_POINT('Origin',(-0.125,-1.06436909159331,-11.3454724409449));
#2331=CARTESIAN_POINT('',(0.,-0.81180108600094,-8.45975916920625));
#2332=CARTESIAN_POINT('Origin',(-0.125,-1.06436909159331,-11.3454724409449));
#2333=CARTESIAN_POINT('Origin',(-0.125,-1.06436909159331,-11.3454724409449));
#2334=CARTESIAN_POINT('Origin',(-0.125,0.191929133858292,-0.125));
#2335=CARTESIAN_POINT('Origin',(-0.125,0.66240157480315,-0.125));
#2336=CARTESIAN_POINT('Origin',(-0.125,-0.0823129829813131,-0.125));
#2337=CARTESIAN_POINT('',(0.,0.191929133858292,-0.125));
#2338=CARTESIAN_POINT('Origin',(-0.125,-0.0823129829813131,-0.125));
#2339=CARTESIAN_POINT('Origin',(-0.125,0.66240157480315,-0.125));
#2340=CARTESIAN_POINT('Origin',(0.,2.23720472440945,-11.3454724409449));
#2341=CARTESIAN_POINT('',(0.,2.23720472440945,-11.4704724409449));
#2342=CARTESIAN_POINT('Origin',(0.,2.36220472440945,-11.4704724409449));
#2343=CARTESIAN_POINT('',(0.,-1.06436909159331,-11.4704724409449));
#2344=CARTESIAN_POINT('Origin',(0.,-1.06436909159331,-11.3454724409449));
#2345=CARTESIAN_POINT('Origin',(0.,0.580708661417325,-5.73523622047244));
#2346=CARTESIAN_POINT('Origin',(0.,1.5748031496063,-8.12401574803149));
#2347=CARTESIAN_POINT('',(-0.5,1.07775590551182,-8.1240157480315));
#2348=CARTESIAN_POINT('Origin',(0.,1.74838271594513E-16,-1.8248031496063));
#2349=CARTESIAN_POINT('',(-0.5,0.290354330708662,-1.8248031496063));
#2350=CARTESIAN_POINT('Origin',(0.,1.5748031496063,-9.69881889763779));
#2351=CARTESIAN_POINT('Origin',(-0.5,0.580708661417325,-5.73523622047244));
#2352=CARTESIAN_POINT('Origin',(-0.5,0.580708661417325,-5.73523622047244));
#2353=CARTESIAN_POINT('Origin',(-0.5,0.580708661417325,-5.73523622047244));
#2354=UNCERTAINTY_MEASURE_WITH_UNIT(LENGTH_MEASURE(0.000393700787401575),
#2360,'DISTANCE_ACCURACY_VALUE',
'Maximum model space distance between geometric entities at asserted c
onnectivities');
#2355=UNCERTAINTY_MEASURE_WITH_UNIT(LENGTH_MEASURE(0.000393700787401575),
#2360,'DISTANCE_ACCURACY_VALUE',
'Maximum model space distance between geometric entities at asserted c
onnectivities');
#2356=(
GEOMETRIC_REPRESENTATION_CONTEXT(3)
GLOBAL_UNCERTAINTY_ASSIGNED_CONTEXT((#2354))
GLOBAL_UNIT_ASSIGNED_CONTEXT((#2360,#2364,#2365))
REPRESENTATION_CONTEXT('','3D')
);
#2357=(
GEOMETRIC_REPRESENTATION_CONTEXT(3)
GLOBAL_UNCERTAINTY_ASSIGNED_CONTEXT((#2355))
GLOBAL_UNIT_ASSIGNED_CONTEXT((#2360,#2364,#2365))
REPRESENTATION_CONTEXT('','3D')
);
#2358=DIMENSIONAL_EXPONENTS(1.,0.,0.,0.,0.,0.,0.);
#2359=DIMENSIONAL_EXPONENTS(0.,1.,0.,0.,0.,0.,0.);
#2360=(
CONVERSION_BASED_UNIT('inch',#2363)
LENGTH_UNIT()
NAMED_UNIT(#2358)
);
#2361=(
LENGTH_UNIT()
NAMED_UNIT(*)
SI_UNIT(.MILLI.,.METRE.)
);
#2362=(
LENGTH_UNIT()
NAMED_UNIT(*)
SI_UNIT(.CENTI.,.METRE.)
);
#2363=LENGTH_MEASURE_WITH_UNIT(LENGTH_MEASURE(25.4),#2361);
#2364=(
NAMED_UNIT(*)
PLANE_ANGLE_UNIT()
SI_UNIT($,.RADIAN.)
);
#2365=(
NAMED_UNIT(*)
SI_UNIT($,.STERADIAN.)
SOLID_ANGLE_UNIT()
);
#2366=SHAPE_DEFINITION_REPRESENTATION(#2367,#2368);
#2367=PRODUCT_DEFINITION_SHAPE('',$,#2370);
#2368=SHAPE_REPRESENTATION('',(#1374),#2356);
#2369=PRODUCT_DEFINITION_CONTEXT('part definition',#2374,'design');
#2370=PRODUCT_DEFINITION('Side','Side',#2371,#2369);
#2371=PRODUCT_DEFINITION_FORMATION('2',$,#2376);
#2372=PRODUCT_RELATED_PRODUCT_CATEGORY('Side','Side',(#2376));
#2373=APPLICATION_PROTOCOL_DEFINITION('international standard',
'automotive_design',2009,#2374);
#2374=APPLICATION_CONTEXT(
'Core Data for Automotive Mechanical Design Process');
#2375=PRODUCT_CONTEXT('part definition',#2374,'mechanical');
#2376=PRODUCT('Side','Side',$,(#2375));
#2377=PRESENTATION_STYLE_ASSIGNMENT((#2378));
#2378=SURFACE_STYLE_USAGE(.BOTH.,#2379);
#2379=SURFACE_SIDE_STYLE('',(#2380));
#2380=SURFACE_STYLE_FILL_AREA(#2381);
#2381=FILL_AREA_STYLE('',(#2382));
#2382=FILL_AREA_STYLE_COLOUR('',#2383);
#2383=COLOUR_RGB('',0.592156862745098,0.117647058823529,0.);
ENDSEC;
END-ISO-10303-21;
